{
    "train_accuracy": 0.8588979591836735,
    "val_accuracy": 0.8158571428571428,
    "test_accuracy": 0.8122142857142857
}