nohup: ignoring input
2026-03-18 19:39:53,010	INFO worker.py:2013 -- Started a local Ray instance.
/home/b23cs1037/MLOps-Laksh-B23CS1037/.venv/lib/python3.10/site-packages/ray/_private/worker.py:2052: FutureWarning: Tip: In future versions of Ray, Ray will no longer override accelerator visible devices env var if num_gpus=0 or num_gpus=None (default). To enable this behavior and turn off this error message, set RAY_ACCEL_ENV_VAR_OVERRIDE_ON_ZERO=0
  warnings.warn(
[I 2026-03-18 19:39:54,232] A new study created in memory with name: optuna
[36m(train_tune pid=4176903)[0m /home/b23cs1037/MLOps-Laksh-B23CS1037/.venv/lib/python3.10/site-packages/ray/tune/trainable/trainable_fn_utils.py:41: RayDeprecationWarning: The `Checkpoint` class should be imported from `ray.tune` when passing it to `ray.tune.report` in a Tune function. Please update your imports. See this issue for more context and migration options: https://github.com/ray-project/ray/issues/49454. Disable these warnings by setting the environment variable: RAY_TRAIN_ENABLE_V2_MIGRATION_WARNINGS=0
[36m(train_tune pid=4176903)[0m   _log_deprecation_warning(
[36m(train_tune pid=4176903)[0m Checkpoint successfully created at: Checkpoint(filesystem=local, path=/home/b23cs1037/ray_results/train_tune_2026-03-18_19-39-54/train_tune_8756cff5_1_batch_size=64,d_ff=1024,d_model=512,dropout=0.3346,lr=0.0009,num_epochs=20,num_heads=4_2026-03-18_19-39-54/checkpoint_000000)
[36m(train_tune pid=4177024)[0m /home/b23cs1037/MLOps-Laksh-B23CS1037/.venv/lib/python3.10/site-packages/ray/tune/trainable/trainable_fn_utils.py:41: RayDeprecationWarning: The `Checkpoint` class should be imported from `ray.tune` when passing it to `ray.tune.report` in a Tune function. Please update your imports. See this issue for more context and migration options: https://github.com/ray-project/ray/issues/49454. Disable these warnings by setting the environment variable: RAY_TRAIN_ENABLE_V2_MIGRATION_WARNINGS=0
[36m(train_tune pid=4177024)[0m   _log_deprecation_warning(
[36m(train_tune pid=4177024)[0m Checkpoint successfully created at: Checkpoint(filesystem=local, path=/home/b23cs1037/ray_results/train_tune_2026-03-18_19-39-54/train_tune_14980f4a_2_batch_size=64,d_ff=1024,d_model=512,dropout=0.1887,lr=0.0003,num_epochs=20,num_heads=8_2026-03-18_19-39-58/checkpoint_000000)
[36m(train_tune pid=4177193)[0m /home/b23cs1037/MLOps-Laksh-B23CS1037/.venv/lib/python3.10/site-packages/ray/tune/trainable/trainable_fn_utils.py:41: RayDeprecationWarning: The `Checkpoint` class should be imported from `ray.tune` when passing it to `ray.tune.report` in a Tune function. Please update your imports. See this issue for more context and migration options: https://github.com/ray-project/ray/issues/49454. Disable these warnings by setting the environment variable: RAY_TRAIN_ENABLE_V2_MIGRATION_WARNINGS=0
[36m(train_tune pid=4177193)[0m   _log_deprecation_warning(
[36m(train_tune pid=4176903)[0m Checkpoint successfully created at: Checkpoint(filesystem=local, path=/home/b23cs1037/ray_results/train_tune_2026-03-18_19-39-54/train_tune_8756cff5_1_batch_size=64,d_ff=1024,d_model=512,dropout=0.3346,lr=0.0009,num_epochs=20,num_heads=4_2026-03-18_19-39-54/checkpoint_000001)[32m [repeated 2x across cluster] (Ray deduplicates logs by default. Set RAY_DEDUP_LOGS=0 to disable log deduplication, or see https://docs.ray.io/en/master/ray-observability/user-guides/configure-logging.html#log-deduplication for more options.)[0m
[36m(train_tune pid=4177024)[0m Checkpoint successfully created at: Checkpoint(filesystem=local, path=/home/b23cs1037/ray_results/train_tune_2026-03-18_19-39-54/train_tune_14980f4a_2_batch_size=64,d_ff=1024,d_model=512,dropout=0.1887,lr=0.0003,num_epochs=20,num_heads=8_2026-03-18_19-39-58/checkpoint_000001)
[36m(train_tune pid=4177193)[0m Checkpoint successfully created at: Checkpoint(filesystem=local, path=/home/b23cs1037/ray_results/train_tune_2026-03-18_19-39-54/train_tune_86b0c5b8_3_batch_size=64,d_ff=2048,d_model=512,dropout=0.2149,lr=0.0001,num_epochs=20,num_heads=8_2026-03-18_19-40-01/checkpoint_000001)
Loading data...
Data Loaded: 13186 pairs. EN Vocab: 4117, HI Vocab: 4044
Starting Ray Tune...
╭───────────────────────────────────────────────────────────────────╮
│ Configuration for experiment     train_tune_2026-03-18_19-39-54   │
├───────────────────────────────────────────────────────────────────┤
│ Search algorithm                 SearchGenerator                  │
│ Scheduler                        AsyncHyperBandScheduler          │
│ Number of trials                 20                               │
╰───────────────────────────────────────────────────────────────────╯

View detailed results here: /home/b23cs1037/ray_results/train_tune_2026-03-18_19-39-54
To visualize your results with TensorBoard, run: `tensorboard --logdir /tmp/ray/session_2026-03-18_19-39-49_605962_4172899/artifacts/2026-03-18_19-39-54/train_tune_2026-03-18_19-39-54/driver_artifacts`

Trial status: 1 PENDING
Current time: 2026-03-18 19:39:54. Total running time: 0s
Logical resource usage: 0/64 CPUs, 0/3 GPUs (0.0/1.0 accelerator_type:RTX)
╭────────────────────────────────────────────────────────────────────────────────────────────────╮
│ Trial name            status              lr     batch_size     num_heads     d_ff     dropout │
├────────────────────────────────────────────────────────────────────────────────────────────────┤
│ train_tune_8756cff5   PENDING    0.000920117             64             4     1024    0.334648 │
╰────────────────────────────────────────────────────────────────────────────────────────────────╯

Trial train_tune_8756cff5 started with configuration:
╭──────────────────────────────────────────────╮
│ Trial train_tune_8756cff5 config             │
├──────────────────────────────────────────────┤
│ batch_size                                64 │
│ d_ff                                    1024 │
│ d_model                                  512 │
│ dropout                              0.33465 │
│ lr                                   0.00092 │
│ num_epochs                                20 │
│ num_heads                                  4 │
╰──────────────────────────────────────────────╯

Trial train_tune_14980f4a started with configuration:
╭──────────────────────────────────────────────╮
│ Trial train_tune_14980f4a config             │
├──────────────────────────────────────────────┤
│ batch_size                                64 │
│ d_ff                                    1024 │
│ d_model                                  512 │
│ dropout                              0.18875 │
│ lr                                   0.00033 │
│ num_epochs                                20 │
│ num_heads                                  8 │
╰──────────────────────────────────────────────╯

Trial train_tune_86b0c5b8 started with configuration:
╭──────────────────────────────────────────────╮
│ Trial train_tune_86b0c5b8 config             │
├──────────────────────────────────────────────┤
│ batch_size                                64 │
│ d_ff                                    2048 │
│ d_model                                  512 │
│ dropout                              0.21491 │
│ lr                                     8e-05 │
│ num_epochs                                20 │
│ num_heads                                  8 │
╰──────────────────────────────────────────────╯

Trial status: 3 RUNNING | 1 PENDING
Current time: 2026-03-18 19:40:24. Total running time: 30s
Logical resource usage: 0/64 CPUs, 3.0/3 GPUs (0.0/1.0 accelerator_type:RTX)
╭─────────────────────────────────────────────────────────────────────────────────────────────────────────────────────────────────────────────────────────╮
│ Trial name            status              lr     batch_size     num_heads     d_ff     dropout     iter     total time (s)      loss     bleu      time │
├─────────────────────────────────────────────────────────────────────────────────────────────────────────────────────────────────────────────────────────┤
│ train_tune_8756cff5   RUNNING    0.000920117             64             4     1024    0.334648        1            23.0566   6.04497        0   21.3328 │
│ train_tune_14980f4a   RUNNING    0.000334695             64             8     1024    0.188747                                                          │
│ train_tune_86b0c5b8   RUNNING    7.68385e-05             64             8     2048    0.214906                                                          │
│ train_tune_647e4073   PENDING    2.46333e-05             64             4     2048    0.284054                                                          │
╰─────────────────────────────────────────────────────────────────────────────────────────────────────────────────────────────────────────────────────────╯
Trial status: 3 RUNNING | 1 PENDING
Current time: 2026-03-18 19:40:54. Total running time: 1min 0s
Logical resource usage: 0/64 CPUs, 3.0/3 GPUs (0.0/1.0 accelerator_type:RTX)
[36m(train_tune pid=4176903)[0m Checkpoint successfully created at: Checkpoint(filesystem=local, path=/home/b23cs1037/ray_results/train_tune_2026-03-18_19-39-54/train_tune_8756cff5_1_batch_size=64,d_ff=1024,d_model=512,dropout=0.3346,lr=0.0009,num_epochs=20,num_heads=4_2026-03-18_19-39-54/checkpoint_000002)
[36m(train_tune pid=4177193)[0m Checkpoint successfully created at: Checkpoint(filesystem=local, path=/home/b23cs1037/ray_results/train_tune_2026-03-18_19-39-54/train_tune_86b0c5b8_3_batch_size=64,d_ff=2048,d_model=512,dropout=0.2149,lr=0.0001,num_epochs=20,num_heads=8_2026-03-18_19-40-01/checkpoint_000002)
[36m(train_tune pid=4176903)[0m Checkpoint successfully created at: Checkpoint(filesystem=local, path=/home/b23cs1037/ray_results/train_tune_2026-03-18_19-39-54/train_tune_8756cff5_1_batch_size=64,d_ff=1024,d_model=512,dropout=0.3346,lr=0.0009,num_epochs=20,num_heads=4_2026-03-18_19-39-54/checkpoint_000003)[32m [repeated 2x across cluster][0m
[36m(train_tune pid=4177193)[0m Checkpoint successfully created at: Checkpoint(filesystem=local, path=/home/b23cs1037/ray_results/train_tune_2026-03-18_19-39-54/train_tune_86b0c5b8_3_batch_size=64,d_ff=2048,d_model=512,dropout=0.2149,lr=0.0001,num_epochs=20,num_heads=8_2026-03-18_19-40-01/checkpoint_000004)[32m [repeated 3x across cluster][0m
╭───────────────────────────────────────────────────────────────────────────────────────────────────────────────────────────────────────────────────────────╮
│ Trial name            status              lr     batch_size     num_heads     d_ff     dropout     iter     total time (s)      loss       bleu      time │
├───────────────────────────────────────────────────────────────────────────────────────────────────────────────────────────────────────────────────────────┤
│ train_tune_8756cff5   RUNNING    0.000920117             64             4     1024    0.334648        2            44.307    5.91671   0          42.5924 │
│ train_tune_14980f4a   RUNNING    0.000334695             64             8     1024    0.188747        2            46.8643   4.20641   0.119705   44.8874 │
│ train_tune_86b0c5b8   RUNNING    7.68385e-05             64             8     2048    0.214906        2            43.6029   4.56606   0.103521   41.5752 │
│ train_tune_647e4073   PENDING    2.46333e-05             64             4     2048    0.284054                                                            │
╰───────────────────────────────────────────────────────────────────────────────────────────────────────────────────────────────────────────────────────────╯
Trial status: 3 RUNNING | 1 PENDING
Current time: 2026-03-18 19:41:24. Total running time: 1min 30s
Logical resource usage: 0/64 CPUs, 3.0/3 GPUs (0.0/1.0 accelerator_type:RTX)
╭────────────────────────────────────────────────────────────────────────────────────────────────────────────────────────────────────────────────────────────╮
│ Trial name            status              lr     batch_size     num_heads     d_ff     dropout     iter     total time (s)      loss        bleu      time │
├────────────────────────────────────────────────────────────────────────────────────────────────────────────────────────────────────────────────────────────┤
│ train_tune_8756cff5   RUNNING    0.000920117             64             4     1024    0.334648        3            65.4866   5.90091   0           63.784  │
│ train_tune_14980f4a   RUNNING    0.000334695             64             8     1024    0.188747        3            69.1865   3.47224   0.403885    67.2254 │
│ train_tune_86b0c5b8   RUNNING    7.68385e-05             64             8     2048    0.214906        3            63.9761   4.10639   0.0998906   61.9576 │
│ train_tune_647e4073   PENDING    2.46333e-05             64             4     2048    0.284054                                                             │
╰────────────────────────────────────────────────────────────────────────────────────────────────────────────────────────────────────────────────────────────╯

Trial train_tune_8756cff5 completed after 5 iterations at 2026-03-18 19:41:53. Total running time: 1min 58s
╭────────────────────────────────────────────────────────╮
│ Trial train_tune_8756cff5 result                       │
├────────────────────────────────────────────────────────┤
│ checkpoint_dir_name                  checkpoint_000004 │
│ time_this_iter_s                              24.31394 │
│ time_total_s                                 114.81222 │
│ training_iteration                                   5 │
│ bleu                                            0.0019 │
│ loss                                           5.68365 │
│ time                                         113.12175 │
╰────────────────────────────────────────────────────────╯

Trial status: 1 TERMINATED | 2 RUNNING | 1 PENDING
Current time: 2026-03-18 19:41:54. Total running time: 2min 0s
Logical resource usage: 0/64 CPUs, 3.0/3 GPUs (0.0/1.0 accelerator_type:RTX)
[36m(train_tune pid=4177193)[0m Checkpoint successfully created at: Checkpoint(filesystem=local, path=/home/b23cs1037/ray_results/train_tune_2026-03-18_19-39-54/train_tune_86b0c5b8_3_batch_size=64,d_ff=2048,d_model=512,dropout=0.2149,lr=0.0001,num_epochs=20,num_heads=8_2026-03-18_19-40-01/checkpoint_000005)[32m [repeated 3x across cluster][0m
[36m(train_tune pid=4177024)[0m Checkpoint successfully created at: Checkpoint(filesystem=local, path=/home/b23cs1037/ray_results/train_tune_2026-03-18_19-39-54/train_tune_14980f4a_2_batch_size=64,d_ff=1024,d_model=512,dropout=0.1887,lr=0.0003,num_epochs=20,num_heads=8_2026-03-18_19-39-58/checkpoint_000005)
[36m(train_tune pid=4179869)[0m /home/b23cs1037/MLOps-Laksh-B23CS1037/.venv/lib/python3.10/site-packages/ray/tune/trainable/trainable_fn_utils.py:41: RayDeprecationWarning: The `Checkpoint` class should be imported from `ray.tune` when passing it to `ray.tune.report` in a Tune function. Please update your imports. See this issue for more context and migration options: https://github.com/ray-project/ray/issues/49454. Disable these warnings by setting the environment variable: RAY_TRAIN_ENABLE_V2_MIGRATION_WARNINGS=0
[36m(train_tune pid=4179869)[0m   _log_deprecation_warning(
[36m(train_tune pid=4179869)[0m Checkpoint successfully created at: Checkpoint(filesystem=local, path=/home/b23cs1037/ray_results/train_tune_2026-03-18_19-39-54/train_tune_647e4073_4_batch_size=64,d_ff=2048,d_model=512,dropout=0.2841,lr=0.0000,num_epochs=20,num_heads=4_2026-03-18_19-40-05/checkpoint_000000)
[36m(train_tune pid=4177193)[0m Checkpoint successfully created at: Checkpoint(filesystem=local, path=/home/b23cs1037/ray_results/train_tune_2026-03-18_19-39-54/train_tune_86b0c5b8_3_batch_size=64,d_ff=2048,d_model=512,dropout=0.2149,lr=0.0001,num_epochs=20,num_heads=8_2026-03-18_19-40-01/checkpoint_000006)
[36m(train_tune pid=4177024)[0m Checkpoint successfully created at: Checkpoint(filesystem=local, path=/home/b23cs1037/ray_results/train_tune_2026-03-18_19-39-54/train_tune_14980f4a_2_batch_size=64,d_ff=1024,d_model=512,dropout=0.1887,lr=0.0003,num_epochs=20,num_heads=8_2026-03-18_19-39-58/checkpoint_000006)
[36m(train_tune pid=4179869)[0m Checkpoint successfully created at: Checkpoint(filesystem=local, path=/home/b23cs1037/ray_results/train_tune_2026-03-18_19-39-54/train_tune_647e4073_4_batch_size=64,d_ff=2048,d_model=512,dropout=0.2841,lr=0.0000,num_epochs=20,num_heads=4_2026-03-18_19-40-05/checkpoint_000001)
[36m(train_tune pid=4177193)[0m Checkpoint successfully created at: Checkpoint(filesystem=local, path=/home/b23cs1037/ray_results/train_tune_2026-03-18_19-39-54/train_tune_86b0c5b8_3_batch_size=64,d_ff=2048,d_model=512,dropout=0.2149,lr=0.0001,num_epochs=20,num_heads=8_2026-03-18_19-40-01/checkpoint_000007)
╭────────────────────────────────────────────────────────────────────────────────────────────────────────────────────────────────────────────────────────────────╮
│ Trial name            status                lr     batch_size     num_heads     d_ff     dropout     iter     total time (s)      loss         bleu       time │
├────────────────────────────────────────────────────────────────────────────────────────────────────────────────────────────────────────────────────────────────┤
│ train_tune_14980f4a   RUNNING      0.000334695             64             8     1024    0.188747        4            91.7303   2.92307   0.316085      89.7738 │
│ train_tune_86b0c5b8   RUNNING      7.68385e-05             64             8     2048    0.214906        5           105.059    3.49615   0.108911     103.044  │
│ train_tune_8756cff5   TERMINATED   0.000920117             64             4     1024    0.334648        5           114.812    5.68365   0.00190234   113.122  │
│ train_tune_647e4073   PENDING      2.46333e-05             64             4     2048    0.284054                                                               │
╰────────────────────────────────────────────────────────────────────────────────────────────────────────────────────────────────────────────────────────────────╯

Trial train_tune_647e4073 started with configuration:
╭──────────────────────────────────────────────╮
│ Trial train_tune_647e4073 config             │
├──────────────────────────────────────────────┤
│ batch_size                                64 │
│ d_ff                                    2048 │
│ d_model                                  512 │
│ dropout                              0.28405 │
│ lr                                     2e-05 │
│ num_epochs                                20 │
│ num_heads                                  4 │
╰──────────────────────────────────────────────╯

Trial status: 1 TERMINATED | 3 RUNNING | 1 PENDING
Current time: 2026-03-18 19:42:24. Total running time: 2min 30s
Logical resource usage: 0/64 CPUs, 3.0/3 GPUs (0.0/1.0 accelerator_type:RTX)
╭───────────────────────────────────────────────────────────────────────────────────────────────────────────────────────────────────────────────────────────────╮
│ Trial name            status                lr     batch_size     num_heads     d_ff     dropout     iter     total time (s)      loss         bleu      time │
├───────────────────────────────────────────────────────────────────────────────────────────────────────────────────────────────────────────────────────────────┤
│ train_tune_14980f4a   RUNNING      0.000334695             64             8     1024    0.188747        6            136.305   2.07546   0.724396     134.367 │
│ train_tune_86b0c5b8   RUNNING      7.68385e-05             64             8     2048    0.214906        6            125.688   3.25059   0.171315     123.71  │
│ train_tune_647e4073   RUNNING      2.46333e-05             64             4     2048    0.284054                                                              │
│ train_tune_8756cff5   TERMINATED   0.000920117             64             4     1024    0.334648        5            114.812   5.68365   0.00190234   113.122 │
│ train_tune_371d6e86   PENDING      0.000273832             16             4     1024    0.170142                                                              │
╰───────────────────────────────────────────────────────────────────────────────────────────────────────────────────────────────────────────────────────────────╯
Trial status: 1 TERMINATED | 3 RUNNING | 1 PENDING
Current time: 2026-03-18 19:42:54. Total running time: 3min 0s
Logical resource usage: 0/64 CPUs, 3.0/3 GPUs (0.0/1.0 accelerator_type:RTX)
[36m(train_tune pid=4177024)[0m Checkpoint successfully created at: Checkpoint(filesystem=local, path=/home/b23cs1037/ray_results/train_tune_2026-03-18_19-39-54/train_tune_14980f4a_2_batch_size=64,d_ff=1024,d_model=512,dropout=0.1887,lr=0.0003,num_epochs=20,num_heads=8_2026-03-18_19-39-58/checkpoint_000007)
[36m(train_tune pid=4177193)[0m Checkpoint successfully created at: Checkpoint(filesystem=local, path=/home/b23cs1037/ray_results/train_tune_2026-03-18_19-39-54/train_tune_86b0c5b8_3_batch_size=64,d_ff=2048,d_model=512,dropout=0.2149,lr=0.0001,num_epochs=20,num_heads=8_2026-03-18_19-40-01/checkpoint_000008)
[36m(train_tune pid=4177024)[0m Checkpoint successfully created at: Checkpoint(filesystem=local, path=/home/b23cs1037/ray_results/train_tune_2026-03-18_19-39-54/train_tune_14980f4a_2_batch_size=64,d_ff=1024,d_model=512,dropout=0.1887,lr=0.0003,num_epochs=20,num_heads=8_2026-03-18_19-39-58/checkpoint_000008)[32m [repeated 2x across cluster][0m
[36m(train_tune pid=4177193)[0m Checkpoint successfully created at: Checkpoint(filesystem=local, path=/home/b23cs1037/ray_results/train_tune_2026-03-18_19-39-54/train_tune_86b0c5b8_3_batch_size=64,d_ff=2048,d_model=512,dropout=0.2149,lr=0.0001,num_epochs=20,num_heads=8_2026-03-18_19-40-01/checkpoint_000009)
[36m(train_tune pid=4179869)[0m Checkpoint successfully created at: Checkpoint(filesystem=local, path=/home/b23cs1037/ray_results/train_tune_2026-03-18_19-39-54/train_tune_647e4073_4_batch_size=64,d_ff=2048,d_model=512,dropout=0.2841,lr=0.0000,num_epochs=20,num_heads=4_2026-03-18_19-40-05/checkpoint_000003)
[36m(train_tune pid=4177024)[0m Checkpoint successfully created at: Checkpoint(filesystem=local, path=/home/b23cs1037/ray_results/train_tune_2026-03-18_19-39-54/train_tune_14980f4a_2_batch_size=64,d_ff=1024,d_model=512,dropout=0.1887,lr=0.0003,num_epochs=20,num_heads=8_2026-03-18_19-39-58/checkpoint_000009)
[36m(train_tune pid=4177193)[0m Checkpoint successfully created at: Checkpoint(filesystem=local, path=/home/b23cs1037/ray_results/train_tune_2026-03-18_19-39-54/train_tune_86b0c5b8_3_batch_size=64,d_ff=2048,d_model=512,dropout=0.2149,lr=0.0001,num_epochs=20,num_heads=8_2026-03-18_19-40-01/checkpoint_000010)
╭────────────────────────────────────────────────────────────────────────────────────────────────────────────────────────────────────────────────────────────────╮
│ Trial name            status                lr     batch_size     num_heads     d_ff     dropout     iter     total time (s)      loss         bleu       time │
├────────────────────────────────────────────────────────────────────────────────────────────────────────────────────────────────────────────────────────────────┤
│ train_tune_14980f4a   RUNNING      0.000334695             64             8     1024    0.188747        7           158.602    1.75528   0.387117     156.67   │
│ train_tune_86b0c5b8   RUNNING      7.68385e-05             64             8     2048    0.214906        8           167.062    2.84569   0.421916     165.083  │
│ train_tune_647e4073   RUNNING      2.46333e-05             64             4     2048    0.284054        2            53.4169   5.31263   0.0508068     51.3777 │
│ train_tune_8756cff5   TERMINATED   0.000920117             64             4     1024    0.334648        5           114.812    5.68365   0.00190234   113.122  │
│ train_tune_371d6e86   PENDING      0.000273832             16             4     1024    0.170142                                                               │
╰────────────────────────────────────────────────────────────────────────────────────────────────────────────────────────────────────────────────────────────────╯
Trial status: 1 TERMINATED | 3 RUNNING | 1 PENDING
Current time: 2026-03-18 19:43:24. Total running time: 3min 30s
Logical resource usage: 0/64 CPUs, 3.0/3 GPUs (0.0/1.0 accelerator_type:RTX)
╭───────────────────────────────────────────────────────────────────────────────────────────────────────────────────────────────────────────────────────────────╮
│ Trial name            status                lr     batch_size     num_heads     d_ff     dropout     iter     total time (s)      loss         bleu      time │
├───────────────────────────────────────────────────────────────────────────────────────────────────────────────────────────────────────────────────────────────┤
│ train_tune_14980f4a   RUNNING      0.000334695             64             8     1024    0.188747        8            180.791   1.48975   0.724366     178.858 │
│ train_tune_86b0c5b8   RUNNING      7.68385e-05             64             8     2048    0.214906        9            187.817   2.65078   0.414702     185.845 │
│ train_tune_647e4073   RUNNING      2.46333e-05             64             4     2048    0.284054        3             78.856   4.99246   0.0839745     76.8   │
│ train_tune_8756cff5   TERMINATED   0.000920117             64             4     1024    0.334648        5            114.812   5.68365   0.00190234   113.122 │
│ train_tune_371d6e86   PENDING      0.000273832             16             4     1024    0.170142                                                              │
╰───────────────────────────────────────────────────────────────────────────────────────────────────────────────────────────────────────────────────────────────╯
Trial status: 1 TERMINATED | 3 RUNNING | 1 PENDING
Current time: 2026-03-18 19:43:54. Total running time: 4min 0s
Logical resource usage: 0/64 CPUs, 3.0/3 GPUs (0.0/1.0 accelerator_type:RTX)
╭───────────────────────────────────────────────────────────────────────────────────────────────────────────────────────────────────────────────────────────────╮
│ Trial name            status                lr     batch_size     num_heads     d_ff     dropout     iter     total time (s)      loss         bleu      time │
├───────────────────────────────────────────────────────────────────────────────────────────────────────────────────────────────────────────────────────────────┤
│ train_tune_14980f4a   RUNNING      0.000334695             64             8     1024    0.188747       10            225.292   1.09367   0.538704     223.382 │
│ train_tune_86b0c5b8   RUNNING      7.68385e-05             64             8     2048    0.214906       11            228.72    2.3357    0.210755     226.767 │
│ train_tune_647e4073   RUNNING      2.46333e-05             64             4     2048    0.284054        4            104.272   4.75608   0.0922463    102.227 │
│ train_tune_8756cff5   TERMINATED   0.000920117             64             4     1024    0.334648        5            114.812   5.68365   0.00190234   113.122 │
│ train_tune_371d6e86   PENDING      0.000273832             16             4     1024    0.170142                                                              │
╰───────────────────────────────────────────────────────────────────────────────────────────────────────────────────────────────────────────────────────────────╯

Trial train_tune_647e4073 completed after 5 iterations at 2026-03-18 19:44:07. Total running time: 4min 13s
[36m(train_tune pid=4179869)[0m Checkpoint successfully created at: Checkpoint(filesystem=local, path=/home/b23cs1037/ray_results/train_tune_2026-03-18_19-39-54/train_tune_647e4073_4_batch_size=64,d_ff=2048,d_model=512,dropout=0.2841,lr=0.0000,num_epochs=20,num_heads=4_2026-03-18_19-40-05/checkpoint_000004)
[36m(train_tune pid=4177024)[0m Checkpoint successfully created at: Checkpoint(filesystem=local, path=/home/b23cs1037/ray_results/train_tune_2026-03-18_19-39-54/train_tune_14980f4a_2_batch_size=64,d_ff=1024,d_model=512,dropout=0.1887,lr=0.0003,num_epochs=20,num_heads=8_2026-03-18_19-39-58/checkpoint_000010)
[36m(train_tune pid=4177193)[0m Checkpoint successfully created at: Checkpoint(filesystem=local, path=/home/b23cs1037/ray_results/train_tune_2026-03-18_19-39-54/train_tune_86b0c5b8_3_batch_size=64,d_ff=2048,d_model=512,dropout=0.2149,lr=0.0001,num_epochs=20,num_heads=8_2026-03-18_19-40-01/checkpoint_000011)
[36m(train_tune pid=4177024)[0m Checkpoint successfully created at: Checkpoint(filesystem=local, path=/home/b23cs1037/ray_results/train_tune_2026-03-18_19-39-54/train_tune_14980f4a_2_batch_size=64,d_ff=1024,d_model=512,dropout=0.1887,lr=0.0003,num_epochs=20,num_heads=8_2026-03-18_19-39-58/checkpoint_000011)
[36m(train_tune pid=4177024)[0m Checkpoint successfully created at: Checkpoint(filesystem=local, path=/home/b23cs1037/ray_results/train_tune_2026-03-18_19-39-54/train_tune_14980f4a_2_batch_size=64,d_ff=1024,d_model=512,dropout=0.1887,lr=0.0003,num_epochs=20,num_heads=8_2026-03-18_19-39-58/checkpoint_000012)[32m [repeated 2x across cluster][0m
[36m(train_tune pid=4180849)[0m /home/b23cs1037/MLOps-Laksh-B23CS1037/.venv/lib/python3.10/site-packages/ray/tune/trainable/trainable_fn_utils.py:41: RayDeprecationWarning: The `Checkpoint` class should be imported from `ray.tune` when passing it to `ray.tune.report` in a Tune function. Please update your imports. See this issue for more context and migration options: https://github.com/ray-project/ray/issues/49454. Disable these warnings by setting the environment variable: RAY_TRAIN_ENABLE_V2_MIGRATION_WARNINGS=0
[36m(train_tune pid=4180849)[0m   _log_deprecation_warning(
[36m(train_tune pid=4177193)[0m Checkpoint successfully created at: Checkpoint(filesystem=local, path=/home/b23cs1037/ray_results/train_tune_2026-03-18_19-39-54/train_tune_86b0c5b8_3_batch_size=64,d_ff=2048,d_model=512,dropout=0.2149,lr=0.0001,num_epochs=20,num_heads=8_2026-03-18_19-40-01/checkpoint_000013)
[36m(train_tune pid=4180849)[0m Checkpoint successfully created at: Checkpoint(filesystem=local, path=/home/b23cs1037/ray_results/train_tune_2026-03-18_19-39-54/train_tune_371d6e86_5_batch_size=16,d_ff=1024,d_model=512,dropout=0.1701,lr=0.0003,num_epochs=20,num_heads=4_2026-03-18_19-41-57/checkpoint_000000)
[36m(train_tune pid=4177024)[0m Checkpoint successfully created at: Checkpoint(filesystem=local, path=/home/b23cs1037/ray_results/train_tune_2026-03-18_19-39-54/train_tune_14980f4a_2_batch_size=64,d_ff=1024,d_model=512,dropout=0.1887,lr=0.0003,num_epochs=20,num_heads=8_2026-03-18_19-39-58/checkpoint_000013)
[36m(train_tune pid=4177193)[0m Checkpoint successfully created at: Checkpoint(filesystem=local, path=/home/b23cs1037/ray_results/train_tune_2026-03-18_19-39-54/train_tune_86b0c5b8_3_batch_size=64,d_ff=2048,d_model=512,dropout=0.2149,lr=0.0001,num_epochs=20,num_heads=8_2026-03-18_19-40-01/checkpoint_000014)
╭────────────────────────────────────────────────────────╮
│ Trial train_tune_647e4073 result                       │
├────────────────────────────────────────────────────────┤
│ checkpoint_dir_name                  checkpoint_000004 │
│ time_this_iter_s                              25.86159 │
│ time_total_s                                 130.13319 │
│ training_iteration                                   5 │
│ bleu                                           0.10088 │
│ loss                                           4.56362 │
│ time                                          128.0967 │
╰────────────────────────────────────────────────────────╯

Trial train_tune_371d6e86 started with configuration:
╭──────────────────────────────────────────────╮
│ Trial train_tune_371d6e86 config             │
├──────────────────────────────────────────────┤
│ batch_size                                16 │
│ d_ff                                    1024 │
│ d_model                                  512 │
│ dropout                              0.17014 │
│ lr                                   0.00027 │
│ num_epochs                                20 │
│ num_heads                                  4 │
╰──────────────────────────────────────────────╯

Trial status: 2 TERMINATED | 3 RUNNING | 1 PENDING
Current time: 2026-03-18 19:44:24. Total running time: 4min 30s
Logical resource usage: 0/64 CPUs, 3.0/3 GPUs (0.0/1.0 accelerator_type:RTX)
╭────────────────────────────────────────────────────────────────────────────────────────────────────────────────────────────────────────────────────────────────╮
│ Trial name            status                lr     batch_size     num_heads     d_ff     dropout     iter     total time (s)       loss         bleu      time │
├────────────────────────────────────────────────────────────────────────────────────────────────────────────────────────────────────────────────────────────────┤
│ train_tune_14980f4a   RUNNING      0.000334695             64             8     1024    0.188747       11            247.904   0.933726   0.903753     245.997 │
│ train_tune_86b0c5b8   RUNNING      7.68385e-05             64             8     2048    0.214906       12            249.377   2.17882    0.191707     247.431 │
│ train_tune_371d6e86   RUNNING      0.000273832             16             4     1024    0.170142                                                               │
│ train_tune_8756cff5   TERMINATED   0.000920117             64             4     1024    0.334648        5            114.812   5.68365    0.00190234   113.122 │
│ train_tune_647e4073   TERMINATED   2.46333e-05             64             4     2048    0.284054        5            130.133   4.56362    0.100881     128.097 │
│ train_tune_54c2cf1c   PENDING      0.000198462             32             4     1024    0.337471                                                               │
╰────────────────────────────────────────────────────────────────────────────────────────────────────────────────────────────────────────────────────────────────╯
Trial status: 2 TERMINATED | 3 RUNNING | 1 PENDING
Current time: 2026-03-18 19:44:54. Total running time: 5min 0s
Logical resource usage: 0/64 CPUs, 3.0/3 GPUs (0.0/1.0 accelerator_type:RTX)
╭────────────────────────────────────────────────────────────────────────────────────────────────────────────────────────────────────────────────────────────────╮
│ Trial name            status                lr     batch_size     num_heads     d_ff     dropout     iter     total time (s)       loss         bleu      time │
├────────────────────────────────────────────────────────────────────────────────────────────────────────────────────────────────────────────────────────────────┤
│ train_tune_14980f4a   RUNNING      0.000334695             64             8     1024    0.188747       13            292.748   0.717536   0.632984     290.86  │
│ train_tune_86b0c5b8   RUNNING      7.68385e-05             64             8     2048    0.214906       13            269.939   2.03978    0.39819      267.972 │
│ train_tune_371d6e86   RUNNING      0.000273832             16             4     1024    0.170142                                                               │
│ train_tune_8756cff5   TERMINATED   0.000920117             64             4     1024    0.334648        5            114.812   5.68365    0.00190234   113.122 │
│ train_tune_647e4073   TERMINATED   2.46333e-05             64             4     2048    0.284054        5            130.133   4.56362    0.100881     128.097 │
│ train_tune_54c2cf1c   PENDING      0.000198462             32             4     1024    0.337471                                                               │
╰────────────────────────────────────────────────────────────────────────────────────────────────────────────────────────────────────────────────────────────────╯
Trial status: 2 TERMINATED | 3 RUNNING | 1 PENDING
Current time: 2026-03-18 19:45:24. Total running time: 5min 30s
Logical resource usage: 0/64 CPUs, 3.0/3 GPUs (0.0/1.0 accelerator_type:RTX)
[36m(train_tune pid=4177193)[0m Checkpoint successfully created at: Checkpoint(filesystem=local, path=/home/b23cs1037/ray_results/train_tune_2026-03-18_19-39-54/train_tune_86b0c5b8_3_batch_size=64,d_ff=2048,d_model=512,dropout=0.2149,lr=0.0001,num_epochs=20,num_heads=8_2026-03-18_19-40-01/checkpoint_000015)
[36m(train_tune pid=4177024)[0m Checkpoint successfully created at: Checkpoint(filesystem=local, path=/home/b23cs1037/ray_results/train_tune_2026-03-18_19-39-54/train_tune_14980f4a_2_batch_size=64,d_ff=1024,d_model=512,dropout=0.1887,lr=0.0003,num_epochs=20,num_heads=8_2026-03-18_19-39-58/checkpoint_000014)
[36m(train_tune pid=4177193)[0m Checkpoint successfully created at: Checkpoint(filesystem=local, path=/home/b23cs1037/ray_results/train_tune_2026-03-18_19-39-54/train_tune_86b0c5b8_3_batch_size=64,d_ff=2048,d_model=512,dropout=0.2149,lr=0.0001,num_epochs=20,num_heads=8_2026-03-18_19-40-01/checkpoint_000016)
[36m(train_tune pid=4177024)[0m Checkpoint successfully created at: Checkpoint(filesystem=local, path=/home/b23cs1037/ray_results/train_tune_2026-03-18_19-39-54/train_tune_14980f4a_2_batch_size=64,d_ff=1024,d_model=512,dropout=0.1887,lr=0.0003,num_epochs=20,num_heads=8_2026-03-18_19-39-58/checkpoint_000015)
[36m(train_tune pid=4177193)[0m Checkpoint successfully created at: Checkpoint(filesystem=local, path=/home/b23cs1037/ray_results/train_tune_2026-03-18_19-39-54/train_tune_86b0c5b8_3_batch_size=64,d_ff=2048,d_model=512,dropout=0.2149,lr=0.0001,num_epochs=20,num_heads=8_2026-03-18_19-40-01/checkpoint_000017)[32m [repeated 2x across cluster][0m
[36m(train_tune pid=4177024)[0m Checkpoint successfully created at: Checkpoint(filesystem=local, path=/home/b23cs1037/ray_results/train_tune_2026-03-18_19-39-54/train_tune_14980f4a_2_batch_size=64,d_ff=1024,d_model=512,dropout=0.1887,lr=0.0003,num_epochs=20,num_heads=8_2026-03-18_19-39-58/checkpoint_000016)
╭────────────────────────────────────────────────────────────────────────────────────────────────────────────────────────────────────────────────────────────────╮
│ Trial name            status                lr     batch_size     num_heads     d_ff     dropout     iter     total time (s)       loss         bleu      time │
├────────────────────────────────────────────────────────────────────────────────────────────────────────────────────────────────────────────────────────────────┤
│ train_tune_14980f4a   RUNNING      0.000334695             64             8     1024    0.188747       14           315.204    0.625351   0.797535     313.327 │
│ train_tune_86b0c5b8   RUNNING      7.68385e-05             64             8     2048    0.214906       15           311.258    1.77688    0.3922       309.334 │
│ train_tune_371d6e86   RUNNING      0.000273832             16             4     1024    0.170142        1            58.2697   5.13191    0.0107117     56.244 │
│ train_tune_8756cff5   TERMINATED   0.000920117             64             4     1024    0.334648        5           114.812    5.68365    0.00190234   113.122 │
│ train_tune_647e4073   TERMINATED   2.46333e-05             64             4     2048    0.284054        5           130.133    4.56362    0.100881     128.097 │
│ train_tune_54c2cf1c   PENDING      0.000198462             32             4     1024    0.337471                                                               │
╰────────────────────────────────────────────────────────────────────────────────────────────────────────────────────────────────────────────────────────────────╯
Trial status: 2 TERMINATED | 3 RUNNING | 1 PENDING
Current time: 2026-03-18 19:45:54. Total running time: 6min 0s
Logical resource usage: 0/64 CPUs, 3.0/3 GPUs (0.0/1.0 accelerator_type:RTX)
╭────────────────────────────────────────────────────────────────────────────────────────────────────────────────────────────────────────────────────────────────╮
│ Trial name            status                lr     batch_size     num_heads     d_ff     dropout     iter     total time (s)       loss         bleu      time │
├────────────────────────────────────────────────────────────────────────────────────────────────────────────────────────────────────────────────────────────────┤
│ train_tune_14980f4a   RUNNING      0.000334695             64             8     1024    0.188747       15           337.483    0.565137   0.325526     335.616 │
│ train_tune_86b0c5b8   RUNNING      7.68385e-05             64             8     2048    0.214906       16           331.911    1.65625    0.216965     330.017 │
│ train_tune_371d6e86   RUNNING      0.000273832             16             4     1024    0.170142        1            58.2697   5.13191    0.0107117     56.244 │
│ train_tune_8756cff5   TERMINATED   0.000920117             64             4     1024    0.334648        5           114.812    5.68365    0.00190234   113.122 │
│ train_tune_647e4073   TERMINATED   2.46333e-05             64             4     2048    0.284054        5           130.133    4.56362    0.100881     128.097 │
│ train_tune_54c2cf1c   PENDING      0.000198462             32             4     1024    0.337471                                                               │
╰────────────────────────────────────────────────────────────────────────────────────────────────────────────────────────────────────────────────────────────────╯
Trial status: 2 TERMINATED | 3 RUNNING | 1 PENDING
Current time: 2026-03-18 19:46:25. Total running time: 6min 30s
Logical resource usage: 0/64 CPUs, 3.0/3 GPUs (0.0/1.0 accelerator_type:RTX)
[36m(train_tune pid=4177193)[0m Checkpoint successfully created at: Checkpoint(filesystem=local, path=/home/b23cs1037/ray_results/train_tune_2026-03-18_19-39-54/train_tune_86b0c5b8_3_batch_size=64,d_ff=2048,d_model=512,dropout=0.2149,lr=0.0001,num_epochs=20,num_heads=8_2026-03-18_19-40-01/checkpoint_000018)
[36m(train_tune pid=4177024)[0m Checkpoint successfully created at: Checkpoint(filesystem=local, path=/home/b23cs1037/ray_results/train_tune_2026-03-18_19-39-54/train_tune_14980f4a_2_batch_size=64,d_ff=1024,d_model=512,dropout=0.1887,lr=0.0003,num_epochs=20,num_heads=8_2026-03-18_19-39-58/checkpoint_000017)
[36m(train_tune pid=4177193)[0m Checkpoint successfully created at: Checkpoint(filesystem=local, path=/home/b23cs1037/ray_results/train_tune_2026-03-18_19-39-54/train_tune_86b0c5b8_3_batch_size=64,d_ff=2048,d_model=512,dropout=0.2149,lr=0.0001,num_epochs=20,num_heads=8_2026-03-18_19-40-01/checkpoint_000019)
[36m(train_tune pid=4177024)[0m Checkpoint successfully created at: Checkpoint(filesystem=local, path=/home/b23cs1037/ray_results/train_tune_2026-03-18_19-39-54/train_tune_14980f4a_2_batch_size=64,d_ff=1024,d_model=512,dropout=0.1887,lr=0.0003,num_epochs=20,num_heads=8_2026-03-18_19-39-58/checkpoint_000018)[32m [repeated 2x across cluster][0m
╭────────────────────────────────────────────────────────────────────────────────────────────────────────────────────────────────────────────────────────────────╮
│ Trial name            status                lr     batch_size     num_heads     d_ff     dropout     iter     total time (s)       loss         bleu      time │
├────────────────────────────────────────────────────────────────────────────────────────────────────────────────────────────────────────────────────────────────┤
│ train_tune_14980f4a   RUNNING      0.000334695             64             8     1024    0.188747       17            382.084   0.485125   0.524722     380.228 │
│ train_tune_86b0c5b8   RUNNING      7.68385e-05             64             8     2048    0.214906       18            372.817   1.43866    0.58977      370.893 │
│ train_tune_371d6e86   RUNNING      0.000273832             16             4     1024    0.170142        2            114.765   4.15435    0.100881     112.781 │
│ train_tune_8756cff5   TERMINATED   0.000920117             64             4     1024    0.334648        5            114.812   5.68365    0.00190234   113.122 │
│ train_tune_647e4073   TERMINATED   2.46333e-05             64             4     2048    0.284054        5            130.133   4.56362    0.100881     128.097 │
│ train_tune_54c2cf1c   PENDING      0.000198462             32             4     1024    0.337471                                                               │
╰────────────────────────────────────────────────────────────────────────────────────────────────────────────────────────────────────────────────────────────────╯
Trial status: 2 TERMINATED | 3 RUNNING | 1 PENDING
Current time: 2026-03-18 19:46:55. Total running time: 7min 0s
Logical resource usage: 0/64 CPUs, 3.0/3 GPUs (0.0/1.0 accelerator_type:RTX)
╭────────────────────────────────────────────────────────────────────────────────────────────────────────────────────────────────────────────────────────────────╮
│ Trial name            status                lr     batch_size     num_heads     d_ff     dropout     iter     total time (s)       loss         bleu      time │
├────────────────────────────────────────────────────────────────────────────────────────────────────────────────────────────────────────────────────────────────┤
│ train_tune_14980f4a   RUNNING      0.000334695             64             8     1024    0.188747       18            404.568   0.436542   0.587589     402.722 │
│ train_tune_86b0c5b8   RUNNING      7.68385e-05             64             8     2048    0.214906       19            393.523   1.34124    0.193751     391.656 │
│ train_tune_371d6e86   RUNNING      0.000273832             16             4     1024    0.170142        2            114.765   4.15435    0.100881     112.781 │
│ train_tune_8756cff5   TERMINATED   0.000920117             64             4     1024    0.334648        5            114.812   5.68365    0.00190234   113.122 │
│ train_tune_647e4073   TERMINATED   2.46333e-05             64             4     2048    0.284054        5            130.133   4.56362    0.100881     128.097 │
│ train_tune_54c2cf1c   PENDING      0.000198462             32             4     1024    0.337471                                                               │
╰────────────────────────────────────────────────────────────────────────────────────────────────────────────────────────────────────────────────────────────────╯

Trial train_tune_86b0c5b8 completed after 20 iterations at 2026-03-18 19:47:00. Total running time: 7min 5s
╭────────────────────────────────────────────────────────╮
│ Trial train_tune_86b0c5b8 result                       │
├────────────────────────────────────────────────────────┤
│ checkpoint_dir_name                  checkpoint_000019 │
│ time_this_iter_s                               20.6445 │
│ time_total_s                                 414.16729 │
│ training_iteration                                  20 │
│ bleu                                           0.44044 │
│ loss                                           1.24991 │
│ time                                         412.28075 │
╰────────────────────────────────────────────────────────╯

Trial train_tune_54c2cf1c started with configuration:
╭──────────────────────────────────────────────╮
│ Trial train_tune_54c2cf1c config             │
├──────────────────────────────────────────────┤
│ batch_size                                32 │
│ d_ff                                    1024 │
│ d_model                                  512 │
│ dropout                              0.33747 │
│ lr                                    0.0002 │
│ num_epochs                                20 │
│ num_heads                                  4 │
╰──────────────────────────────────────────────╯

Trial status: 3 TERMINATED | 3 RUNNING | 1 PENDING
Current time: 2026-03-18 19:47:25. Total running time: 7min 30s
Logical resource usage: 0/64 CPUs, 3.0/3 GPUs (0.0/1.0 accelerator_type:RTX)
[36m(train_tune pid=4177024)[0m Checkpoint successfully created at: Checkpoint(filesystem=local, path=/home/b23cs1037/ray_results/train_tune_2026-03-18_19-39-54/train_tune_14980f4a_2_batch_size=64,d_ff=1024,d_model=512,dropout=0.1887,lr=0.0003,num_epochs=20,num_heads=8_2026-03-18_19-39-58/checkpoint_000019)
[36m(train_tune pid=4181616)[0m /home/b23cs1037/MLOps-Laksh-B23CS1037/.venv/lib/python3.10/site-packages/ray/tune/trainable/trainable_fn_utils.py:41: RayDeprecationWarning: The `Checkpoint` class should be imported from `ray.tune` when passing it to `ray.tune.report` in a Tune function. Please update your imports. See this issue for more context and migration options: https://github.com/ray-project/ray/issues/49454. Disable these warnings by setting the environment variable: RAY_TRAIN_ENABLE_V2_MIGRATION_WARNINGS=0
[36m(train_tune pid=4181616)[0m   _log_deprecation_warning(
[36m(train_tune pid=4181616)[0m Checkpoint successfully created at: Checkpoint(filesystem=local, path=/home/b23cs1037/ray_results/train_tune_2026-03-18_19-39-54/train_tune_54c2cf1c_6_batch_size=32,d_ff=1024,d_model=512,dropout=0.3375,lr=0.0002,num_epochs=20,num_heads=4_2026-03-18_19-44-11/checkpoint_000000)
[36m(train_tune pid=4180849)[0m Checkpoint successfully created at: Checkpoint(filesystem=local, path=/home/b23cs1037/ray_results/train_tune_2026-03-18_19-39-54/train_tune_371d6e86_5_batch_size=16,d_ff=1024,d_model=512,dropout=0.1701,lr=0.0003,num_epochs=20,num_heads=4_2026-03-18_19-41-57/checkpoint_000003)
[36m(train_tune pid=4181616)[0m Checkpoint successfully created at: Checkpoint(filesystem=local, path=/home/b23cs1037/ray_results/train_tune_2026-03-18_19-39-54/train_tune_54c2cf1c_6_batch_size=32,d_ff=1024,d_model=512,dropout=0.3375,lr=0.0002,num_epochs=20,num_heads=4_2026-03-18_19-44-11/checkpoint_000001)
[36m(train_tune pid=4181769)[0m /home/b23cs1037/MLOps-Laksh-B23CS1037/.venv/lib/python3.10/site-packages/ray/tune/trainable/trainable_fn_utils.py:41: RayDeprecationWarning: The `Checkpoint` class should be imported from `ray.tune` when passing it to `ray.tune.report` in a Tune function. Please update your imports. See this issue for more context and migration options: https://github.com/ray-project/ray/issues/49454. Disable these warnings by setting the environment variable: RAY_TRAIN_ENABLE_V2_MIGRATION_WARNINGS=0
[36m(train_tune pid=4181769)[0m   _log_deprecation_warning(
╭───────────────────────────────────────────────────────────────────────────────────────────────────────────────────────────────────────────────────────────────╮
│ Trial name            status                lr     batch_size     num_heads     d_ff     dropout     iter     total time (s)      loss         bleu      time │
├───────────────────────────────────────────────────────────────────────────────────────────────────────────────────────────────────────────────────────────────┤
│ train_tune_14980f4a   RUNNING      0.000334695             64             8     1024    0.188747       19            427.146   0.42393   0.640631     425.307 │
│ train_tune_371d6e86   RUNNING      0.000273832             16             4     1024    0.170142        3            172.613   3.57091   0.103896     170.633 │
│ train_tune_54c2cf1c   RUNNING      0.000198462             32             4     1024    0.337471                                                              │
│ train_tune_8756cff5   TERMINATED   0.000920117             64             4     1024    0.334648        5            114.812   5.68365   0.00190234   113.122 │
│ train_tune_86b0c5b8   TERMINATED   7.68385e-05             64             8     2048    0.214906       20            414.167   1.24991   0.440445     412.281 │
│ train_tune_647e4073   TERMINATED   2.46333e-05             64             4     2048    0.284054        5            130.133   4.56362   0.100881     128.097 │
│ train_tune_89d39032   PENDING      0.000175104             32             4     1024    0.305743                                                              │
╰───────────────────────────────────────────────────────────────────────────────────────────────────────────────────────────────────────────────────────────────╯

Trial train_tune_14980f4a completed after 20 iterations at 2026-03-18 19:47:31. Total running time: 7min 37s
╭────────────────────────────────────────────────────────╮
│ Trial train_tune_14980f4a result                       │
├────────────────────────────────────────────────────────┤
│ checkpoint_dir_name                  checkpoint_000019 │
│ time_this_iter_s                              22.40742 │
│ time_total_s                                 449.55338 │
│ training_iteration                                  20 │
│ bleu                                           0.56048 │
│ loss                                           0.40653 │
│ time                                         447.72211 │
╰────────────────────────────────────────────────────────╯

Trial train_tune_89d39032 started with configuration:
╭──────────────────────────────────────────────╮
│ Trial train_tune_89d39032 config             │
├──────────────────────────────────────────────┤
│ batch_size                                32 │
│ d_ff                                    1024 │
│ d_model                                  512 │
│ dropout                              0.30574 │
│ lr                                   0.00018 │
│ num_epochs                                20 │
│ num_heads                                  4 │
╰──────────────────────────────────────────────╯

Trial status: 4 TERMINATED | 3 RUNNING | 1 PENDING
Current time: 2026-03-18 19:47:55. Total running time: 8min 0s
Logical resource usage: 0/64 CPUs, 3.0/3 GPUs (0.0/1.0 accelerator_type:RTX)
╭─────────────────────────────────────────────────────────────────────────────────────────────────────────────────────────────────────────────────────────────────╮
│ Trial name            status                lr     batch_size     num_heads     d_ff     dropout     iter     total time (s)       loss         bleu       time │
├─────────────────────────────────────────────────────────────────────────────────────────────────────────────────────────────────────────────────────────────────┤
│ train_tune_371d6e86   RUNNING      0.000273832             16             4     1024    0.170142        3            172.613   3.57091    0.103896     170.633  │
│ train_tune_54c2cf1c   RUNNING      0.000198462             32             4     1024    0.337471        1             30.328   5.26825    0.0266335     28.4654 │
│ train_tune_89d39032   RUNNING      0.000175104             32             4     1024    0.305743                                                                │
│ train_tune_8756cff5   TERMINATED   0.000920117             64             4     1024    0.334648        5            114.812   5.68365    0.00190234   113.122  │
│ train_tune_14980f4a   TERMINATED   0.000334695             64             8     1024    0.188747       20            449.553   0.406529   0.560482     447.722  │
│ train_tune_86b0c5b8   TERMINATED   7.68385e-05             64             8     2048    0.214906       20            414.167   1.24991    0.440445     412.281  │
│ train_tune_647e4073   TERMINATED   2.46333e-05             64             4     2048    0.284054        5            130.133   4.56362    0.100881     128.097  │
│ train_tune_dc2615ef   PENDING      3.28386e-05             32             4     2048    0.163527                                                                │
╰─────────────────────────────────────────────────────────────────────────────────────────────────────────────────────────────────────────────────────────────────╯
Trial status: 4 TERMINATED | 3 RUNNING | 1 PENDING
Current time: 2026-03-18 19:48:25. Total running time: 8min 31s
[36m(train_tune pid=4181616)[0m Checkpoint successfully created at: Checkpoint(filesystem=local, path=/home/b23cs1037/ray_results/train_tune_2026-03-18_19-39-54/train_tune_54c2cf1c_6_batch_size=32,d_ff=1024,d_model=512,dropout=0.3375,lr=0.0002,num_epochs=20,num_heads=4_2026-03-18_19-44-11/checkpoint_000002)[32m [repeated 2x across cluster][0m
[36m(train_tune pid=4181769)[0m Checkpoint successfully created at: Checkpoint(filesystem=local, path=/home/b23cs1037/ray_results/train_tune_2026-03-18_19-39-54/train_tune_89d39032_7_batch_size=32,d_ff=1024,d_model=512,dropout=0.3057,lr=0.0002,num_epochs=20,num_heads=4_2026-03-18_19-47-04/checkpoint_000001)
[36m(train_tune pid=4181616)[0m Checkpoint successfully created at: Checkpoint(filesystem=local, path=/home/b23cs1037/ray_results/train_tune_2026-03-18_19-39-54/train_tune_54c2cf1c_6_batch_size=32,d_ff=1024,d_model=512,dropout=0.3375,lr=0.0002,num_epochs=20,num_heads=4_2026-03-18_19-44-11/checkpoint_000003)
[36m(train_tune pid=4181769)[0m Checkpoint successfully created at: Checkpoint(filesystem=local, path=/home/b23cs1037/ray_results/train_tune_2026-03-18_19-39-54/train_tune_89d39032_7_batch_size=32,d_ff=1024,d_model=512,dropout=0.3057,lr=0.0002,num_epochs=20,num_heads=4_2026-03-18_19-47-04/checkpoint_000002)[32m [repeated 2x across cluster][0m
[36m(train_tune pid=4181616)[0m Checkpoint successfully created at: Checkpoint(filesystem=local, path=/home/b23cs1037/ray_results/train_tune_2026-03-18_19-39-54/train_tune_54c2cf1c_6_batch_size=32,d_ff=1024,d_model=512,dropout=0.3375,lr=0.0002,num_epochs=20,num_heads=4_2026-03-18_19-44-11/checkpoint_000004)
Logical resource usage: 0/64 CPUs, 3.0/3 GPUs (0.0/1.0 accelerator_type:RTX)
╭─────────────────────────────────────────────────────────────────────────────────────────────────────────────────────────────────────────────────────────────────╮
│ Trial name            status                lr     batch_size     num_heads     d_ff     dropout     iter     total time (s)       loss         bleu       time │
├─────────────────────────────────────────────────────────────────────────────────────────────────────────────────────────────────────────────────────────────────┤
│ train_tune_371d6e86   RUNNING      0.000273832             16             4     1024    0.170142        4           227.097    3.13409    0.401086     225.129  │
│ train_tune_54c2cf1c   RUNNING      0.000198462             32             4     1024    0.337471        2            57.9835   4.33891    0.0634493     56.1452 │
│ train_tune_89d39032   RUNNING      0.000175104             32             4     1024    0.305743        1            30.5974   5.22115    0.0505496     28.511  │
│ train_tune_8756cff5   TERMINATED   0.000920117             64             4     1024    0.334648        5           114.812    5.68365    0.00190234   113.122  │
│ train_tune_14980f4a   TERMINATED   0.000334695             64             8     1024    0.188747       20           449.553    0.406529   0.560482     447.722  │
│ train_tune_86b0c5b8   TERMINATED   7.68385e-05             64             8     2048    0.214906       20           414.167    1.24991    0.440445     412.281  │
│ train_tune_647e4073   TERMINATED   2.46333e-05             64             4     2048    0.284054        5           130.133    4.56362    0.100881     128.097  │
│ train_tune_dc2615ef   PENDING      3.28386e-05             32             4     2048    0.163527                                                                │
╰─────────────────────────────────────────────────────────────────────────────────────────────────────────────────────────────────────────────────────────────────╯
Trial status: 4 TERMINATED | 3 RUNNING | 1 PENDING
Current time: 2026-03-18 19:48:55. Total running time: 9min 1s
Logical resource usage: 0/64 CPUs, 3.0/3 GPUs (0.0/1.0 accelerator_type:RTX)
╭─────────────────────────────────────────────────────────────────────────────────────────────────────────────────────────────────────────────────────────────────╮
│ Trial name            status                lr     batch_size     num_heads     d_ff     dropout     iter     total time (s)       loss         bleu       time │
├─────────────────────────────────────────────────────────────────────────────────────────────────────────────────────────────────────────────────────────────────┤
│ train_tune_371d6e86   RUNNING      0.000273832             16             4     1024    0.170142        4           227.097    3.13409    0.401086     225.129  │
│ train_tune_54c2cf1c   RUNNING      0.000198462             32             4     1024    0.337471        3            84.4348   3.8085     0.169647      82.6048 │
│ train_tune_89d39032   RUNNING      0.000175104             32             4     1024    0.305743        2            59.6874   4.24596    0.106669      57.6012 │
│ train_tune_8756cff5   TERMINATED   0.000920117             64             4     1024    0.334648        5           114.812    5.68365    0.00190234   113.122  │
│ train_tune_14980f4a   TERMINATED   0.000334695             64             8     1024    0.188747       20           449.553    0.406529   0.560482     447.722  │
│ train_tune_86b0c5b8   TERMINATED   7.68385e-05             64             8     2048    0.214906       20           414.167    1.24991    0.440445     412.281  │
│ train_tune_647e4073   TERMINATED   2.46333e-05             64             4     2048    0.284054        5           130.133    4.56362    0.100881     128.097  │
│ train_tune_dc2615ef   PENDING      3.28386e-05             32             4     2048    0.163527                                                                │
╰─────────────────────────────────────────────────────────────────────────────────────────────────────────────────────────────────────────────────────────────────╯
Trial status: 4 TERMINATED | 3 RUNNING | 1 PENDING
Current time: 2026-03-18 19:49:25. Total running time: 9min 31s
Logical resource usage: 0/64 CPUs, 3.0/3 GPUs (0.0/1.0 accelerator_type:RTX)
[36m(train_tune pid=4181769)[0m Checkpoint successfully created at: Checkpoint(filesystem=local, path=/home/b23cs1037/ray_results/train_tune_2026-03-18_19-39-54/train_tune_89d39032_7_batch_size=32,d_ff=1024,d_model=512,dropout=0.3057,lr=0.0002,num_epochs=20,num_heads=4_2026-03-18_19-47-04/checkpoint_000003)
[36m(train_tune pid=4181616)[0m Checkpoint successfully created at: Checkpoint(filesystem=local, path=/home/b23cs1037/ray_results/train_tune_2026-03-18_19-39-54/train_tune_54c2cf1c_6_batch_size=32,d_ff=1024,d_model=512,dropout=0.3375,lr=0.0002,num_epochs=20,num_heads=4_2026-03-18_19-44-11/checkpoint_000005)
[36m(train_tune pid=4180849)[0m Checkpoint successfully created at: Checkpoint(filesystem=local, path=/home/b23cs1037/ray_results/train_tune_2026-03-18_19-39-54/train_tune_371d6e86_5_batch_size=16,d_ff=1024,d_model=512,dropout=0.1701,lr=0.0003,num_epochs=20,num_heads=4_2026-03-18_19-41-57/checkpoint_000005)
[36m(train_tune pid=4181769)[0m Checkpoint successfully created at: Checkpoint(filesystem=local, path=/home/b23cs1037/ray_results/train_tune_2026-03-18_19-39-54/train_tune_89d39032_7_batch_size=32,d_ff=1024,d_model=512,dropout=0.3057,lr=0.0002,num_epochs=20,num_heads=4_2026-03-18_19-47-04/checkpoint_000004)
[36m(train_tune pid=4181616)[0m Checkpoint successfully created at: Checkpoint(filesystem=local, path=/home/b23cs1037/ray_results/train_tune_2026-03-18_19-39-54/train_tune_54c2cf1c_6_batch_size=32,d_ff=1024,d_model=512,dropout=0.3375,lr=0.0002,num_epochs=20,num_heads=4_2026-03-18_19-44-11/checkpoint_000006)
╭─────────────────────────────────────────────────────────────────────────────────────────────────────────────────────────────────────────────────────────────────╮
│ Trial name            status                lr     batch_size     num_heads     d_ff     dropout     iter     total time (s)       loss         bleu       time │
├─────────────────────────────────────────────────────────────────────────────────────────────────────────────────────────────────────────────────────────────────┤
│ train_tune_371d6e86   RUNNING      0.000273832             16             4     1024    0.170142        5            284.168   2.76406    0.288545     282.213  │
│ train_tune_54c2cf1c   RUNNING      0.000198462             32             4     1024    0.337471        5            138.652   3.08142    0.220494     136.839  │
│ train_tune_89d39032   RUNNING      0.000175104             32             4     1024    0.305743        3             90.819   3.70932    0.159107      88.7403 │
│ train_tune_8756cff5   TERMINATED   0.000920117             64             4     1024    0.334648        5            114.812   5.68365    0.00190234   113.122  │
│ train_tune_14980f4a   TERMINATED   0.000334695             64             8     1024    0.188747       20            449.553   0.406529   0.560482     447.722  │
│ train_tune_86b0c5b8   TERMINATED   7.68385e-05             64             8     2048    0.214906       20            414.167   1.24991    0.440445     412.281  │
│ train_tune_647e4073   TERMINATED   2.46333e-05             64             4     2048    0.284054        5            130.133   4.56362    0.100881     128.097  │
│ train_tune_dc2615ef   PENDING      3.28386e-05             32             4     2048    0.163527                                                                │
╰─────────────────────────────────────────────────────────────────────────────────────────────────────────────────────────────────────────────────────────────────╯
Trial status: 4 TERMINATED | 3 RUNNING | 1 PENDING
Current time: 2026-03-18 19:49:55. Total running time: 10min 1s
Logical resource usage: 0/64 CPUs, 3.0/3 GPUs (0.0/1.0 accelerator_type:RTX)
╭────────────────────────────────────────────────────────────────────────────────────────────────────────────────────────────────────────────────────────────────╮
│ Trial name            status                lr     batch_size     num_heads     d_ff     dropout     iter     total time (s)       loss         bleu      time │
├────────────────────────────────────────────────────────────────────────────────────────────────────────────────────────────────────────────────────────────────┤
│ train_tune_371d6e86   RUNNING      0.000273832             16             4     1024    0.170142        6            341.673   2.4538     0.564746     339.726 │
│ train_tune_54c2cf1c   RUNNING      0.000198462             32             4     1024    0.337471        6            167.855   2.79793    0.413072     166.05  │
│ train_tune_89d39032   RUNNING      0.000175104             32             4     1024    0.305743        4            121.676   3.30921    0.42082      119.605 │
│ train_tune_8756cff5   TERMINATED   0.000920117             64             4     1024    0.334648        5            114.812   5.68365    0.00190234   113.122 │
│ train_tune_14980f4a   TERMINATED   0.000334695             64             8     1024    0.188747       20            449.553   0.406529   0.560482     447.722 │
│ train_tune_86b0c5b8   TERMINATED   7.68385e-05             64             8     2048    0.214906       20            414.167   1.24991    0.440445     412.281 │
│ train_tune_647e4073   TERMINATED   2.46333e-05             64             4     2048    0.284054        5            130.133   4.56362    0.100881     128.097 │
│ train_tune_dc2615ef   PENDING      3.28386e-05             32             4     2048    0.163527                                                               │
╰────────────────────────────────────────────────────────────────────────────────────────────────────────────────────────────────────────────────────────────────╯
Trial status: 4 TERMINATED | 3 RUNNING | 1 PENDING
Current time: 2026-03-18 19:50:25. Total running time: 10min 31s
Logical resource usage: 0/64 CPUs, 3.0/3 GPUs (0.0/1.0 accelerator_type:RTX)
[36m(train_tune pid=4181769)[0m Checkpoint successfully created at: Checkpoint(filesystem=local, path=/home/b23cs1037/ray_results/train_tune_2026-03-18_19-39-54/train_tune_89d39032_7_batch_size=32,d_ff=1024,d_model=512,dropout=0.3057,lr=0.0002,num_epochs=20,num_heads=4_2026-03-18_19-47-04/checkpoint_000005)
[36m(train_tune pid=4181616)[0m Checkpoint successfully created at: Checkpoint(filesystem=local, path=/home/b23cs1037/ray_results/train_tune_2026-03-18_19-39-54/train_tune_54c2cf1c_6_batch_size=32,d_ff=1024,d_model=512,dropout=0.3375,lr=0.0002,num_epochs=20,num_heads=4_2026-03-18_19-44-11/checkpoint_000007)
[36m(train_tune pid=4181769)[0m Checkpoint successfully created at: Checkpoint(filesystem=local, path=/home/b23cs1037/ray_results/train_tune_2026-03-18_19-39-54/train_tune_89d39032_7_batch_size=32,d_ff=1024,d_model=512,dropout=0.3057,lr=0.0002,num_epochs=20,num_heads=4_2026-03-18_19-47-04/checkpoint_000006)[32m [repeated 2x across cluster][0m
[36m(train_tune pid=4181616)[0m Checkpoint successfully created at: Checkpoint(filesystem=local, path=/home/b23cs1037/ray_results/train_tune_2026-03-18_19-39-54/train_tune_54c2cf1c_6_batch_size=32,d_ff=1024,d_model=512,dropout=0.3375,lr=0.0002,num_epochs=20,num_heads=4_2026-03-18_19-44-11/checkpoint_000008)
╭────────────────────────────────────────────────────────────────────────────────────────────────────────────────────────────────────────────────────────────────╮
│ Trial name            status                lr     batch_size     num_heads     d_ff     dropout     iter     total time (s)       loss         bleu      time │
├────────────────────────────────────────────────────────────────────────────────────────────────────────────────────────────────────────────────────────────────┤
│ train_tune_371d6e86   RUNNING      0.000273832             16             4     1024    0.170142        6            341.673   2.4538     0.564746     339.726 │
│ train_tune_54c2cf1c   RUNNING      0.000198462             32             4     1024    0.337471        7            196.323   2.54374    0.379796     194.527 │
│ train_tune_89d39032   RUNNING      0.000175104             32             4     1024    0.305743        5            152.02    2.95966    0.499774     149.931 │
│ train_tune_8756cff5   TERMINATED   0.000920117             64             4     1024    0.334648        5            114.812   5.68365    0.00190234   113.122 │
│ train_tune_14980f4a   TERMINATED   0.000334695             64             8     1024    0.188747       20            449.553   0.406529   0.560482     447.722 │
│ train_tune_86b0c5b8   TERMINATED   7.68385e-05             64             8     2048    0.214906       20            414.167   1.24991    0.440445     412.281 │
│ train_tune_647e4073   TERMINATED   2.46333e-05             64             4     2048    0.284054        5            130.133   4.56362    0.100881     128.097 │
│ train_tune_dc2615ef   PENDING      3.28386e-05             32             4     2048    0.163527                                                               │
╰────────────────────────────────────────────────────────────────────────────────────────────────────────────────────────────────────────────────────────────────╯
Trial status: 4 TERMINATED | 3 RUNNING | 1 PENDING
Current time: 2026-03-18 19:50:55. Total running time: 11min 1s
Logical resource usage: 0/64 CPUs, 3.0/3 GPUs (0.0/1.0 accelerator_type:RTX)
╭────────────────────────────────────────────────────────────────────────────────────────────────────────────────────────────────────────────────────────────────╮
│ Trial name            status                lr     batch_size     num_heads     d_ff     dropout     iter     total time (s)       loss         bleu      time │
├────────────────────────────────────────────────────────────────────────────────────────────────────────────────────────────────────────────────────────────────┤
│ train_tune_371d6e86   RUNNING      0.000273832             16             4     1024    0.170142        7            396.967   2.18637    0.323105     395.045 │
│ train_tune_54c2cf1c   RUNNING      0.000198462             32             4     1024    0.337471        8            223.979   2.31894    0.420259     222.191 │
│ train_tune_89d39032   RUNNING      0.000175104             32             4     1024    0.305743        6            181.586   2.67571    0.564769     179.536 │
│ train_tune_8756cff5   TERMINATED   0.000920117             64             4     1024    0.334648        5            114.812   5.68365    0.00190234   113.122 │
│ train_tune_14980f4a   TERMINATED   0.000334695             64             8     1024    0.188747       20            449.553   0.406529   0.560482     447.722 │
│ train_tune_86b0c5b8   TERMINATED   7.68385e-05             64             8     2048    0.214906       20            414.167   1.24991    0.440445     412.281 │
│ train_tune_647e4073   TERMINATED   2.46333e-05             64             4     2048    0.284054        5            130.133   4.56362    0.100881     128.097 │
│ train_tune_dc2615ef   PENDING      3.28386e-05             32             4     2048    0.163527                                                               │
╰────────────────────────────────────────────────────────────────────────────────────────────────────────────────────────────────────────────────────────────────╯
Trial status: 4 TERMINATED | 3 RUNNING | 1 PENDING
Current time: 2026-03-18 19:51:25. Total running time: 11min 31s
Logical resource usage: 0/64 CPUs, 3.0/3 GPUs (0.0/1.0 accelerator_type:RTX)
[36m(train_tune pid=4181769)[0m Checkpoint successfully created at: Checkpoint(filesystem=local, path=/home/b23cs1037/ray_results/train_tune_2026-03-18_19-39-54/train_tune_89d39032_7_batch_size=32,d_ff=1024,d_model=512,dropout=0.3057,lr=0.0002,num_epochs=20,num_heads=4_2026-03-18_19-47-04/checkpoint_000007)
[36m(train_tune pid=4181616)[0m Checkpoint successfully created at: Checkpoint(filesystem=local, path=/home/b23cs1037/ray_results/train_tune_2026-03-18_19-39-54/train_tune_54c2cf1c_6_batch_size=32,d_ff=1024,d_model=512,dropout=0.3375,lr=0.0002,num_epochs=20,num_heads=4_2026-03-18_19-44-11/checkpoint_000009)
[36m(train_tune pid=4180849)[0m Checkpoint successfully created at: Checkpoint(filesystem=local, path=/home/b23cs1037/ray_results/train_tune_2026-03-18_19-39-54/train_tune_371d6e86_5_batch_size=16,d_ff=1024,d_model=512,dropout=0.1701,lr=0.0003,num_epochs=20,num_heads=4_2026-03-18_19-41-57/checkpoint_000007)
[36m(train_tune pid=4181769)[0m Checkpoint successfully created at: Checkpoint(filesystem=local, path=/home/b23cs1037/ray_results/train_tune_2026-03-18_19-39-54/train_tune_89d39032_7_batch_size=32,d_ff=1024,d_model=512,dropout=0.3057,lr=0.0002,num_epochs=20,num_heads=4_2026-03-18_19-47-04/checkpoint_000008)
[36m(train_tune pid=4181616)[0m Checkpoint successfully created at: Checkpoint(filesystem=local, path=/home/b23cs1037/ray_results/train_tune_2026-03-18_19-39-54/train_tune_54c2cf1c_6_batch_size=32,d_ff=1024,d_model=512,dropout=0.3375,lr=0.0002,num_epochs=20,num_heads=4_2026-03-18_19-44-11/checkpoint_000010)
╭────────────────────────────────────────────────────────────────────────────────────────────────────────────────────────────────────────────────────────────────╮
│ Trial name            status                lr     batch_size     num_heads     d_ff     dropout     iter     total time (s)       loss         bleu      time │
├────────────────────────────────────────────────────────────────────────────────────────────────────────────────────────────────────────────────────────────────┤
│ train_tune_371d6e86   RUNNING      0.000273832             16             4     1024    0.170142        7            396.967   2.18637    0.323105     395.045 │
│ train_tune_54c2cf1c   RUNNING      0.000198462             32             4     1024    0.337471        9            251.485   2.12238    0.420259     249.704 │
│ train_tune_89d39032   RUNNING      0.000175104             32             4     1024    0.305743        7            211.479   2.41486    0.319369     209.438 │
│ train_tune_8756cff5   TERMINATED   0.000920117             64             4     1024    0.334648        5            114.812   5.68365    0.00190234   113.122 │
│ train_tune_14980f4a   TERMINATED   0.000334695             64             8     1024    0.188747       20            449.553   0.406529   0.560482     447.722 │
│ train_tune_86b0c5b8   TERMINATED   7.68385e-05             64             8     2048    0.214906       20            414.167   1.24991    0.440445     412.281 │
│ train_tune_647e4073   TERMINATED   2.46333e-05             64             4     2048    0.284054        5            130.133   4.56362    0.100881     128.097 │
│ train_tune_dc2615ef   PENDING      3.28386e-05             32             4     2048    0.163527                                                               │
╰────────────────────────────────────────────────────────────────────────────────────────────────────────────────────────────────────────────────────────────────╯
Trial status: 4 TERMINATED | 3 RUNNING | 1 PENDING
Current time: 2026-03-18 19:51:55. Total running time: 12min 1s
Logical resource usage: 0/64 CPUs, 3.0/3 GPUs (0.0/1.0 accelerator_type:RTX)
╭────────────────────────────────────────────────────────────────────────────────────────────────────────────────────────────────────────────────────────────────╮
│ Trial name            status                lr     batch_size     num_heads     d_ff     dropout     iter     total time (s)       loss         bleu      time │
├────────────────────────────────────────────────────────────────────────────────────────────────────────────────────────────────────────────────────────────────┤
│ train_tune_371d6e86   RUNNING      0.000273832             16             4     1024    0.170142        8            453.933   1.96221    0.724366     451.999 │
│ train_tune_54c2cf1c   RUNNING      0.000198462             32             4     1024    0.337471       10            279.004   1.95034    0.530623     277.231 │
│ train_tune_89d39032   RUNNING      0.000175104             32             4     1024    0.305743        8            241.287   2.18246    0.507904     239.249 │
│ train_tune_8756cff5   TERMINATED   0.000920117             64             4     1024    0.334648        5            114.812   5.68365    0.00190234   113.122 │
│ train_tune_14980f4a   TERMINATED   0.000334695             64             8     1024    0.188747       20            449.553   0.406529   0.560482     447.722 │
│ train_tune_86b0c5b8   TERMINATED   7.68385e-05             64             8     2048    0.214906       20            414.167   1.24991    0.440445     412.281 │
│ train_tune_647e4073   TERMINATED   2.46333e-05             64             4     2048    0.284054        5            130.133   4.56362    0.100881     128.097 │
│ train_tune_dc2615ef   PENDING      3.28386e-05             32             4     2048    0.163527                                                               │
╰────────────────────────────────────────────────────────────────────────────────────────────────────────────────────────────────────────────────────────────────╯
Trial status: 4 TERMINATED | 3 RUNNING | 1 PENDING
Current time: 2026-03-18 19:52:25. Total running time: 12min 31s
Logical resource usage: 0/64 CPUs, 3.0/3 GPUs (0.0/1.0 accelerator_type:RTX)
[36m(train_tune pid=4181769)[0m Checkpoint successfully created at: Checkpoint(filesystem=local, path=/home/b23cs1037/ray_results/train_tune_2026-03-18_19-39-54/train_tune_89d39032_7_batch_size=32,d_ff=1024,d_model=512,dropout=0.3057,lr=0.0002,num_epochs=20,num_heads=4_2026-03-18_19-47-04/checkpoint_000009)
[36m(train_tune pid=4181616)[0m Checkpoint successfully created at: Checkpoint(filesystem=local, path=/home/b23cs1037/ray_results/train_tune_2026-03-18_19-39-54/train_tune_54c2cf1c_6_batch_size=32,d_ff=1024,d_model=512,dropout=0.3375,lr=0.0002,num_epochs=20,num_heads=4_2026-03-18_19-44-11/checkpoint_000011)
╭────────────────────────────────────────────────────────────────────────────────────────────────────────────────────────────────────────────────────────────────╮
│ Trial name            status                lr     batch_size     num_heads     d_ff     dropout     iter     total time (s)       loss         bleu      time │
├────────────────────────────────────────────────────────────────────────────────────────────────────────────────────────────────────────────────────────────────┤
│ train_tune_371d6e86   RUNNING      0.000273832             16             4     1024    0.170142        8            453.933   1.96221    0.724366     451.999 │
│ train_tune_54c2cf1c   RUNNING      0.000198462             32             4     1024    0.337471       11            306.578   1.77646    0.320629     304.814 │
│ train_tune_89d39032   RUNNING      0.000175104             32             4     1024    0.305743        9            270.929   1.97283    0.420259     268.903 │
│ train_tune_8756cff5   TERMINATED   0.000920117             64             4     1024    0.334648        5            114.812   5.68365    0.00190234   113.122 │
│ train_tune_14980f4a   TERMINATED   0.000334695             64             8     1024    0.188747       20            449.553   0.406529   0.560482     447.722 │
│ train_tune_86b0c5b8   TERMINATED   7.68385e-05             64             8     2048    0.214906       20            414.167   1.24991    0.440445     412.281 │
│ train_tune_647e4073   TERMINATED   2.46333e-05             64             4     2048    0.284054        5            130.133   4.56362    0.100881     128.097 │
│ train_tune_dc2615ef   PENDING      3.28386e-05             32             4     2048    0.163527                                                               │
╰────────────────────────────────────────────────────────────────────────────────────────────────────────────────────────────────────────────────────────────────╯

Trial train_tune_89d39032 completed after 10 iterations at 2026-03-18 19:52:36. Total running time: 12min 42s
╭────────────────────────────────────────────────────────╮
│ Trial train_tune_89d39032 result                       │
├────────────────────────────────────────────────────────┤
│ checkpoint_dir_name                  checkpoint_000009 │
│ time_this_iter_s                              30.44656 │
│ time_total_s                                 301.37582 │
│ training_iteration                                  10 │
│ bleu                                           0.49378 │
│ loss                                           1.78564 │
│ time                                         299.35886 │
╰────────────────────────────────────────────────────────╯

Trial train_tune_dc2615ef started with configuration:
╭──────────────────────────────────────────────╮
│ Trial train_tune_dc2615ef config             │
├──────────────────────────────────────────────┤
│ batch_size                                32 │
│ d_ff                                    2048 │
│ d_model                                  512 │
│ dropout                              0.16353 │
│ lr                                     3e-05 │
│ num_epochs                                20 │
│ num_heads                                  4 │
╰──────────────────────────────────────────────╯

Trial status: 5 TERMINATED | 3 RUNNING | 1 PENDING
Current time: 2026-03-18 19:52:55. Total running time: 13min 1s
Logical resource usage: 0/64 CPUs, 3.0/3 GPUs (0.0/1.0 accelerator_type:RTX)
[36m(train_tune pid=4181616)[0m Checkpoint successfully created at: Checkpoint(filesystem=local, path=/home/b23cs1037/ray_results/train_tune_2026-03-18_19-39-54/train_tune_54c2cf1c_6_batch_size=32,d_ff=1024,d_model=512,dropout=0.3375,lr=0.0002,num_epochs=20,num_heads=4_2026-03-18_19-44-11/checkpoint_000012)[32m [repeated 2x across cluster][0m
[36m(train_tune pid=4183125)[0m /home/b23cs1037/MLOps-Laksh-B23CS1037/.venv/lib/python3.10/site-packages/ray/tune/trainable/trainable_fn_utils.py:41: RayDeprecationWarning: The `Checkpoint` class should be imported from `ray.tune` when passing it to `ray.tune.report` in a Tune function. Please update your imports. See this issue for more context and migration options: https://github.com/ray-project/ray/issues/49454. Disable these warnings by setting the environment variable: RAY_TRAIN_ENABLE_V2_MIGRATION_WARNINGS=0
[36m(train_tune pid=4183125)[0m   _log_deprecation_warning(
[36m(train_tune pid=4183125)[0m Checkpoint successfully created at: Checkpoint(filesystem=local, path=/home/b23cs1037/ray_results/train_tune_2026-03-18_19-39-54/train_tune_dc2615ef_8_batch_size=32,d_ff=2048,d_model=512,dropout=0.1635,lr=0.0000,num_epochs=20,num_heads=4_2026-03-18_19-47-35/checkpoint_000000)
[36m(train_tune pid=4181616)[0m Checkpoint successfully created at: Checkpoint(filesystem=local, path=/home/b23cs1037/ray_results/train_tune_2026-03-18_19-39-54/train_tune_54c2cf1c_6_batch_size=32,d_ff=1024,d_model=512,dropout=0.3375,lr=0.0002,num_epochs=20,num_heads=4_2026-03-18_19-44-11/checkpoint_000013)
[36m(train_tune pid=4180849)[0m Checkpoint successfully created at: Checkpoint(filesystem=local, path=/home/b23cs1037/ray_results/train_tune_2026-03-18_19-39-54/train_tune_371d6e86_5_batch_size=16,d_ff=1024,d_model=512,dropout=0.1701,lr=0.0003,num_epochs=20,num_heads=4_2026-03-18_19-41-57/checkpoint_000009)
[36m(train_tune pid=4183125)[0m Checkpoint successfully created at: Checkpoint(filesystem=local, path=/home/b23cs1037/ray_results/train_tune_2026-03-18_19-39-54/train_tune_dc2615ef_8_batch_size=32,d_ff=2048,d_model=512,dropout=0.1635,lr=0.0000,num_epochs=20,num_heads=4_2026-03-18_19-47-35/checkpoint_000001)
╭────────────────────────────────────────────────────────────────────────────────────────────────────────────────────────────────────────────────────────────────╮
│ Trial name            status                lr     batch_size     num_heads     d_ff     dropout     iter     total time (s)       loss         bleu      time │
├────────────────────────────────────────────────────────────────────────────────────────────────────────────────────────────────────────────────────────────────┤
│ train_tune_371d6e86   RUNNING      0.000273832             16             4     1024    0.170142        9            508.678   1.75806    0.558488     506.748 │
│ train_tune_54c2cf1c   RUNNING      0.000198462             32             4     1024    0.337471       12            334.263   1.64176    0.363949     332.494 │
│ train_tune_dc2615ef   RUNNING      3.28386e-05             32             4     2048    0.163527                                                               │
│ train_tune_8756cff5   TERMINATED   0.000920117             64             4     1024    0.334648        5            114.812   5.68365    0.00190234   113.122 │
│ train_tune_14980f4a   TERMINATED   0.000334695             64             8     1024    0.188747       20            449.553   0.406529   0.560482     447.722 │
│ train_tune_86b0c5b8   TERMINATED   7.68385e-05             64             8     2048    0.214906       20            414.167   1.24991    0.440445     412.281 │
│ train_tune_647e4073   TERMINATED   2.46333e-05             64             4     2048    0.284054        5            130.133   4.56362    0.100881     128.097 │
│ train_tune_89d39032   TERMINATED   0.000175104             32             4     1024    0.305743       10            301.376   1.78564    0.49378      299.359 │
│ train_tune_6258b6e3   PENDING      2.38546e-05             32             4     1024    0.222471                                                               │
╰────────────────────────────────────────────────────────────────────────────────────────────────────────────────────────────────────────────────────────────────╯
Trial status: 5 TERMINATED | 3 RUNNING | 1 PENDING
Current time: 2026-03-18 19:53:25. Total running time: 13min 31s
Logical resource usage: 0/64 CPUs, 3.0/3 GPUs (0.0/1.0 accelerator_type:RTX)
╭─────────────────────────────────────────────────────────────────────────────────────────────────────────────────────────────────────────────────────────────────╮
│ Trial name            status                lr     batch_size     num_heads     d_ff     dropout     iter     total time (s)       loss         bleu       time │
├─────────────────────────────────────────────────────────────────────────────────────────────────────────────────────────────────────────────────────────────────┤
│ train_tune_371d6e86   RUNNING      0.000273832             16             4     1024    0.170142        9           508.678    1.75806    0.558488     506.748  │
│ train_tune_54c2cf1c   RUNNING      0.000198462             32             4     1024    0.337471       13           362.036    1.51801    0.640631     360.283  │
│ train_tune_dc2615ef   RUNNING      3.28386e-05             32             4     2048    0.163527        1            33.9601   5.55948    0.0497135     32.1365 │
│ train_tune_8756cff5   TERMINATED   0.000920117             64             4     1024    0.334648        5           114.812    5.68365    0.00190234   113.122  │
│ train_tune_14980f4a   TERMINATED   0.000334695             64             8     1024    0.188747       20           449.553    0.406529   0.560482     447.722  │
│ train_tune_86b0c5b8   TERMINATED   7.68385e-05             64             8     2048    0.214906       20           414.167    1.24991    0.440445     412.281  │
│ train_tune_647e4073   TERMINATED   2.46333e-05             64             4     2048    0.284054        5           130.133    4.56362    0.100881     128.097  │
│ train_tune_89d39032   TERMINATED   0.000175104             32             4     1024    0.305743       10           301.376    1.78564    0.49378      299.359  │
│ train_tune_6258b6e3   PENDING      2.38546e-05             32             4     1024    0.222471                                                                │
╰─────────────────────────────────────────────────────────────────────────────────────────────────────────────────────────────────────────────────────────────────╯
Trial status: 5 TERMINATED | 3 RUNNING | 1 PENDING
Current time: 2026-03-18 19:53:55. Total running time: 14min 1s
Logical resource usage: 0/64 CPUs, 3.0/3 GPUs (0.0/1.0 accelerator_type:RTX)
[36m(train_tune pid=4181616)[0m Checkpoint successfully created at: Checkpoint(filesystem=local, path=/home/b23cs1037/ray_results/train_tune_2026-03-18_19-39-54/train_tune_54c2cf1c_6_batch_size=32,d_ff=1024,d_model=512,dropout=0.3375,lr=0.0002,num_epochs=20,num_heads=4_2026-03-18_19-44-11/checkpoint_000014)
[36m(train_tune pid=4183125)[0m Checkpoint successfully created at: Checkpoint(filesystem=local, path=/home/b23cs1037/ray_results/train_tune_2026-03-18_19-39-54/train_tune_dc2615ef_8_batch_size=32,d_ff=2048,d_model=512,dropout=0.1635,lr=0.0000,num_epochs=20,num_heads=4_2026-03-18_19-47-35/checkpoint_000002)
[36m(train_tune pid=4180849)[0m Checkpoint successfully created at: Checkpoint(filesystem=local, path=/home/b23cs1037/ray_results/train_tune_2026-03-18_19-39-54/train_tune_371d6e86_5_batch_size=16,d_ff=1024,d_model=512,dropout=0.1701,lr=0.0003,num_epochs=20,num_heads=4_2026-03-18_19-41-57/checkpoint_000010)
[36m(train_tune pid=4183125)[0m Checkpoint successfully created at: Checkpoint(filesystem=local, path=/home/b23cs1037/ray_results/train_tune_2026-03-18_19-39-54/train_tune_dc2615ef_8_batch_size=32,d_ff=2048,d_model=512,dropout=0.1635,lr=0.0000,num_epochs=20,num_heads=4_2026-03-18_19-47-35/checkpoint_000003)[32m [repeated 2x across cluster][0m
╭─────────────────────────────────────────────────────────────────────────────────────────────────────────────────────────────────────────────────────────────────╮
│ Trial name            status                lr     batch_size     num_heads     d_ff     dropout     iter     total time (s)       loss         bleu       time │
├─────────────────────────────────────────────────────────────────────────────────────────────────────────────────────────────────────────────────────────────────┤
│ train_tune_371d6e86   RUNNING      0.000273832             16             4     1024    0.170142       10           564.259    1.59231    0.556742     562.364  │
│ train_tune_54c2cf1c   RUNNING      0.000198462             32             4     1024    0.337471       14           391.174    1.39795    0.640631     389.432  │
│ train_tune_dc2615ef   RUNNING      3.28386e-05             32             4     2048    0.163527        2            66.0892   4.61297    0.106284      64.3047 │
│ train_tune_8756cff5   TERMINATED   0.000920117             64             4     1024    0.334648        5           114.812    5.68365    0.00190234   113.122  │
│ train_tune_14980f4a   TERMINATED   0.000334695             64             8     1024    0.188747       20           449.553    0.406529   0.560482     447.722  │
│ train_tune_86b0c5b8   TERMINATED   7.68385e-05             64             8     2048    0.214906       20           414.167    1.24991    0.440445     412.281  │
│ train_tune_647e4073   TERMINATED   2.46333e-05             64             4     2048    0.284054        5           130.133    4.56362    0.100881     128.097  │
│ train_tune_89d39032   TERMINATED   0.000175104             32             4     1024    0.305743       10           301.376    1.78564    0.49378      299.359  │
│ train_tune_6258b6e3   PENDING      2.38546e-05             32             4     1024    0.222471                                                                │
╰─────────────────────────────────────────────────────────────────────────────────────────────────────────────────────────────────────────────────────────────────╯
Trial status: 5 TERMINATED | 3 RUNNING | 1 PENDING
Current time: 2026-03-18 19:54:25. Total running time: 14min 31s
Logical resource usage: 0/64 CPUs, 3.0/3 GPUs (0.0/1.0 accelerator_type:RTX)
╭─────────────────────────────────────────────────────────────────────────────────────────────────────────────────────────────────────────────────────────────────╮
│ Trial name            status                lr     batch_size     num_heads     d_ff     dropout     iter     total time (s)       loss         bleu       time │
├─────────────────────────────────────────────────────────────────────────────────────────────────────────────────────────────────────────────────────────────────┤
│ train_tune_371d6e86   RUNNING      0.000273832             16             4     1024    0.170142       10           564.259    1.59231    0.556742     562.364  │
│ train_tune_54c2cf1c   RUNNING      0.000198462             32             4     1024    0.337471       15           418.503    1.28532    0.640631     416.766  │
│ train_tune_dc2615ef   RUNNING      3.28386e-05             32             4     2048    0.163527        3            97.3456   4.19283    0.0915442     95.5931 │
│ train_tune_8756cff5   TERMINATED   0.000920117             64             4     1024    0.334648        5           114.812    5.68365    0.00190234   113.122  │
│ train_tune_14980f4a   TERMINATED   0.000334695             64             8     1024    0.188747       20           449.553    0.406529   0.560482     447.722  │
│ train_tune_86b0c5b8   TERMINATED   7.68385e-05             64             8     2048    0.214906       20           414.167    1.24991    0.440445     412.281  │
│ train_tune_647e4073   TERMINATED   2.46333e-05             64             4     2048    0.284054        5           130.133    4.56362    0.100881     128.097  │
│ train_tune_89d39032   TERMINATED   0.000175104             32             4     1024    0.305743       10           301.376    1.78564    0.49378      299.359  │
│ train_tune_6258b6e3   PENDING      2.38546e-05             32             4     1024    0.222471                                                                │
╰─────────────────────────────────────────────────────────────────────────────────────────────────────────────────────────────────────────────────────────────────╯
Trial status: 5 TERMINATED | 3 RUNNING | 1 PENDING
Current time: 2026-03-18 19:54:55. Total running time: 15min 1s
Logical resource usage: 0/64 CPUs, 3.0/3 GPUs (0.0/1.0 accelerator_type:RTX)
[36m(train_tune pid=4181616)[0m Checkpoint successfully created at: Checkpoint(filesystem=local, path=/home/b23cs1037/ray_results/train_tune_2026-03-18_19-39-54/train_tune_54c2cf1c_6_batch_size=32,d_ff=1024,d_model=512,dropout=0.3375,lr=0.0002,num_epochs=20,num_heads=4_2026-03-18_19-44-11/checkpoint_000016)
[36m(train_tune pid=4183125)[0m Checkpoint successfully created at: Checkpoint(filesystem=local, path=/home/b23cs1037/ray_results/train_tune_2026-03-18_19-39-54/train_tune_dc2615ef_8_batch_size=32,d_ff=2048,d_model=512,dropout=0.1635,lr=0.0000,num_epochs=20,num_heads=4_2026-03-18_19-47-35/checkpoint_000004)
╭────────────────────────────────────────────────────────────────────────────────────────────────────────────────────────────────────────────────────────────────╮
│ Trial name            status                lr     batch_size     num_heads     d_ff     dropout     iter     total time (s)       loss         bleu      time │
├────────────────────────────────────────────────────────────────────────────────────────────────────────────────────────────────────────────────────────────────┤
│ train_tune_371d6e86   RUNNING      0.000273832             16             4     1024    0.170142       11            619.7     1.4515     0.495336     617.817 │
│ train_tune_54c2cf1c   RUNNING      0.000198462             32             4     1024    0.337471       16            447.35    1.20044    0.361389     445.625 │
│ train_tune_dc2615ef   RUNNING      3.28386e-05             32             4     2048    0.163527        4            127.596   3.88949    0.16248      125.83  │
│ train_tune_8756cff5   TERMINATED   0.000920117             64             4     1024    0.334648        5            114.812   5.68365    0.00190234   113.122 │
│ train_tune_14980f4a   TERMINATED   0.000334695             64             8     1024    0.188747       20            449.553   0.406529   0.560482     447.722 │
│ train_tune_86b0c5b8   TERMINATED   7.68385e-05             64             8     2048    0.214906       20            414.167   1.24991    0.440445     412.281 │
│ train_tune_647e4073   TERMINATED   2.46333e-05             64             4     2048    0.284054        5            130.133   4.56362    0.100881     128.097 │
│ train_tune_89d39032   TERMINATED   0.000175104             32             4     1024    0.305743       10            301.376   1.78564    0.49378      299.359 │
│ train_tune_6258b6e3   PENDING      2.38546e-05             32             4     1024    0.222471                                                               │
╰────────────────────────────────────────────────────────────────────────────────────────────────────────────────────────────────────────────────────────────────╯

Trial train_tune_dc2615ef completed after 5 iterations at 2026-03-18 19:55:18. Total running time: 15min 24s
╭────────────────────────────────────────────────────────╮
│ Trial train_tune_dc2615ef result                       │
├────────────────────────────────────────────────────────┤
│ checkpoint_dir_name                  checkpoint_000004 │
│ time_this_iter_s                              30.78101 │
│ time_total_s                                 158.37748 │
│ training_iteration                                   5 │
│ bleu                                           0.20344 │
│ loss                                            3.6303 │
│ time                                         156.58981 │
╰────────────────────────────────────────────────────────╯

Trial train_tune_6258b6e3 started with configuration:
╭──────────────────────────────────────────────╮
│ Trial train_tune_6258b6e3 config             │
├──────────────────────────────────────────────┤
│ batch_size                                32 │
│ d_ff                                    1024 │
│ d_model                                  512 │
│ dropout                              0.22247 │
│ lr                                     2e-05 │
│ num_epochs                                20 │
│ num_heads                                  4 │
╰──────────────────────────────────────────────╯

Trial status: 6 TERMINATED | 3 RUNNING | 1 PENDING
Current time: 2026-03-18 19:55:25. Total running time: 15min 31s
Logical resource usage: 0/64 CPUs, 3.0/3 GPUs (0.0/1.0 accelerator_type:RTX)
[36m(train_tune pid=4180849)[0m Checkpoint successfully created at: Checkpoint(filesystem=local, path=/home/b23cs1037/ray_results/train_tune_2026-03-18_19-39-54/train_tune_371d6e86_5_batch_size=16,d_ff=1024,d_model=512,dropout=0.1701,lr=0.0003,num_epochs=20,num_heads=4_2026-03-18_19-41-57/checkpoint_000011)
[36m(train_tune pid=4181616)[0m Checkpoint successfully created at: Checkpoint(filesystem=local, path=/home/b23cs1037/ray_results/train_tune_2026-03-18_19-39-54/train_tune_54c2cf1c_6_batch_size=32,d_ff=1024,d_model=512,dropout=0.3375,lr=0.0002,num_epochs=20,num_heads=4_2026-03-18_19-44-11/checkpoint_000017)
[36m(train_tune pid=4183852)[0m /home/b23cs1037/MLOps-Laksh-B23CS1037/.venv/lib/python3.10/site-packages/ray/tune/trainable/trainable_fn_utils.py:41: RayDeprecationWarning: The `Checkpoint` class should be imported from `ray.tune` when passing it to `ray.tune.report` in a Tune function. Please update your imports. See this issue for more context and migration options: https://github.com/ray-project/ray/issues/49454. Disable these warnings by setting the environment variable: RAY_TRAIN_ENABLE_V2_MIGRATION_WARNINGS=0
[36m(train_tune pid=4183852)[0m   _log_deprecation_warning(
[36m(train_tune pid=4183852)[0m Checkpoint successfully created at: Checkpoint(filesystem=local, path=/home/b23cs1037/ray_results/train_tune_2026-03-18_19-39-54/train_tune_6258b6e3_9_batch_size=32,d_ff=1024,d_model=512,dropout=0.2225,lr=0.0000,num_epochs=20,num_heads=4_2026-03-18_19-52-40/checkpoint_000000)
[36m(train_tune pid=4181616)[0m Checkpoint successfully created at: Checkpoint(filesystem=local, path=/home/b23cs1037/ray_results/train_tune_2026-03-18_19-39-54/train_tune_54c2cf1c_6_batch_size=32,d_ff=1024,d_model=512,dropout=0.3375,lr=0.0002,num_epochs=20,num_heads=4_2026-03-18_19-44-11/checkpoint_000019)[32m [repeated 2x across cluster][0m
╭────────────────────────────────────────────────────────────────────────────────────────────────────────────────────────────────────────────────────────────────╮
│ Trial name            status                lr     batch_size     num_heads     d_ff     dropout     iter     total time (s)       loss         bleu      time │
├────────────────────────────────────────────────────────────────────────────────────────────────────────────────────────────────────────────────────────────────┤
│ train_tune_371d6e86   RUNNING      0.000273832             16             4     1024    0.170142       11            619.7     1.4515     0.495336     617.817 │
│ train_tune_54c2cf1c   RUNNING      0.000198462             32             4     1024    0.337471       17            475.557   1.11095    0.537375     473.839 │
│ train_tune_6258b6e3   RUNNING      2.38546e-05             32             4     1024    0.222471                                                               │
│ train_tune_8756cff5   TERMINATED   0.000920117             64             4     1024    0.334648        5            114.812   5.68365    0.00190234   113.122 │
│ train_tune_14980f4a   TERMINATED   0.000334695             64             8     1024    0.188747       20            449.553   0.406529   0.560482     447.722 │
│ train_tune_86b0c5b8   TERMINATED   7.68385e-05             64             8     2048    0.214906       20            414.167   1.24991    0.440445     412.281 │
│ train_tune_647e4073   TERMINATED   2.46333e-05             64             4     2048    0.284054        5            130.133   4.56362    0.100881     128.097 │
│ train_tune_89d39032   TERMINATED   0.000175104             32             4     1024    0.305743       10            301.376   1.78564    0.49378      299.359 │
│ train_tune_dc2615ef   TERMINATED   3.28386e-05             32             4     2048    0.163527        5            158.377   3.6303     0.203436     156.59  │
│ train_tune_41fe64ec   PENDING      0.000898089             32             8     2048    0.240051                                                               │
╰────────────────────────────────────────────────────────────────────────────────────────────────────────────────────────────────────────────────────────────────╯
Trial status: 6 TERMINATED | 3 RUNNING | 1 PENDING
Current time: 2026-03-18 19:55:55. Total running time: 16min 1s
Logical resource usage: 0/64 CPUs, 3.0/3 GPUs (0.0/1.0 accelerator_type:RTX)
╭─────────────────────────────────────────────────────────────────────────────────────────────────────────────────────────────────────────────────────────────────╮
│ Trial name            status                lr     batch_size     num_heads     d_ff     dropout     iter     total time (s)       loss         bleu       time │
├─────────────────────────────────────────────────────────────────────────────────────────────────────────────────────────────────────────────────────────────────┤
│ train_tune_371d6e86   RUNNING      0.000273832             16             4     1024    0.170142       12           676.445    1.32771    0.353907     674.57   │
│ train_tune_54c2cf1c   RUNNING      0.000198462             32             4     1024    0.337471       19           531.007    0.977155   0.591991     529.307  │
│ train_tune_6258b6e3   RUNNING      2.38546e-05             32             4     1024    0.222471        1            33.1285   5.89997    0.0193438     31.1613 │
│ train_tune_8756cff5   TERMINATED   0.000920117             64             4     1024    0.334648        5           114.812    5.68365    0.00190234   113.122  │
│ train_tune_14980f4a   TERMINATED   0.000334695             64             8     1024    0.188747       20           449.553    0.406529   0.560482     447.722  │
│ train_tune_86b0c5b8   TERMINATED   7.68385e-05             64             8     2048    0.214906       20           414.167    1.24991    0.440445     412.281  │
│ train_tune_647e4073   TERMINATED   2.46333e-05             64             4     2048    0.284054        5           130.133    4.56362    0.100881     128.097  │
│ train_tune_89d39032   TERMINATED   0.000175104             32             4     1024    0.305743       10           301.376    1.78564    0.49378      299.359  │
│ train_tune_dc2615ef   TERMINATED   3.28386e-05             32             4     2048    0.163527        5           158.377    3.6303     0.203436     156.59   │
│ train_tune_41fe64ec   PENDING      0.000898089             32             8     2048    0.240051                                                                │
╰─────────────────────────────────────────────────────────────────────────────────────────────────────────────────────────────────────────────────────────────────╯

Trial train_tune_54c2cf1c completed after 20 iterations at 2026-03-18 19:56:22. Total running time: 16min 27s
╭────────────────────────────────────────────────────────╮
│ Trial train_tune_54c2cf1c result                       │
├────────────────────────────────────────────────────────┤
│ checkpoint_dir_name                  checkpoint_000019 │
│ time_this_iter_s                              26.46865 │
│ time_total_s                                 557.47547 │
│ training_iteration                                  20 │
│ bleu                                            0.6956 │
│ loss                                           0.91119 │
│ time                                          555.7725 │
╰────────────────────────────────────────────────────────╯

Trial train_tune_41fe64ec started with configuration:
[36m(train_tune pid=4183852)[0m Checkpoint successfully created at: Checkpoint(filesystem=local, path=/home/b23cs1037/ray_results/train_tune_2026-03-18_19-39-54/train_tune_6258b6e3_9_batch_size=32,d_ff=1024,d_model=512,dropout=0.2225,lr=0.0000,num_epochs=20,num_heads=4_2026-03-18_19-52-40/checkpoint_000001)[32m [repeated 2x across cluster][0m
╭──────────────────────────────────────────────╮
│ Trial train_tune_41fe64ec config             │
├──────────────────────────────────────────────┤
│ batch_size                                32 │
│ d_ff                                    2048 │
│ d_model                                  512 │
│ dropout                              0.24005 │
│ lr                                    0.0009 │
│ num_epochs                                20 │
│ num_heads                                  8 │
╰──────────────────────────────────────────────╯

Trial status: 7 TERMINATED | 3 RUNNING | 1 PENDING
Current time: 2026-03-18 19:56:26. Total running time: 16min 31s
Logical resource usage: 0/64 CPUs, 3.0/3 GPUs (0.0/1.0 accelerator_type:RTX)
╭─────────────────────────────────────────────────────────────────────────────────────────────────────────────────────────────────────────────────────────────────╮
│ Trial name            status                lr     batch_size     num_heads     d_ff     dropout     iter     total time (s)       loss         bleu       time │
├─────────────────────────────────────────────────────────────────────────────────────────────────────────────────────────────────────────────────────────────────┤
│ train_tune_371d6e86   RUNNING      0.000273832             16             4     1024    0.170142       13           733.002    1.21992    0.546138     731.055  │
│ train_tune_6258b6e3   RUNNING      2.38546e-05             32             4     1024    0.222471        1            33.1285   5.89997    0.0193438     31.1613 │
│ train_tune_41fe64ec   RUNNING      0.000898089             32             8     2048    0.240051                                                                │
│ train_tune_8756cff5   TERMINATED   0.000920117             64             4     1024    0.334648        5           114.812    5.68365    0.00190234   113.122  │
│ train_tune_14980f4a   TERMINATED   0.000334695             64             8     1024    0.188747       20           449.553    0.406529   0.560482     447.722  │
│ train_tune_86b0c5b8   TERMINATED   7.68385e-05             64             8     2048    0.214906       20           414.167    1.24991    0.440445     412.281  │
│ train_tune_647e4073   TERMINATED   2.46333e-05             64             4     2048    0.284054        5           130.133    4.56362    0.100881     128.097  │
│ train_tune_54c2cf1c   TERMINATED   0.000198462             32             4     1024    0.337471       20           557.475    0.911187   0.695595     555.772  │
│ train_tune_89d39032   TERMINATED   0.000175104             32             4     1024    0.305743       10           301.376    1.78564    0.49378      299.359  │
│ train_tune_dc2615ef   TERMINATED   3.28386e-05             32             4     2048    0.163527        5           158.377    3.6303     0.203436     156.59   │
│ train_tune_31b067d6   PENDING      0.000372424             32             8     1024    0.134643                                                                │
╰─────────────────────────────────────────────────────────────────────────────────────────────────────────────────────────────────────────────────────────────────╯
Trial status: 7 TERMINATED | 3 RUNNING | 1 PENDING
Current time: 2026-03-18 19:56:56. Total running time: 17min 1s
Logical resource usage: 0/64 CPUs, 3.0/3 GPUs (0.0/1.0 accelerator_type:RTX)
[36m(train_tune pid=4184526)[0m /home/b23cs1037/MLOps-Laksh-B23CS1037/.venv/lib/python3.10/site-packages/ray/tune/trainable/trainable_fn_utils.py:41: RayDeprecationWarning: The `Checkpoint` class should be imported from `ray.tune` when passing it to `ray.tune.report` in a Tune function. Please update your imports. See this issue for more context and migration options: https://github.com/ray-project/ray/issues/49454. Disable these warnings by setting the environment variable: RAY_TRAIN_ENABLE_V2_MIGRATION_WARNINGS=0
[36m(train_tune pid=4184526)[0m   _log_deprecation_warning(
[36m(train_tune pid=4184526)[0m Checkpoint successfully created at: Checkpoint(filesystem=local, path=/home/b23cs1037/ray_results/train_tune_2026-03-18_19-39-54/train_tune_41fe64ec_10_batch_size=32,d_ff=2048,d_model=512,dropout=0.2401,lr=0.0009,num_epochs=20,num_heads=8_2026-03-18_19-55-22/checkpoint_000000)
[36m(train_tune pid=4180849)[0m Checkpoint successfully created at: Checkpoint(filesystem=local, path=/home/b23cs1037/ray_results/train_tune_2026-03-18_19-39-54/train_tune_371d6e86_5_batch_size=16,d_ff=1024,d_model=512,dropout=0.1701,lr=0.0003,num_epochs=20,num_heads=4_2026-03-18_19-41-57/checkpoint_000013)[32m [repeated 2x across cluster][0m
[36m(train_tune pid=4183852)[0m Checkpoint successfully created at: Checkpoint(filesystem=local, path=/home/b23cs1037/ray_results/train_tune_2026-03-18_19-39-54/train_tune_6258b6e3_9_batch_size=32,d_ff=1024,d_model=512,dropout=0.2225,lr=0.0000,num_epochs=20,num_heads=4_2026-03-18_19-52-40/checkpoint_000003)[32m [repeated 2x across cluster][0m
[36m(train_tune pid=4184526)[0m Checkpoint successfully created at: Checkpoint(filesystem=local, path=/home/b23cs1037/ray_results/train_tune_2026-03-18_19-39-54/train_tune_41fe64ec_10_batch_size=32,d_ff=2048,d_model=512,dropout=0.2401,lr=0.0009,num_epochs=20,num_heads=8_2026-03-18_19-55-22/checkpoint_000002)
╭─────────────────────────────────────────────────────────────────────────────────────────────────────────────────────────────────────────────────────────────────╮
│ Trial name            status                lr     batch_size     num_heads     d_ff     dropout     iter     total time (s)       loss         bleu       time │
├─────────────────────────────────────────────────────────────────────────────────────────────────────────────────────────────────────────────────────────────────┤
│ train_tune_371d6e86   RUNNING      0.000273832             16             4     1024    0.170142       13           733.002    1.21992    0.546138     731.055  │
│ train_tune_6258b6e3   RUNNING      2.38546e-05             32             4     1024    0.222471        2            64.9826   5.04324    0.104905      63.0472 │
│ train_tune_41fe64ec   RUNNING      0.000898089             32             8     2048    0.240051                                                                │
│ train_tune_8756cff5   TERMINATED   0.000920117             64             4     1024    0.334648        5           114.812    5.68365    0.00190234   113.122  │
│ train_tune_14980f4a   TERMINATED   0.000334695             64             8     1024    0.188747       20           449.553    0.406529   0.560482     447.722  │
│ train_tune_86b0c5b8   TERMINATED   7.68385e-05             64             8     2048    0.214906       20           414.167    1.24991    0.440445     412.281  │
│ train_tune_647e4073   TERMINATED   2.46333e-05             64             4     2048    0.284054        5           130.133    4.56362    0.100881     128.097  │
│ train_tune_54c2cf1c   TERMINATED   0.000198462             32             4     1024    0.337471       20           557.475    0.911187   0.695595     555.772  │
│ train_tune_89d39032   TERMINATED   0.000175104             32             4     1024    0.305743       10           301.376    1.78564    0.49378      299.359  │
│ train_tune_dc2615ef   TERMINATED   3.28386e-05             32             4     2048    0.163527        5           158.377    3.6303     0.203436     156.59   │
│ train_tune_31b067d6   PENDING      0.000372424             32             8     1024    0.134643                                                                │
╰─────────────────────────────────────────────────────────────────────────────────────────────────────────────────────────────────────────────────────────────────╯
Trial status: 7 TERMINATED | 3 RUNNING | 1 PENDING
Current time: 2026-03-18 19:57:26. Total running time: 17min 31s
Logical resource usage: 0/64 CPUs, 3.0/3 GPUs (0.0/1.0 accelerator_type:RTX)
╭─────────────────────────────────────────────────────────────────────────────────────────────────────────────────────────────────────────────────────────────────╮
│ Trial name            status                lr     batch_size     num_heads     d_ff     dropout     iter     total time (s)       loss         bleu       time │
├─────────────────────────────────────────────────────────────────────────────────────────────────────────────────────────────────────────────────────────────────┤
│ train_tune_371d6e86   RUNNING      0.000273832             16             4     1024    0.170142       14           789.695    1.14119    0.427644     787.827  │
│ train_tune_6258b6e3   RUNNING      2.38546e-05             32             4     1024    0.222471        3            96.2879   4.69263    0.106591      94.3489 │
│ train_tune_41fe64ec   RUNNING      0.000898089             32             8     2048    0.240051        1            31.7388   6.03608    0             29.746  │
│ train_tune_8756cff5   TERMINATED   0.000920117             64             4     1024    0.334648        5           114.812    5.68365    0.00190234   113.122  │
│ train_tune_14980f4a   TERMINATED   0.000334695             64             8     1024    0.188747       20           449.553    0.406529   0.560482     447.722  │
│ train_tune_86b0c5b8   TERMINATED   7.68385e-05             64             8     2048    0.214906       20           414.167    1.24991    0.440445     412.281  │
│ train_tune_647e4073   TERMINATED   2.46333e-05             64             4     2048    0.284054        5           130.133    4.56362    0.100881     128.097  │
│ train_tune_54c2cf1c   TERMINATED   0.000198462             32             4     1024    0.337471       20           557.475    0.911187   0.695595     555.772  │
│ train_tune_89d39032   TERMINATED   0.000175104             32             4     1024    0.305743       10           301.376    1.78564    0.49378      299.359  │
│ train_tune_dc2615ef   TERMINATED   3.28386e-05             32             4     2048    0.163527        5           158.377    3.6303     0.203436     156.59   │
│ train_tune_31b067d6   PENDING      0.000372424             32             8     1024    0.134643                                                                │
╰─────────────────────────────────────────────────────────────────────────────────────────────────────────────────────────────────────────────────────────────────╯
Trial status: 7 TERMINATED | 3 RUNNING | 1 PENDING
Current time: 2026-03-18 19:57:56. Total running time: 18min 2s
Logical resource usage: 0/64 CPUs, 3.0/3 GPUs (0.0/1.0 accelerator_type:RTX)
[36m(train_tune pid=4183852)[0m Checkpoint successfully created at: Checkpoint(filesystem=local, path=/home/b23cs1037/ray_results/train_tune_2026-03-18_19-39-54/train_tune_6258b6e3_9_batch_size=32,d_ff=1024,d_model=512,dropout=0.2225,lr=0.0000,num_epochs=20,num_heads=4_2026-03-18_19-52-40/checkpoint_000004)
[36m(train_tune pid=4180849)[0m Checkpoint successfully created at: Checkpoint(filesystem=local, path=/home/b23cs1037/ray_results/train_tune_2026-03-18_19-39-54/train_tune_371d6e86_5_batch_size=16,d_ff=1024,d_model=512,dropout=0.1701,lr=0.0003,num_epochs=20,num_heads=4_2026-03-18_19-41-57/checkpoint_000014)
╭─────────────────────────────────────────────────────────────────────────────────────────────────────────────────────────────────────────────────────────────────╮
│ Trial name            status                lr     batch_size     num_heads     d_ff     dropout     iter     total time (s)       loss         bleu       time │
├─────────────────────────────────────────────────────────────────────────────────────────────────────────────────────────────────────────────────────────────────┤
│ train_tune_371d6e86   RUNNING      0.000273832             16             4     1024    0.170142       14            789.695   1.14119    0.427644     787.827  │
│ train_tune_6258b6e3   RUNNING      2.38546e-05             32             4     1024    0.222471        4            127.431   4.43166    0.10382      125.458  │
│ train_tune_41fe64ec   RUNNING      0.000898089             32             8     2048    0.240051        3             90.428   5.88922    0             88.4861 │
│ train_tune_8756cff5   TERMINATED   0.000920117             64             4     1024    0.334648        5            114.812   5.68365    0.00190234   113.122  │
│ train_tune_14980f4a   TERMINATED   0.000334695             64             8     1024    0.188747       20            449.553   0.406529   0.560482     447.722  │
│ train_tune_86b0c5b8   TERMINATED   7.68385e-05             64             8     2048    0.214906       20            414.167   1.24991    0.440445     412.281  │
│ train_tune_647e4073   TERMINATED   2.46333e-05             64             4     2048    0.284054        5            130.133   4.56362    0.100881     128.097  │
│ train_tune_54c2cf1c   TERMINATED   0.000198462             32             4     1024    0.337471       20            557.475   0.911187   0.695595     555.772  │
│ train_tune_89d39032   TERMINATED   0.000175104             32             4     1024    0.305743       10            301.376   1.78564    0.49378      299.359  │
│ train_tune_dc2615ef   TERMINATED   3.28386e-05             32             4     2048    0.163527        5            158.377   3.6303     0.203436     156.59   │
│ train_tune_31b067d6   PENDING      0.000372424             32             8     1024    0.134643                                                                │
╰─────────────────────────────────────────────────────────────────────────────────────────────────────────────────────────────────────────────────────────────────╯

Trial train_tune_6258b6e3 completed after 5 iterations at 2026-03-18 19:58:01. Total running time: 18min 7s
╭────────────────────────────────────────────────────────╮
│ Trial train_tune_6258b6e3 result                       │
├────────────────────────────────────────────────────────┤
│ checkpoint_dir_name                  checkpoint_000004 │
│ time_this_iter_s                              31.52986 │
│ time_total_s                                 158.96046 │
│ training_iteration                                   5 │
│ bleu                                           0.09399 │
│ loss                                           4.22974 │
│ time                                          157.0404 │
╰────────────────────────────────────────────────────────╯

Trial train_tune_31b067d6 started with configuration:
╭──────────────────────────────────────────────╮
│ Trial train_tune_31b067d6 config             │
├──────────────────────────────────────────────┤
│ batch_size                                32 │
│ d_ff                                    1024 │
│ d_model                                  512 │
│ dropout                              0.13464 │
│ lr                                   0.00037 │
│ num_epochs                                20 │
│ num_heads                                  8 │
╰──────────────────────────────────────────────╯

Trial status: 8 TERMINATED | 3 RUNNING | 1 PENDING
Current time: 2026-03-18 19:58:26. Total running time: 18min 32s
Logical resource usage: 0/64 CPUs, 3.0/3 GPUs (0.0/1.0 accelerator_type:RTX)
[36m(train_tune pid=4184526)[0m Checkpoint successfully created at: Checkpoint(filesystem=local, path=/home/b23cs1037/ray_results/train_tune_2026-03-18_19-39-54/train_tune_41fe64ec_10_batch_size=32,d_ff=2048,d_model=512,dropout=0.2401,lr=0.0009,num_epochs=20,num_heads=8_2026-03-18_19-55-22/checkpoint_000003)
[36m(train_tune pid=4184956)[0m /home/b23cs1037/MLOps-Laksh-B23CS1037/.venv/lib/python3.10/site-packages/ray/tune/trainable/trainable_fn_utils.py:41: RayDeprecationWarning: The `Checkpoint` class should be imported from `ray.tune` when passing it to `ray.tune.report` in a Tune function. Please update your imports. See this issue for more context and migration options: https://github.com/ray-project/ray/issues/49454. Disable these warnings by setting the environment variable: RAY_TRAIN_ENABLE_V2_MIGRATION_WARNINGS=0
[36m(train_tune pid=4184956)[0m   _log_deprecation_warning(
[36m(train_tune pid=4184956)[0m Checkpoint successfully created at: Checkpoint(filesystem=local, path=/home/b23cs1037/ray_results/train_tune_2026-03-18_19-39-54/train_tune_31b067d6_11_batch_size=32,d_ff=1024,d_model=512,dropout=0.1346,lr=0.0004,num_epochs=20,num_heads=8_2026-03-18_19-56-25/checkpoint_000000)
╭─────────────────────────────────────────────────────────────────────────────────────────────────────────────────────────────────────────────────────────────────╮
│ Trial name            status                lr     batch_size     num_heads     d_ff     dropout     iter     total time (s)       loss         bleu       time │
├─────────────────────────────────────────────────────────────────────────────────────────────────────────────────────────────────────────────────────────────────┤
│ train_tune_371d6e86   RUNNING      0.000273832             16             4     1024    0.170142       15            846.285   1.06293    0.266137     844.411  │
│ train_tune_41fe64ec   RUNNING      0.000898089             32             8     2048    0.240051        3             90.428   5.88922    0             88.4861 │
│ train_tune_31b067d6   RUNNING      0.000372424             32             8     1024    0.134643                                                                │
│ train_tune_8756cff5   TERMINATED   0.000920117             64             4     1024    0.334648        5            114.812   5.68365    0.00190234   113.122  │
│ train_tune_14980f4a   TERMINATED   0.000334695             64             8     1024    0.188747       20            449.553   0.406529   0.560482     447.722  │
│ train_tune_86b0c5b8   TERMINATED   7.68385e-05             64             8     2048    0.214906       20            414.167   1.24991    0.440445     412.281  │
│ train_tune_647e4073   TERMINATED   2.46333e-05             64             4     2048    0.284054        5            130.133   4.56362    0.100881     128.097  │
│ train_tune_54c2cf1c   TERMINATED   0.000198462             32             4     1024    0.337471       20            557.475   0.911187   0.695595     555.772  │
│ train_tune_89d39032   TERMINATED   0.000175104             32             4     1024    0.305743       10            301.376   1.78564    0.49378      299.359  │
│ train_tune_dc2615ef   TERMINATED   3.28386e-05             32             4     2048    0.163527        5            158.377   3.6303     0.203436     156.59   │
│ train_tune_6258b6e3   TERMINATED   2.38546e-05             32             4     1024    0.222471        5            158.96    4.22974    0.0939875    157.04   │
│ train_tune_6f645550   PENDING      0.000814792             32             8     1024    0.233057                                                                │
╰─────────────────────────────────────────────────────────────────────────────────────────────────────────────────────────────────────────────────────────────────╯
Trial status: 8 TERMINATED | 3 RUNNING | 1 PENDING
Current time: 2026-03-18 19:58:56. Total running time: 19min 2s
Logical resource usage: 0/64 CPUs, 3.0/3 GPUs (0.0/1.0 accelerator_type:RTX)
╭─────────────────────────────────────────────────────────────────────────────────────────────────────────────────────────────────────────────────────────────────╮
│ Trial name            status                lr     batch_size     num_heads     d_ff     dropout     iter     total time (s)       loss         bleu       time │
├─────────────────────────────────────────────────────────────────────────────────────────────────────────────────────────────────────────────────────────────────┤
│ train_tune_371d6e86   RUNNING      0.000273832             16             4     1024    0.170142       15           846.285    1.06293    0.266137     844.411  │
│ train_tune_41fe64ec   RUNNING      0.000898089             32             8     2048    0.240051        4           122.188    5.81361    0.00159967   120.243  │
│ train_tune_31b067d6   RUNNING      0.000372424             32             8     1024    0.134643        1            33.0119   5.40225    0.0218444     31.0597 │
│ train_tune_8756cff5   TERMINATED   0.000920117             64             4     1024    0.334648        5           114.812    5.68365    0.00190234   113.122  │
│ train_tune_14980f4a   TERMINATED   0.000334695             64             8     1024    0.188747       20           449.553    0.406529   0.560482     447.722  │
│ train_tune_86b0c5b8   TERMINATED   7.68385e-05             64             8     2048    0.214906       20           414.167    1.24991    0.440445     412.281  │
│ train_tune_647e4073   TERMINATED   2.46333e-05             64             4     2048    0.284054        5           130.133    4.56362    0.100881     128.097  │
│ train_tune_54c2cf1c   TERMINATED   0.000198462             32             4     1024    0.337471       20           557.475    0.911187   0.695595     555.772  │
│ train_tune_89d39032   TERMINATED   0.000175104             32             4     1024    0.305743       10           301.376    1.78564    0.49378      299.359  │
│ train_tune_dc2615ef   TERMINATED   3.28386e-05             32             4     2048    0.163527        5           158.377    3.6303     0.203436     156.59   │
│ train_tune_6258b6e3   TERMINATED   2.38546e-05             32             4     1024    0.222471        5           158.96     4.22974    0.0939875    157.04   │
│ train_tune_6f645550   PENDING      0.000814792             32             8     1024    0.233057                                                                │
╰─────────────────────────────────────────────────────────────────────────────────────────────────────────────────────────────────────────────────────────────────╯

Trial train_tune_41fe64ec completed after 5 iterations at 2026-03-18 19:58:59. Total running time: 19min 4s
[36m(train_tune pid=4184526)[0m Checkpoint successfully created at: Checkpoint(filesystem=local, path=/home/b23cs1037/ray_results/train_tune_2026-03-18_19-39-54/train_tune_41fe64ec_10_batch_size=32,d_ff=2048,d_model=512,dropout=0.2401,lr=0.0009,num_epochs=20,num_heads=8_2026-03-18_19-55-22/checkpoint_000004)
[36m(train_tune pid=4184956)[0m Checkpoint successfully created at: Checkpoint(filesystem=local, path=/home/b23cs1037/ray_results/train_tune_2026-03-18_19-39-54/train_tune_31b067d6_11_batch_size=32,d_ff=1024,d_model=512,dropout=0.1346,lr=0.0004,num_epochs=20,num_heads=8_2026-03-18_19-56-25/checkpoint_000001)
[36m(train_tune pid=4185210)[0m /home/b23cs1037/MLOps-Laksh-B23CS1037/.venv/lib/python3.10/site-packages/ray/tune/trainable/trainable_fn_utils.py:41: RayDeprecationWarning: The `Checkpoint` class should be imported from `ray.tune` when passing it to `ray.tune.report` in a Tune function. Please update your imports. See this issue for more context and migration options: https://github.com/ray-project/ray/issues/49454. Disable these warnings by setting the environment variable: RAY_TRAIN_ENABLE_V2_MIGRATION_WARNINGS=0
[36m(train_tune pid=4185210)[0m   _log_deprecation_warning(
[36m(train_tune pid=4180849)[0m Checkpoint successfully created at: Checkpoint(filesystem=local, path=/home/b23cs1037/ray_results/train_tune_2026-03-18_19-39-54/train_tune_371d6e86_5_batch_size=16,d_ff=1024,d_model=512,dropout=0.1701,lr=0.0003,num_epochs=20,num_heads=4_2026-03-18_19-41-57/checkpoint_000015)
[36m(train_tune pid=4185210)[0m Checkpoint successfully created at: Checkpoint(filesystem=local, path=/home/b23cs1037/ray_results/train_tune_2026-03-18_19-39-54/train_tune_6f645550_12_batch_size=32,d_ff=1024,d_model=512,dropout=0.2331,lr=0.0008,num_epochs=20,num_heads=8_2026-03-18_19-58-05/checkpoint_000000)
[36m(train_tune pid=4184956)[0m Checkpoint successfully created at: Checkpoint(filesystem=local, path=/home/b23cs1037/ray_results/train_tune_2026-03-18_19-39-54/train_tune_31b067d6_11_batch_size=32,d_ff=1024,d_model=512,dropout=0.1346,lr=0.0004,num_epochs=20,num_heads=8_2026-03-18_19-56-25/checkpoint_000002)
╭────────────────────────────────────────────────────────╮
│ Trial train_tune_41fe64ec result                       │
├────────────────────────────────────────────────────────┤
│ checkpoint_dir_name                  checkpoint_000004 │
│ time_this_iter_s                              31.57989 │
│ time_total_s                                 153.76808 │
│ training_iteration                                   5 │
│ bleu                                            0.0016 │
│ loss                                            5.6746 │
│ time                                         151.86767 │
╰────────────────────────────────────────────────────────╯

Trial train_tune_6f645550 started with configuration:
╭──────────────────────────────────────────────╮
│ Trial train_tune_6f645550 config             │
├──────────────────────────────────────────────┤
│ batch_size                                32 │
│ d_ff                                    1024 │
│ d_model                                  512 │
│ dropout                              0.23306 │
│ lr                                   0.00081 │
│ num_epochs                                20 │
│ num_heads                                  8 │
╰──────────────────────────────────────────────╯

Trial status: 9 TERMINATED | 3 RUNNING | 1 PENDING
Current time: 2026-03-18 19:59:26. Total running time: 19min 32s
Logical resource usage: 0/64 CPUs, 3.0/3 GPUs (0.0/1.0 accelerator_type:RTX)
╭─────────────────────────────────────────────────────────────────────────────────────────────────────────────────────────────────────────────────────────────────╮
│ Trial name            status                lr     batch_size     num_heads     d_ff     dropout     iter     total time (s)       loss         bleu       time │
├─────────────────────────────────────────────────────────────────────────────────────────────────────────────────────────────────────────────────────────────────┤
│ train_tune_371d6e86   RUNNING      0.000273832             16             4     1024    0.170142       16           901.123    0.996568   0.619363     899.283  │
│ train_tune_31b067d6   RUNNING      0.000372424             32             8     1024    0.134643        2            62.7686   4.41442    0.0273171     60.8763 │
│ train_tune_6f645550   RUNNING      0.000814792             32             8     1024    0.233057                                                                │
│ train_tune_8756cff5   TERMINATED   0.000920117             64             4     1024    0.334648        5           114.812    5.68365    0.00190234   113.122  │
│ train_tune_14980f4a   TERMINATED   0.000334695             64             8     1024    0.188747       20           449.553    0.406529   0.560482     447.722  │
│ train_tune_86b0c5b8   TERMINATED   7.68385e-05             64             8     2048    0.214906       20           414.167    1.24991    0.440445     412.281  │
│ train_tune_647e4073   TERMINATED   2.46333e-05             64             4     2048    0.284054        5           130.133    4.56362    0.100881     128.097  │
│ train_tune_54c2cf1c   TERMINATED   0.000198462             32             4     1024    0.337471       20           557.475    0.911187   0.695595     555.772  │
│ train_tune_89d39032   TERMINATED   0.000175104             32             4     1024    0.305743       10           301.376    1.78564    0.49378      299.359  │
│ train_tune_dc2615ef   TERMINATED   3.28386e-05             32             4     2048    0.163527        5           158.377    3.6303     0.203436     156.59   │
│ train_tune_6258b6e3   TERMINATED   2.38546e-05             32             4     1024    0.222471        5           158.96     4.22974    0.0939875    157.04   │
│ train_tune_41fe64ec   TERMINATED   0.000898089             32             8     2048    0.240051        5           153.768    5.6746     0.00159967   151.868  │
│ train_tune_8a0cfe06   PENDING      0.000736843             16             4     1024    0.105254                                                                │
╰─────────────────────────────────────────────────────────────────────────────────────────────────────────────────────────────────────────────────────────────────╯
Trial status: 9 TERMINATED | 3 RUNNING | 1 PENDING
Current time: 2026-03-18 19:59:56. Total running time: 20min 2s
Logical resource usage: 0/64 CPUs, 3.0/3 GPUs (0.0/1.0 accelerator_type:RTX)
[36m(train_tune pid=4185210)[0m Checkpoint successfully created at: Checkpoint(filesystem=local, path=/home/b23cs1037/ray_results/train_tune_2026-03-18_19-39-54/train_tune_6f645550_12_batch_size=32,d_ff=1024,d_model=512,dropout=0.2331,lr=0.0008,num_epochs=20,num_heads=8_2026-03-18_19-58-05/checkpoint_000001)
[36m(train_tune pid=4180849)[0m Checkpoint successfully created at: Checkpoint(filesystem=local, path=/home/b23cs1037/ray_results/train_tune_2026-03-18_19-39-54/train_tune_371d6e86_5_batch_size=16,d_ff=1024,d_model=512,dropout=0.1701,lr=0.0003,num_epochs=20,num_heads=4_2026-03-18_19-41-57/checkpoint_000016)
[36m(train_tune pid=4184956)[0m Checkpoint successfully created at: Checkpoint(filesystem=local, path=/home/b23cs1037/ray_results/train_tune_2026-03-18_19-39-54/train_tune_31b067d6_11_batch_size=32,d_ff=1024,d_model=512,dropout=0.1346,lr=0.0004,num_epochs=20,num_heads=8_2026-03-18_19-56-25/checkpoint_000003)
[36m(train_tune pid=4185210)[0m Checkpoint successfully created at: Checkpoint(filesystem=local, path=/home/b23cs1037/ray_results/train_tune_2026-03-18_19-39-54/train_tune_6f645550_12_batch_size=32,d_ff=1024,d_model=512,dropout=0.2331,lr=0.0008,num_epochs=20,num_heads=8_2026-03-18_19-58-05/checkpoint_000002)
╭─────────────────────────────────────────────────────────────────────────────────────────────────────────────────────────────────────────────────────────────────╮
│ Trial name            status                lr     batch_size     num_heads     d_ff     dropout     iter     total time (s)       loss         bleu       time │
├─────────────────────────────────────────────────────────────────────────────────────────────────────────────────────────────────────────────────────────────────┤
│ train_tune_371d6e86   RUNNING      0.000273832             16             4     1024    0.170142       16           901.123    0.996568   0.619363     899.283  │
│ train_tune_31b067d6   RUNNING      0.000372424             32             8     1024    0.134643        3            94.0142   3.80478    0.165098      92.087  │
│ train_tune_6f645550   RUNNING      0.000814792             32             8     1024    0.233057        1            29.967    6.02623    0             28.1746 │
│ train_tune_8756cff5   TERMINATED   0.000920117             64             4     1024    0.334648        5           114.812    5.68365    0.00190234   113.122  │
│ train_tune_14980f4a   TERMINATED   0.000334695             64             8     1024    0.188747       20           449.553    0.406529   0.560482     447.722  │
│ train_tune_86b0c5b8   TERMINATED   7.68385e-05             64             8     2048    0.214906       20           414.167    1.24991    0.440445     412.281  │
│ train_tune_647e4073   TERMINATED   2.46333e-05             64             4     2048    0.284054        5           130.133    4.56362    0.100881     128.097  │
│ train_tune_54c2cf1c   TERMINATED   0.000198462             32             4     1024    0.337471       20           557.475    0.911187   0.695595     555.772  │
│ train_tune_89d39032   TERMINATED   0.000175104             32             4     1024    0.305743       10           301.376    1.78564    0.49378      299.359  │
│ train_tune_dc2615ef   TERMINATED   3.28386e-05             32             4     2048    0.163527        5           158.377    3.6303     0.203436     156.59   │
│ train_tune_6258b6e3   TERMINATED   2.38546e-05             32             4     1024    0.222471        5           158.96     4.22974    0.0939875    157.04   │
│ train_tune_41fe64ec   TERMINATED   0.000898089             32             8     2048    0.240051        5           153.768    5.6746     0.00159967   151.868  │
│ train_tune_8a0cfe06   PENDING      0.000736843             16             4     1024    0.105254                                                                │
╰─────────────────────────────────────────────────────────────────────────────────────────────────────────────────────────────────────────────────────────────────╯
Trial status: 9 TERMINATED | 3 RUNNING | 1 PENDING
Current time: 2026-03-18 20:00:26. Total running time: 20min 32s
Logical resource usage: 0/64 CPUs, 3.0/3 GPUs (0.0/1.0 accelerator_type:RTX)
╭─────────────────────────────────────────────────────────────────────────────────────────────────────────────────────────────────────────────────────────────────╮
│ Trial name            status                lr     batch_size     num_heads     d_ff     dropout     iter     total time (s)       loss         bleu       time │
├─────────────────────────────────────────────────────────────────────────────────────────────────────────────────────────────────────────────────────────────────┤
│ train_tune_371d6e86   RUNNING      0.000273832             16             4     1024    0.170142       17           960.256    0.946093   0.43281      958.414  │
│ train_tune_31b067d6   RUNNING      0.000372424             32             8     1024    0.134643        4           126.608    3.33994    0.0203189    124.713  │
│ train_tune_6f645550   RUNNING      0.000814792             32             8     1024    0.233057        2            58.4708   5.89657    0             56.7155 │
│ train_tune_8756cff5   TERMINATED   0.000920117             64             4     1024    0.334648        5           114.812    5.68365    0.00190234   113.122  │
│ train_tune_14980f4a   TERMINATED   0.000334695             64             8     1024    0.188747       20           449.553    0.406529   0.560482     447.722  │
│ train_tune_86b0c5b8   TERMINATED   7.68385e-05             64             8     2048    0.214906       20           414.167    1.24991    0.440445     412.281  │
│ train_tune_647e4073   TERMINATED   2.46333e-05             64             4     2048    0.284054        5           130.133    4.56362    0.100881     128.097  │
│ train_tune_54c2cf1c   TERMINATED   0.000198462             32             4     1024    0.337471       20           557.475    0.911187   0.695595     555.772  │
│ train_tune_89d39032   TERMINATED   0.000175104             32             4     1024    0.305743       10           301.376    1.78564    0.49378      299.359  │
│ train_tune_dc2615ef   TERMINATED   3.28386e-05             32             4     2048    0.163527        5           158.377    3.6303     0.203436     156.59   │
│ train_tune_6258b6e3   TERMINATED   2.38546e-05             32             4     1024    0.222471        5           158.96     4.22974    0.0939875    157.04   │
│ train_tune_41fe64ec   TERMINATED   0.000898089             32             8     2048    0.240051        5           153.768    5.6746     0.00159967   151.868  │
│ train_tune_8a0cfe06   PENDING      0.000736843             16             4     1024    0.105254                                                                │
╰─────────────────────────────────────────────────────────────────────────────────────────────────────────────────────────────────────────────────────────────────╯

Trial train_tune_31b067d6 completed after 5 iterations at 2026-03-18 20:00:44. Total running time: 20min 50s
[36m(train_tune pid=4184956)[0m Checkpoint successfully created at: Checkpoint(filesystem=local, path=/home/b23cs1037/ray_results/train_tune_2026-03-18_19-39-54/train_tune_31b067d6_11_batch_size=32,d_ff=1024,d_model=512,dropout=0.1346,lr=0.0004,num_epochs=20,num_heads=8_2026-03-18_19-56-25/checkpoint_000004)
[36m(train_tune pid=4185210)[0m Checkpoint successfully created at: Checkpoint(filesystem=local, path=/home/b23cs1037/ray_results/train_tune_2026-03-18_19-39-54/train_tune_6f645550_12_batch_size=32,d_ff=1024,d_model=512,dropout=0.2331,lr=0.0008,num_epochs=20,num_heads=8_2026-03-18_19-58-05/checkpoint_000003)
[36m(train_tune pid=4180849)[0m Checkpoint successfully created at: Checkpoint(filesystem=local, path=/home/b23cs1037/ray_results/train_tune_2026-03-18_19-39-54/train_tune_371d6e86_5_batch_size=16,d_ff=1024,d_model=512,dropout=0.1701,lr=0.0003,num_epochs=20,num_heads=4_2026-03-18_19-41-57/checkpoint_000017)
╭────────────────────────────────────────────────────────╮
│ Trial train_tune_31b067d6 result                       │
├────────────────────────────────────────────────────────┤
│ checkpoint_dir_name                  checkpoint_000004 │
│ time_this_iter_s                                32.441 │
│ time_total_s                                 159.04882 │
│ training_iteration                                   5 │
│ bleu                                           0.01949 │
│ loss                                           2.95778 │
│ time                                         157.16258 │
╰────────────────────────────────────────────────────────╯

Trial train_tune_8a0cfe06 started with configuration:
╭──────────────────────────────────────────────╮
│ Trial train_tune_8a0cfe06 config             │
├──────────────────────────────────────────────┤
│ batch_size                                16 │
│ d_ff                                    1024 │
│ d_model                                  512 │
│ dropout                              0.10525 │
│ lr                                   0.00074 │
│ num_epochs                                20 │
│ num_heads                                  4 │
╰──────────────────────────────────────────────╯

Trial status: 10 TERMINATED | 3 RUNNING | 1 PENDING
Current time: 2026-03-18 20:00:56. Total running time: 21min 2s
Logical resource usage: 0/64 CPUs, 3.0/3 GPUs (0.0/1.0 accelerator_type:RTX)
╭─────────────────────────────────────────────────────────────────────────────────────────────────────────────────────────────────────────────────────────────────╮
│ Trial name            status                lr     batch_size     num_heads     d_ff     dropout     iter     total time (s)       loss         bleu       time │
├─────────────────────────────────────────────────────────────────────────────────────────────────────────────────────────────────────────────────────────────────┤
│ train_tune_371d6e86   RUNNING      0.000273832             16             4     1024    0.170142       17           960.256    0.946093   0.43281      958.414  │
│ train_tune_6f645550   RUNNING      0.000814792             32             8     1024    0.233057        3            89.3868   5.75736    0.00159967    87.6403 │
│ train_tune_8a0cfe06   RUNNING      0.000736843             16             4     1024    0.105254                                                                │
│ train_tune_8756cff5   TERMINATED   0.000920117             64             4     1024    0.334648        5           114.812    5.68365    0.00190234   113.122  │
│ train_tune_14980f4a   TERMINATED   0.000334695             64             8     1024    0.188747       20           449.553    0.406529   0.560482     447.722  │
│ train_tune_86b0c5b8   TERMINATED   7.68385e-05             64             8     2048    0.214906       20           414.167    1.24991    0.440445     412.281  │
│ train_tune_647e4073   TERMINATED   2.46333e-05             64             4     2048    0.284054        5           130.133    4.56362    0.100881     128.097  │
│ train_tune_54c2cf1c   TERMINATED   0.000198462             32             4     1024    0.337471       20           557.475    0.911187   0.695595     555.772  │
│ train_tune_89d39032   TERMINATED   0.000175104             32             4     1024    0.305743       10           301.376    1.78564    0.49378      299.359  │
│ train_tune_dc2615ef   TERMINATED   3.28386e-05             32             4     2048    0.163527        5           158.377    3.6303     0.203436     156.59   │
│ train_tune_6258b6e3   TERMINATED   2.38546e-05             32             4     1024    0.222471        5           158.96     4.22974    0.0939875    157.04   │
│ train_tune_41fe64ec   TERMINATED   0.000898089             32             8     2048    0.240051        5           153.768    5.6746     0.00159967   151.868  │
│ train_tune_31b067d6   TERMINATED   0.000372424             32             8     1024    0.134643        5           159.049    2.95778    0.0194923    157.163  │
│ train_tune_debd8bbc   PENDING      5.57056e-05             16             4     1024    0.39085                                                                 │
╰─────────────────────────────────────────────────────────────────────────────────────────────────────────────────────────────────────────────────────────────────╯
Trial status: 10 TERMINATED | 3 RUNNING | 1 PENDING
Current time: 2026-03-18 20:01:26. Total running time: 21min 32s
Logical resource usage: 0/64 CPUs, 3.0/3 GPUs (0.0/1.0 accelerator_type:RTX)
[36m(train_tune pid=4185210)[0m Checkpoint successfully created at: Checkpoint(filesystem=local, path=/home/b23cs1037/ray_results/train_tune_2026-03-18_19-39-54/train_tune_6f645550_12_batch_size=32,d_ff=1024,d_model=512,dropout=0.2331,lr=0.0008,num_epochs=20,num_heads=8_2026-03-18_19-58-05/checkpoint_000004)
[36m(train_tune pid=4186020)[0m /home/b23cs1037/MLOps-Laksh-B23CS1037/.venv/lib/python3.10/site-packages/ray/tune/trainable/trainable_fn_utils.py:41: RayDeprecationWarning: The `Checkpoint` class should be imported from `ray.tune` when passing it to `ray.tune.report` in a Tune function. Please update your imports. See this issue for more context and migration options: https://github.com/ray-project/ray/issues/49454. Disable these warnings by setting the environment variable: RAY_TRAIN_ENABLE_V2_MIGRATION_WARNINGS=0
[36m(train_tune pid=4186020)[0m   _log_deprecation_warning(
[36m(train_tune pid=4186020)[0m Checkpoint successfully created at: Checkpoint(filesystem=local, path=/home/b23cs1037/ray_results/train_tune_2026-03-18_19-39-54/train_tune_8a0cfe06_13_batch_size=16,d_ff=1024,d_model=512,dropout=0.1053,lr=0.0007,num_epochs=20,num_heads=4_2026-03-18_19-59-03/checkpoint_000000)
╭─────────────────────────────────────────────────────────────────────────────────────────────────────────────────────────────────────────────────────────────────╮
│ Trial name            status                lr     batch_size     num_heads     d_ff     dropout     iter     total time (s)       loss         bleu       time │
├─────────────────────────────────────────────────────────────────────────────────────────────────────────────────────────────────────────────────────────────────┤
│ train_tune_371d6e86   RUNNING      0.000273832             16             4     1024    0.170142       18           1018.54    0.902931   0.602502     1016.71  │
│ train_tune_6f645550   RUNNING      0.000814792             32             8     1024    0.233057        4            120.397   5.64856    0.00190234    118.649 │
│ train_tune_8a0cfe06   RUNNING      0.000736843             16             4     1024    0.105254                                                                │
│ train_tune_8756cff5   TERMINATED   0.000920117             64             4     1024    0.334648        5            114.812   5.68365    0.00190234    113.122 │
│ train_tune_14980f4a   TERMINATED   0.000334695             64             8     1024    0.188747       20            449.553   0.406529   0.560482      447.722 │
│ train_tune_86b0c5b8   TERMINATED   7.68385e-05             64             8     2048    0.214906       20            414.167   1.24991    0.440445      412.281 │
│ train_tune_647e4073   TERMINATED   2.46333e-05             64             4     2048    0.284054        5            130.133   4.56362    0.100881      128.097 │
│ train_tune_54c2cf1c   TERMINATED   0.000198462             32             4     1024    0.337471       20            557.475   0.911187   0.695595      555.772 │
│ train_tune_89d39032   TERMINATED   0.000175104             32             4     1024    0.305743       10            301.376   1.78564    0.49378       299.359 │
│ train_tune_dc2615ef   TERMINATED   3.28386e-05             32             4     2048    0.163527        5            158.377   3.6303     0.203436      156.59  │
│ train_tune_6258b6e3   TERMINATED   2.38546e-05             32             4     1024    0.222471        5            158.96    4.22974    0.0939875     157.04  │
│ train_tune_41fe64ec   TERMINATED   0.000898089             32             8     2048    0.240051        5            153.768   5.6746     0.00159967    151.868 │
│ train_tune_31b067d6   TERMINATED   0.000372424             32             8     1024    0.134643        5            159.049   2.95778    0.0194923     157.163 │
│ train_tune_debd8bbc   PENDING      5.57056e-05             16             4     1024    0.39085                                                                 │
╰─────────────────────────────────────────────────────────────────────────────────────────────────────────────────────────────────────────────────────────────────╯

Trial train_tune_6f645550 completed after 5 iterations at 2026-03-18 20:01:35. Total running time: 21min 41s
╭────────────────────────────────────────────────────────╮
│ Trial train_tune_6f645550 result                       │
├────────────────────────────────────────────────────────┤
│ checkpoint_dir_name                  checkpoint_000004 │
│ time_this_iter_s                              31.53046 │
│ time_total_s                                 151.92741 │
│ training_iteration                                   5 │
│ bleu                                            0.0019 │
│ loss                                           5.61414 │
│ time                                         150.19812 │
╰────────────────────────────────────────────────────────╯

Trial train_tune_debd8bbc started with configuration:
╭──────────────────────────────────────────────╮
│ Trial train_tune_debd8bbc config             │
├──────────────────────────────────────────────┤
│ batch_size                                16 │
│ d_ff                                    1024 │
│ d_model                                  512 │
│ dropout                              0.39085 │
│ lr                                     6e-05 │
│ num_epochs                                20 │
│ num_heads                                  4 │
╰──────────────────────────────────────────────╯

Trial status: 11 TERMINATED | 3 RUNNING | 1 PENDING
Current time: 2026-03-18 20:01:56. Total running time: 22min 2s
Logical resource usage: 0/64 CPUs, 3.0/3 GPUs (0.0/1.0 accelerator_type:RTX)
[36m(train_tune pid=4180849)[0m Checkpoint successfully created at: Checkpoint(filesystem=local, path=/home/b23cs1037/ray_results/train_tune_2026-03-18_19-39-54/train_tune_371d6e86_5_batch_size=16,d_ff=1024,d_model=512,dropout=0.1701,lr=0.0003,num_epochs=20,num_heads=4_2026-03-18_19-41-57/checkpoint_000018)
╭─────────────────────────────────────────────────────────────────────────────────────────────────────────────────────────────────────────────────────────────────╮
│ Trial name            status                lr     batch_size     num_heads     d_ff     dropout     iter     total time (s)       loss         bleu       time │
├─────────────────────────────────────────────────────────────────────────────────────────────────────────────────────────────────────────────────────────────────┤
│ train_tune_371d6e86   RUNNING      0.000273832             16             4     1024    0.170142       18          1018.54     0.902931   0.602502     1016.71  │
│ train_tune_8a0cfe06   RUNNING      0.000736843             16             4     1024    0.105254        1            58.5775   6.01182    0              56.609 │
│ train_tune_debd8bbc   RUNNING      5.57056e-05             16             4     1024    0.39085                                                                 │
│ train_tune_8756cff5   TERMINATED   0.000920117             64             4     1024    0.334648        5           114.812    5.68365    0.00190234    113.122 │
│ train_tune_14980f4a   TERMINATED   0.000334695             64             8     1024    0.188747       20           449.553    0.406529   0.560482      447.722 │
│ train_tune_86b0c5b8   TERMINATED   7.68385e-05             64             8     2048    0.214906       20           414.167    1.24991    0.440445      412.281 │
│ train_tune_647e4073   TERMINATED   2.46333e-05             64             4     2048    0.284054        5           130.133    4.56362    0.100881      128.097 │
│ train_tune_54c2cf1c   TERMINATED   0.000198462             32             4     1024    0.337471       20           557.475    0.911187   0.695595      555.772 │
│ train_tune_89d39032   TERMINATED   0.000175104             32             4     1024    0.305743       10           301.376    1.78564    0.49378       299.359 │
│ train_tune_dc2615ef   TERMINATED   3.28386e-05             32             4     2048    0.163527        5           158.377    3.6303     0.203436      156.59  │
│ train_tune_6258b6e3   TERMINATED   2.38546e-05             32             4     1024    0.222471        5           158.96     4.22974    0.0939875     157.04  │
│ train_tune_41fe64ec   TERMINATED   0.000898089             32             8     2048    0.240051        5           153.768    5.6746     0.00159967    151.868 │
│ train_tune_31b067d6   TERMINATED   0.000372424             32             8     1024    0.134643        5           159.049    2.95778    0.0194923     157.163 │
│ train_tune_6f645550   TERMINATED   0.000814792             32             8     1024    0.233057        5           151.927    5.61414    0.00190234    150.198 │
│ train_tune_83f08d7c   PENDING      0.0001892               16             8     1024    0.396809                                                                │
╰─────────────────────────────────────────────────────────────────────────────────────────────────────────────────────────────────────────────────────────────────╯
Trial status: 11 TERMINATED | 3 RUNNING | 1 PENDING
Current time: 2026-03-18 20:02:26. Total running time: 22min 32s
Logical resource usage: 0/64 CPUs, 3.0/3 GPUs (0.0/1.0 accelerator_type:RTX)
[36m(train_tune pid=4186427)[0m /home/b23cs1037/MLOps-Laksh-B23CS1037/.venv/lib/python3.10/site-packages/ray/tune/trainable/trainable_fn_utils.py:41: RayDeprecationWarning: The `Checkpoint` class should be imported from `ray.tune` when passing it to `ray.tune.report` in a Tune function. Please update your imports. See this issue for more context and migration options: https://github.com/ray-project/ray/issues/49454. Disable these warnings by setting the environment variable: RAY_TRAIN_ENABLE_V2_MIGRATION_WARNINGS=0
[36m(train_tune pid=4186427)[0m   _log_deprecation_warning(
[36m(train_tune pid=4186427)[0m Checkpoint successfully created at: Checkpoint(filesystem=local, path=/home/b23cs1037/ray_results/train_tune_2026-03-18_19-39-54/train_tune_debd8bbc_14_batch_size=16,d_ff=1024,d_model=512,dropout=0.3908,lr=0.0001,num_epochs=20,num_heads=4_2026-03-18_20-00-48/checkpoint_000000)
[36m(train_tune pid=4186020)[0m Checkpoint successfully created at: Checkpoint(filesystem=local, path=/home/b23cs1037/ray_results/train_tune_2026-03-18_19-39-54/train_tune_8a0cfe06_13_batch_size=16,d_ff=1024,d_model=512,dropout=0.1053,lr=0.0007,num_epochs=20,num_heads=4_2026-03-18_19-59-03/checkpoint_000001)
╭─────────────────────────────────────────────────────────────────────────────────────────────────────────────────────────────────────────────────────────────────╮
│ Trial name            status                lr     batch_size     num_heads     d_ff     dropout     iter     total time (s)       loss         bleu       time │
├─────────────────────────────────────────────────────────────────────────────────────────────────────────────────────────────────────────────────────────────────┤
│ train_tune_371d6e86   RUNNING      0.000273832             16             4     1024    0.170142       19          1077.82     0.869935   0.324521     1076     │
│ train_tune_8a0cfe06   RUNNING      0.000736843             16             4     1024    0.105254        1            58.5775   6.01182    0              56.609 │
│ train_tune_debd8bbc   RUNNING      5.57056e-05             16             4     1024    0.39085                                                                 │
│ train_tune_8756cff5   TERMINATED   0.000920117             64             4     1024    0.334648        5           114.812    5.68365    0.00190234    113.122 │
│ train_tune_14980f4a   TERMINATED   0.000334695             64             8     1024    0.188747       20           449.553    0.406529   0.560482      447.722 │
│ train_tune_86b0c5b8   TERMINATED   7.68385e-05             64             8     2048    0.214906       20           414.167    1.24991    0.440445      412.281 │
│ train_tune_647e4073   TERMINATED   2.46333e-05             64             4     2048    0.284054        5           130.133    4.56362    0.100881      128.097 │
│ train_tune_54c2cf1c   TERMINATED   0.000198462             32             4     1024    0.337471       20           557.475    0.911187   0.695595      555.772 │
│ train_tune_89d39032   TERMINATED   0.000175104             32             4     1024    0.305743       10           301.376    1.78564    0.49378       299.359 │
│ train_tune_dc2615ef   TERMINATED   3.28386e-05             32             4     2048    0.163527        5           158.377    3.6303     0.203436      156.59  │
│ train_tune_6258b6e3   TERMINATED   2.38546e-05             32             4     1024    0.222471        5           158.96     4.22974    0.0939875     157.04  │
│ train_tune_41fe64ec   TERMINATED   0.000898089             32             8     2048    0.240051        5           153.768    5.6746     0.00159967    151.868 │
│ train_tune_31b067d6   TERMINATED   0.000372424             32             8     1024    0.134643        5           159.049    2.95778    0.0194923     157.163 │
│ train_tune_6f645550   TERMINATED   0.000814792             32             8     1024    0.233057        5           151.927    5.61414    0.00190234    150.198 │
│ train_tune_83f08d7c   PENDING      0.0001892               16             8     1024    0.396809                                                                │
╰─────────────────────────────────────────────────────────────────────────────────────────────────────────────────────────────────────────────────────────────────╯
Trial status: 11 TERMINATED | 3 RUNNING | 1 PENDING
Current time: 2026-03-18 20:02:56. Total running time: 23min 2s
Logical resource usage: 0/64 CPUs, 3.0/3 GPUs (0.0/1.0 accelerator_type:RTX)
[36m(train_tune pid=4180849)[0m Checkpoint successfully created at: Checkpoint(filesystem=local, path=/home/b23cs1037/ray_results/train_tune_2026-03-18_19-39-54/train_tune_371d6e86_5_batch_size=16,d_ff=1024,d_model=512,dropout=0.1701,lr=0.0003,num_epochs=20,num_heads=4_2026-03-18_19-41-57/checkpoint_000019)
╭──────────────────────────────────────────────────────────────────────────────────────────────────────────────────────────────────────────────────────────────────╮
│ Trial name            status                lr     batch_size     num_heads     d_ff     dropout     iter     total time (s)       loss         bleu        time │
├──────────────────────────────────────────────────────────────────────────────────────────────────────────────────────────────────────────────────────────────────┤
│ train_tune_371d6e86   RUNNING      0.000273832             16             4     1024    0.170142       19          1077.82     0.869935   0.324521     1076      │
│ train_tune_8a0cfe06   RUNNING      0.000736843             16             4     1024    0.105254        2           118.226    5.87634    0.00159967    116.296  │
│ train_tune_debd8bbc   RUNNING      5.57056e-05             16             4     1024    0.39085         1            57.2813   5.48352    0.0341161      55.3621 │
│ train_tune_8756cff5   TERMINATED   0.000920117             64             4     1024    0.334648        5           114.812    5.68365    0.00190234    113.122  │
│ train_tune_14980f4a   TERMINATED   0.000334695             64             8     1024    0.188747       20           449.553    0.406529   0.560482      447.722  │
│ train_tune_86b0c5b8   TERMINATED   7.68385e-05             64             8     2048    0.214906       20           414.167    1.24991    0.440445      412.281  │
│ train_tune_647e4073   TERMINATED   2.46333e-05             64             4     2048    0.284054        5           130.133    4.56362    0.100881      128.097  │
│ train_tune_54c2cf1c   TERMINATED   0.000198462             32             4     1024    0.337471       20           557.475    0.911187   0.695595      555.772  │
│ train_tune_89d39032   TERMINATED   0.000175104             32             4     1024    0.305743       10           301.376    1.78564    0.49378       299.359  │
│ train_tune_dc2615ef   TERMINATED   3.28386e-05             32             4     2048    0.163527        5           158.377    3.6303     0.203436      156.59   │
│ train_tune_6258b6e3   TERMINATED   2.38546e-05             32             4     1024    0.222471        5           158.96     4.22974    0.0939875     157.04   │
│ train_tune_41fe64ec   TERMINATED   0.000898089             32             8     2048    0.240051        5           153.768    5.6746     0.00159967    151.868  │
│ train_tune_31b067d6   TERMINATED   0.000372424             32             8     1024    0.134643        5           159.049    2.95778    0.0194923     157.163  │
│ train_tune_6f645550   TERMINATED   0.000814792             32             8     1024    0.233057        5           151.927    5.61414    0.00190234    150.198  │
│ train_tune_83f08d7c   PENDING      0.0001892               16             8     1024    0.396809                                                                 │
╰──────────────────────────────────────────────────────────────────────────────────────────────────────────────────────────────────────────────────────────────────╯

Trial train_tune_371d6e86 completed after 20 iterations at 2026-03-18 20:03:06. Total running time: 23min 11s
╭────────────────────────────────────────────────────────╮
│ Trial train_tune_371d6e86 result                       │
├────────────────────────────────────────────────────────┤
│ checkpoint_dir_name                  checkpoint_000019 │
│ time_this_iter_s                              56.46264 │
│ time_total_s                                1134.28569 │
│ training_iteration                                  20 │
│ bleu                                           0.63555 │
│ loss                                           0.84337 │
│ time                                        1132.46863 │
╰────────────────────────────────────────────────────────╯

Trial train_tune_83f08d7c started with configuration:
╭──────────────────────────────────────────────╮
│ Trial train_tune_83f08d7c config             │
├──────────────────────────────────────────────┤
│ batch_size                                16 │
│ d_ff                                    1024 │
│ d_model                                  512 │
│ dropout                              0.39681 │
│ lr                                   0.00019 │
│ num_epochs                                20 │
│ num_heads                                  8 │
╰──────────────────────────────────────────────╯

Trial status: 12 TERMINATED | 3 RUNNING | 1 PENDING
Current time: 2026-03-18 20:03:26. Total running time: 23min 32s
Logical resource usage: 0/64 CPUs, 3.0/3 GPUs (0.0/1.0 accelerator_type:RTX)
[36m(train_tune pid=4186427)[0m Checkpoint successfully created at: Checkpoint(filesystem=local, path=/home/b23cs1037/ray_results/train_tune_2026-03-18_19-39-54/train_tune_debd8bbc_14_batch_size=16,d_ff=1024,d_model=512,dropout=0.3908,lr=0.0001,num_epochs=20,num_heads=4_2026-03-18_20-00-48/checkpoint_000001)
[36m(train_tune pid=4186020)[0m Checkpoint successfully created at: Checkpoint(filesystem=local, path=/home/b23cs1037/ray_results/train_tune_2026-03-18_19-39-54/train_tune_8a0cfe06_13_batch_size=16,d_ff=1024,d_model=512,dropout=0.1053,lr=0.0007,num_epochs=20,num_heads=4_2026-03-18_19-59-03/checkpoint_000002)
╭──────────────────────────────────────────────────────────────────────────────────────────────────────────────────────────────────────────────────────────────────╮
│ Trial name            status                lr     batch_size     num_heads     d_ff     dropout     iter     total time (s)       loss         bleu        time │
├──────────────────────────────────────────────────────────────────────────────────────────────────────────────────────────────────────────────────────────────────┤
│ train_tune_8a0cfe06   RUNNING      0.000736843             16             4     1024    0.105254        2           118.226    5.87634    0.00159967    116.296  │
│ train_tune_debd8bbc   RUNNING      5.57056e-05             16             4     1024    0.39085         1            57.2813   5.48352    0.0341161      55.3621 │
│ train_tune_83f08d7c   RUNNING      0.0001892               16             8     1024    0.396809                                                                 │
│ train_tune_8756cff5   TERMINATED   0.000920117             64             4     1024    0.334648        5           114.812    5.68365    0.00190234    113.122  │
│ train_tune_14980f4a   TERMINATED   0.000334695             64             8     1024    0.188747       20           449.553    0.406529   0.560482      447.722  │
│ train_tune_86b0c5b8   TERMINATED   7.68385e-05             64             8     2048    0.214906       20           414.167    1.24991    0.440445      412.281  │
│ train_tune_647e4073   TERMINATED   2.46333e-05             64             4     2048    0.284054        5           130.133    4.56362    0.100881      128.097  │
│ train_tune_371d6e86   TERMINATED   0.000273832             16             4     1024    0.170142       20          1134.29     0.843369   0.635546     1132.47   │
│ train_tune_54c2cf1c   TERMINATED   0.000198462             32             4     1024    0.337471       20           557.475    0.911187   0.695595      555.772  │
│ train_tune_89d39032   TERMINATED   0.000175104             32             4     1024    0.305743       10           301.376    1.78564    0.49378       299.359  │
│ train_tune_dc2615ef   TERMINATED   3.28386e-05             32             4     2048    0.163527        5           158.377    3.6303     0.203436      156.59   │
│ train_tune_6258b6e3   TERMINATED   2.38546e-05             32             4     1024    0.222471        5           158.96     4.22974    0.0939875     157.04   │
│ train_tune_41fe64ec   TERMINATED   0.000898089             32             8     2048    0.240051        5           153.768    5.6746     0.00159967    151.868  │
│ train_tune_31b067d6   TERMINATED   0.000372424             32             8     1024    0.134643        5           159.049    2.95778    0.0194923     157.163  │
│ train_tune_6f645550   TERMINATED   0.000814792             32             8     1024    0.233057        5           151.927    5.61414    0.00190234    150.198  │
│ train_tune_7b4fb263   PENDING      9.62261e-05             16             4     1024    0.399924                                                                 │
╰──────────────────────────────────────────────────────────────────────────────────────────────────────────────────────────────────────────────────────────────────╯
Trial status: 12 TERMINATED | 3 RUNNING | 1 PENDING
Current time: 2026-03-18 20:03:56. Total running time: 24min 2s
Logical resource usage: 0/64 CPUs, 3.0/3 GPUs (0.0/1.0 accelerator_type:RTX)
[36m(train_tune pid=4187093)[0m /home/b23cs1037/MLOps-Laksh-B23CS1037/.venv/lib/python3.10/site-packages/ray/tune/trainable/trainable_fn_utils.py:41: RayDeprecationWarning: The `Checkpoint` class should be imported from `ray.tune` when passing it to `ray.tune.report` in a Tune function. Please update your imports. See this issue for more context and migration options: https://github.com/ray-project/ray/issues/49454. Disable these warnings by setting the environment variable: RAY_TRAIN_ENABLE_V2_MIGRATION_WARNINGS=0
[36m(train_tune pid=4187093)[0m   _log_deprecation_warning(
[36m(train_tune pid=4187093)[0m Checkpoint successfully created at: Checkpoint(filesystem=local, path=/home/b23cs1037/ray_results/train_tune_2026-03-18_19-39-54/train_tune_83f08d7c_15_batch_size=16,d_ff=1024,d_model=512,dropout=0.3968,lr=0.0002,num_epochs=20,num_heads=8_2026-03-18_20-01-39/checkpoint_000000)
[36m(train_tune pid=4186427)[0m Checkpoint successfully created at: Checkpoint(filesystem=local, path=/home/b23cs1037/ray_results/train_tune_2026-03-18_19-39-54/train_tune_debd8bbc_14_batch_size=16,d_ff=1024,d_model=512,dropout=0.3908,lr=0.0001,num_epochs=20,num_heads=4_2026-03-18_20-00-48/checkpoint_000002)
╭─────────────────────────────────────────────────────────────────────────────────────────────────────────────────────────────────────────────────────────────────╮
│ Trial name            status                lr     batch_size     num_heads     d_ff     dropout     iter     total time (s)       loss         bleu       time │
├─────────────────────────────────────────────────────────────────────────────────────────────────────────────────────────────────────────────────────────────────┤
│ train_tune_8a0cfe06   RUNNING      0.000736843             16             4     1024    0.105254        3            178.438   5.73432    0             176.519 │
│ train_tune_debd8bbc   RUNNING      5.57056e-05             16             4     1024    0.39085         2            110.517   4.74762    0.0521088     108.607 │
│ train_tune_83f08d7c   RUNNING      0.0001892               16             8     1024    0.396809                                                                │
│ train_tune_8756cff5   TERMINATED   0.000920117             64             4     1024    0.334648        5            114.812   5.68365    0.00190234    113.122 │
│ train_tune_14980f4a   TERMINATED   0.000334695             64             8     1024    0.188747       20            449.553   0.406529   0.560482      447.722 │
│ train_tune_86b0c5b8   TERMINATED   7.68385e-05             64             8     2048    0.214906       20            414.167   1.24991    0.440445      412.281 │
│ train_tune_647e4073   TERMINATED   2.46333e-05             64             4     2048    0.284054        5            130.133   4.56362    0.100881      128.097 │
│ train_tune_371d6e86   TERMINATED   0.000273832             16             4     1024    0.170142       20           1134.29    0.843369   0.635546     1132.47  │
│ train_tune_54c2cf1c   TERMINATED   0.000198462             32             4     1024    0.337471       20            557.475   0.911187   0.695595      555.772 │
│ train_tune_89d39032   TERMINATED   0.000175104             32             4     1024    0.305743       10            301.376   1.78564    0.49378       299.359 │
│ train_tune_dc2615ef   TERMINATED   3.28386e-05             32             4     2048    0.163527        5            158.377   3.6303     0.203436      156.59  │
│ train_tune_6258b6e3   TERMINATED   2.38546e-05             32             4     1024    0.222471        5            158.96    4.22974    0.0939875     157.04  │
│ train_tune_41fe64ec   TERMINATED   0.000898089             32             8     2048    0.240051        5            153.768   5.6746     0.00159967    151.868 │
│ train_tune_31b067d6   TERMINATED   0.000372424             32             8     1024    0.134643        5            159.049   2.95778    0.0194923     157.163 │
│ train_tune_6f645550   TERMINATED   0.000814792             32             8     1024    0.233057        5            151.927   5.61414    0.00190234    150.198 │
│ train_tune_7b4fb263   PENDING      9.62261e-05             16             4     1024    0.399924                                                                │
╰─────────────────────────────────────────────────────────────────────────────────────────────────────────────────────────────────────────────────────────────────╯
Trial status: 12 TERMINATED | 3 RUNNING | 1 PENDING
Current time: 2026-03-18 20:04:26. Total running time: 24min 32s
Logical resource usage: 0/64 CPUs, 3.0/3 GPUs (0.0/1.0 accelerator_type:RTX)
[36m(train_tune pid=4186020)[0m Checkpoint successfully created at: Checkpoint(filesystem=local, path=/home/b23cs1037/ray_results/train_tune_2026-03-18_19-39-54/train_tune_8a0cfe06_13_batch_size=16,d_ff=1024,d_model=512,dropout=0.1053,lr=0.0007,num_epochs=20,num_heads=4_2026-03-18_19-59-03/checkpoint_000003)
╭──────────────────────────────────────────────────────────────────────────────────────────────────────────────────────────────────────────────────────────────────╮
│ Trial name            status                lr     batch_size     num_heads     d_ff     dropout     iter     total time (s)       loss         bleu        time │
├──────────────────────────────────────────────────────────────────────────────────────────────────────────────────────────────────────────────────────────────────┤
│ train_tune_8a0cfe06   RUNNING      0.000736843             16             4     1024    0.105254        3           178.438    5.73432    0             176.519  │
│ train_tune_debd8bbc   RUNNING      5.57056e-05             16             4     1024    0.39085         3           164.762    4.39087    0.101195      162.856  │
│ train_tune_83f08d7c   RUNNING      0.0001892               16             8     1024    0.396809        1            61.9308   5.36721    0.0138433      59.9738 │
│ train_tune_8756cff5   TERMINATED   0.000920117             64             4     1024    0.334648        5           114.812    5.68365    0.00190234    113.122  │
│ train_tune_14980f4a   TERMINATED   0.000334695             64             8     1024    0.188747       20           449.553    0.406529   0.560482      447.722  │
│ train_tune_86b0c5b8   TERMINATED   7.68385e-05             64             8     2048    0.214906       20           414.167    1.24991    0.440445      412.281  │
│ train_tune_647e4073   TERMINATED   2.46333e-05             64             4     2048    0.284054        5           130.133    4.56362    0.100881      128.097  │
│ train_tune_371d6e86   TERMINATED   0.000273832             16             4     1024    0.170142       20          1134.29     0.843369   0.635546     1132.47   │
│ train_tune_54c2cf1c   TERMINATED   0.000198462             32             4     1024    0.337471       20           557.475    0.911187   0.695595      555.772  │
│ train_tune_89d39032   TERMINATED   0.000175104             32             4     1024    0.305743       10           301.376    1.78564    0.49378       299.359  │
│ train_tune_dc2615ef   TERMINATED   3.28386e-05             32             4     2048    0.163527        5           158.377    3.6303     0.203436      156.59   │
│ train_tune_6258b6e3   TERMINATED   2.38546e-05             32             4     1024    0.222471        5           158.96     4.22974    0.0939875     157.04   │
│ train_tune_41fe64ec   TERMINATED   0.000898089             32             8     2048    0.240051        5           153.768    5.6746     0.00159967    151.868  │
│ train_tune_31b067d6   TERMINATED   0.000372424             32             8     1024    0.134643        5           159.049    2.95778    0.0194923     157.163  │
│ train_tune_6f645550   TERMINATED   0.000814792             32             8     1024    0.233057        5           151.927    5.61414    0.00190234    150.198  │
│ train_tune_7b4fb263   PENDING      9.62261e-05             16             4     1024    0.399924                                                                 │
╰──────────────────────────────────────────────────────────────────────────────────────────────────────────────────────────────────────────────────────────────────╯
Trial status: 12 TERMINATED | 3 RUNNING | 1 PENDING
Current time: 2026-03-18 20:04:57. Total running time: 25min 2s
Logical resource usage: 0/64 CPUs, 3.0/3 GPUs (0.0/1.0 accelerator_type:RTX)
[36m(train_tune pid=4187093)[0m Checkpoint successfully created at: Checkpoint(filesystem=local, path=/home/b23cs1037/ray_results/train_tune_2026-03-18_19-39-54/train_tune_83f08d7c_15_batch_size=16,d_ff=1024,d_model=512,dropout=0.3968,lr=0.0002,num_epochs=20,num_heads=8_2026-03-18_20-01-39/checkpoint_000001)
[36m(train_tune pid=4186427)[0m Checkpoint successfully created at: Checkpoint(filesystem=local, path=/home/b23cs1037/ray_results/train_tune_2026-03-18_19-39-54/train_tune_debd8bbc_14_batch_size=16,d_ff=1024,d_model=512,dropout=0.3908,lr=0.0001,num_epochs=20,num_heads=4_2026-03-18_20-00-48/checkpoint_000003)
╭──────────────────────────────────────────────────────────────────────────────────────────────────────────────────────────────────────────────────────────────────╮
│ Trial name            status                lr     batch_size     num_heads     d_ff     dropout     iter     total time (s)       loss         bleu        time │
├──────────────────────────────────────────────────────────────────────────────────────────────────────────────────────────────────────────────────────────────────┤
│ train_tune_8a0cfe06   RUNNING      0.000736843             16             4     1024    0.105254        4           239.411    5.68578    0.00159967    237.481  │
│ train_tune_debd8bbc   RUNNING      5.57056e-05             16             4     1024    0.39085         3           164.762    4.39087    0.101195      162.856  │
│ train_tune_83f08d7c   RUNNING      0.0001892               16             8     1024    0.396809        1            61.9308   5.36721    0.0138433      59.9738 │
│ train_tune_8756cff5   TERMINATED   0.000920117             64             4     1024    0.334648        5           114.812    5.68365    0.00190234    113.122  │
│ train_tune_14980f4a   TERMINATED   0.000334695             64             8     1024    0.188747       20           449.553    0.406529   0.560482      447.722  │
│ train_tune_86b0c5b8   TERMINATED   7.68385e-05             64             8     2048    0.214906       20           414.167    1.24991    0.440445      412.281  │
│ train_tune_647e4073   TERMINATED   2.46333e-05             64             4     2048    0.284054        5           130.133    4.56362    0.100881      128.097  │
│ train_tune_371d6e86   TERMINATED   0.000273832             16             4     1024    0.170142       20          1134.29     0.843369   0.635546     1132.47   │
│ train_tune_54c2cf1c   TERMINATED   0.000198462             32             4     1024    0.337471       20           557.475    0.911187   0.695595      555.772  │
│ train_tune_89d39032   TERMINATED   0.000175104             32             4     1024    0.305743       10           301.376    1.78564    0.49378       299.359  │
│ train_tune_dc2615ef   TERMINATED   3.28386e-05             32             4     2048    0.163527        5           158.377    3.6303     0.203436      156.59   │
│ train_tune_6258b6e3   TERMINATED   2.38546e-05             32             4     1024    0.222471        5           158.96     4.22974    0.0939875     157.04   │
│ train_tune_41fe64ec   TERMINATED   0.000898089             32             8     2048    0.240051        5           153.768    5.6746     0.00159967    151.868  │
│ train_tune_31b067d6   TERMINATED   0.000372424             32             8     1024    0.134643        5           159.049    2.95778    0.0194923     157.163  │
│ train_tune_6f645550   TERMINATED   0.000814792             32             8     1024    0.233057        5           151.927    5.61414    0.00190234    150.198  │
│ train_tune_7b4fb263   PENDING      9.62261e-05             16             4     1024    0.399924                                                                 │
╰──────────────────────────────────────────────────────────────────────────────────────────────────────────────────────────────────────────────────────────────────╯
Trial status: 12 TERMINATED | 3 RUNNING | 1 PENDING
Current time: 2026-03-18 20:05:27. Total running time: 25min 32s
Logical resource usage: 0/64 CPUs, 3.0/3 GPUs (0.0/1.0 accelerator_type:RTX)
[36m(train_tune pid=4186020)[0m Checkpoint successfully created at: Checkpoint(filesystem=local, path=/home/b23cs1037/ray_results/train_tune_2026-03-18_19-39-54/train_tune_8a0cfe06_13_batch_size=16,d_ff=1024,d_model=512,dropout=0.1053,lr=0.0007,num_epochs=20,num_heads=4_2026-03-18_19-59-03/checkpoint_000004)
╭─────────────────────────────────────────────────────────────────────────────────────────────────────────────────────────────────────────────────────────────────╮
│ Trial name            status                lr     batch_size     num_heads     d_ff     dropout     iter     total time (s)       loss         bleu       time │
├─────────────────────────────────────────────────────────────────────────────────────────────────────────────────────────────────────────────────────────────────┤
│ train_tune_8a0cfe06   RUNNING      0.000736843             16             4     1024    0.105254        4            239.411   5.68578    0.00159967    237.481 │
│ train_tune_debd8bbc   RUNNING      5.57056e-05             16             4     1024    0.39085         4            218.077   4.11759    0.0826339     216.209 │
│ train_tune_83f08d7c   RUNNING      0.0001892               16             8     1024    0.396809        2            119.836   4.68719    0.0466754     117.902 │
│ train_tune_8756cff5   TERMINATED   0.000920117             64             4     1024    0.334648        5            114.812   5.68365    0.00190234    113.122 │
│ train_tune_14980f4a   TERMINATED   0.000334695             64             8     1024    0.188747       20            449.553   0.406529   0.560482      447.722 │
│ train_tune_86b0c5b8   TERMINATED   7.68385e-05             64             8     2048    0.214906       20            414.167   1.24991    0.440445      412.281 │
│ train_tune_647e4073   TERMINATED   2.46333e-05             64             4     2048    0.284054        5            130.133   4.56362    0.100881      128.097 │
│ train_tune_371d6e86   TERMINATED   0.000273832             16             4     1024    0.170142       20           1134.29    0.843369   0.635546     1132.47  │
│ train_tune_54c2cf1c   TERMINATED   0.000198462             32             4     1024    0.337471       20            557.475   0.911187   0.695595      555.772 │
│ train_tune_89d39032   TERMINATED   0.000175104             32             4     1024    0.305743       10            301.376   1.78564    0.49378       299.359 │
│ train_tune_dc2615ef   TERMINATED   3.28386e-05             32             4     2048    0.163527        5            158.377   3.6303     0.203436      156.59  │
│ train_tune_6258b6e3   TERMINATED   2.38546e-05             32             4     1024    0.222471        5            158.96    4.22974    0.0939875     157.04  │
│ train_tune_41fe64ec   TERMINATED   0.000898089             32             8     2048    0.240051        5            153.768   5.6746     0.00159967    151.868 │
│ train_tune_31b067d6   TERMINATED   0.000372424             32             8     1024    0.134643        5            159.049   2.95778    0.0194923     157.163 │
│ train_tune_6f645550   TERMINATED   0.000814792             32             8     1024    0.233057        5            151.927   5.61414    0.00190234    150.198 │
│ train_tune_7b4fb263   PENDING      9.62261e-05             16             4     1024    0.399924                                                                │
╰─────────────────────────────────────────────────────────────────────────────────────────────────────────────────────────────────────────────────────────────────╯

Trial train_tune_8a0cfe06 completed after 5 iterations at 2026-03-18 20:05:45. Total running time: 25min 51s
╭────────────────────────────────────────────────────────╮
│ Trial train_tune_8a0cfe06 result                       │
├────────────────────────────────────────────────────────┤
│ checkpoint_dir_name                  checkpoint_000004 │
│ time_this_iter_s                              57.19598 │
│ time_total_s                                 296.60747 │
│ training_iteration                                   5 │
│ bleu                                                 0 │
│ loss                                            5.6662 │
│ time                                         294.69868 │
╰────────────────────────────────────────────────────────╯

Trial train_tune_7b4fb263 started with configuration:
╭──────────────────────────────────────────────╮
│ Trial train_tune_7b4fb263 config             │
├──────────────────────────────────────────────┤
│ batch_size                                16 │
│ d_ff                                    1024 │
│ d_model                                  512 │
│ dropout                              0.39992 │
│ lr                                    0.0001 │
│ num_epochs                                20 │
│ num_heads                                  4 │
╰──────────────────────────────────────────────╯

Trial status: 13 TERMINATED | 3 RUNNING | 1 PENDING
Current time: 2026-03-18 20:05:57. Total running time: 26min 2s
Logical resource usage: 0/64 CPUs, 3.0/3 GPUs (0.0/1.0 accelerator_type:RTX)
[36m(train_tune pid=4187093)[0m Checkpoint successfully created at: Checkpoint(filesystem=local, path=/home/b23cs1037/ray_results/train_tune_2026-03-18_19-39-54/train_tune_83f08d7c_15_batch_size=16,d_ff=1024,d_model=512,dropout=0.3968,lr=0.0002,num_epochs=20,num_heads=8_2026-03-18_20-01-39/checkpoint_000002)
╭─────────────────────────────────────────────────────────────────────────────────────────────────────────────────────────────────────────────────────────────────╮
│ Trial name            status                lr     batch_size     num_heads     d_ff     dropout     iter     total time (s)       loss         bleu       time │
├─────────────────────────────────────────────────────────────────────────────────────────────────────────────────────────────────────────────────────────────────┤
│ train_tune_debd8bbc   RUNNING      5.57056e-05             16             4     1024    0.39085         4            218.077   4.11759    0.0826339     216.209 │
│ train_tune_83f08d7c   RUNNING      0.0001892               16             8     1024    0.396809        2            119.836   4.68719    0.0466754     117.902 │
│ train_tune_7b4fb263   RUNNING      9.62261e-05             16             4     1024    0.399924                                                                │
│ train_tune_8756cff5   TERMINATED   0.000920117             64             4     1024    0.334648        5            114.812   5.68365    0.00190234    113.122 │
│ train_tune_14980f4a   TERMINATED   0.000334695             64             8     1024    0.188747       20            449.553   0.406529   0.560482      447.722 │
│ train_tune_86b0c5b8   TERMINATED   7.68385e-05             64             8     2048    0.214906       20            414.167   1.24991    0.440445      412.281 │
│ train_tune_647e4073   TERMINATED   2.46333e-05             64             4     2048    0.284054        5            130.133   4.56362    0.100881      128.097 │
│ train_tune_371d6e86   TERMINATED   0.000273832             16             4     1024    0.170142       20           1134.29    0.843369   0.635546     1132.47  │
│ train_tune_54c2cf1c   TERMINATED   0.000198462             32             4     1024    0.337471       20            557.475   0.911187   0.695595      555.772 │
│ train_tune_89d39032   TERMINATED   0.000175104             32             4     1024    0.305743       10            301.376   1.78564    0.49378       299.359 │
│ train_tune_dc2615ef   TERMINATED   3.28386e-05             32             4     2048    0.163527        5            158.377   3.6303     0.203436      156.59  │
│ train_tune_6258b6e3   TERMINATED   2.38546e-05             32             4     1024    0.222471        5            158.96    4.22974    0.0939875     157.04  │
│ train_tune_41fe64ec   TERMINATED   0.000898089             32             8     2048    0.240051        5            153.768   5.6746     0.00159967    151.868 │
│ train_tune_31b067d6   TERMINATED   0.000372424             32             8     1024    0.134643        5            159.049   2.95778    0.0194923     157.163 │
│ train_tune_6f645550   TERMINATED   0.000814792             32             8     1024    0.233057        5            151.927   5.61414    0.00190234    150.198 │
│ train_tune_8a0cfe06   TERMINATED   0.000736843             16             4     1024    0.105254        5            296.607   5.6662     0             294.699 │
│ train_tune_f66fe68c   PENDING      0.000115652             16             4     1024    0.396439                                                                │
╰─────────────────────────────────────────────────────────────────────────────────────────────────────────────────────────────────────────────────────────────────╯
Trial status: 13 TERMINATED | 3 RUNNING | 1 PENDING
Current time: 2026-03-18 20:06:27. Total running time: 26min 32s
Logical resource usage: 0/64 CPUs, 3.0/3 GPUs (0.0/1.0 accelerator_type:RTX)
[36m(train_tune pid=4188149)[0m /home/b23cs1037/MLOps-Laksh-B23CS1037/.venv/lib/python3.10/site-packages/ray/tune/trainable/trainable_fn_utils.py:41: RayDeprecationWarning: The `Checkpoint` class should be imported from `ray.tune` when passing it to `ray.tune.report` in a Tune function. Please update your imports. See this issue for more context and migration options: https://github.com/ray-project/ray/issues/49454. Disable these warnings by setting the environment variable: RAY_TRAIN_ENABLE_V2_MIGRATION_WARNINGS=0
[36m(train_tune pid=4188149)[0m   _log_deprecation_warning(
[36m(train_tune pid=4186427)[0m Checkpoint successfully created at: Checkpoint(filesystem=local, path=/home/b23cs1037/ray_results/train_tune_2026-03-18_19-39-54/train_tune_debd8bbc_14_batch_size=16,d_ff=1024,d_model=512,dropout=0.3908,lr=0.0001,num_epochs=20,num_heads=4_2026-03-18_20-00-48/checkpoint_000004)
[36m(train_tune pid=4188149)[0m Checkpoint successfully created at: Checkpoint(filesystem=local, path=/home/b23cs1037/ray_results/train_tune_2026-03-18_19-39-54/train_tune_7b4fb263_16_batch_size=16,d_ff=1024,d_model=512,dropout=0.3999,lr=0.0001,num_epochs=20,num_heads=4_2026-03-18_20-03-09/checkpoint_000000)
╭─────────────────────────────────────────────────────────────────────────────────────────────────────────────────────────────────────────────────────────────────╮
│ Trial name            status                lr     batch_size     num_heads     d_ff     dropout     iter     total time (s)       loss         bleu       time │
├─────────────────────────────────────────────────────────────────────────────────────────────────────────────────────────────────────────────────────────────────┤
│ train_tune_debd8bbc   RUNNING      5.57056e-05             16             4     1024    0.39085         5            270.388   3.88559    0.115702      268.531 │
│ train_tune_83f08d7c   RUNNING      0.0001892               16             8     1024    0.396809        3            176.808   4.23169    0.0270588     174.885 │
│ train_tune_7b4fb263   RUNNING      9.62261e-05             16             4     1024    0.399924                                                                │
│ train_tune_8756cff5   TERMINATED   0.000920117             64             4     1024    0.334648        5            114.812   5.68365    0.00190234    113.122 │
│ train_tune_14980f4a   TERMINATED   0.000334695             64             8     1024    0.188747       20            449.553   0.406529   0.560482      447.722 │
│ train_tune_86b0c5b8   TERMINATED   7.68385e-05             64             8     2048    0.214906       20            414.167   1.24991    0.440445      412.281 │
│ train_tune_647e4073   TERMINATED   2.46333e-05             64             4     2048    0.284054        5            130.133   4.56362    0.100881      128.097 │
│ train_tune_371d6e86   TERMINATED   0.000273832             16             4     1024    0.170142       20           1134.29    0.843369   0.635546     1132.47  │
│ train_tune_54c2cf1c   TERMINATED   0.000198462             32             4     1024    0.337471       20            557.475   0.911187   0.695595      555.772 │
│ train_tune_89d39032   TERMINATED   0.000175104             32             4     1024    0.305743       10            301.376   1.78564    0.49378       299.359 │
│ train_tune_dc2615ef   TERMINATED   3.28386e-05             32             4     2048    0.163527        5            158.377   3.6303     0.203436      156.59  │
│ train_tune_6258b6e3   TERMINATED   2.38546e-05             32             4     1024    0.222471        5            158.96    4.22974    0.0939875     157.04  │
│ train_tune_41fe64ec   TERMINATED   0.000898089             32             8     2048    0.240051        5            153.768   5.6746     0.00159967    151.868 │
│ train_tune_31b067d6   TERMINATED   0.000372424             32             8     1024    0.134643        5            159.049   2.95778    0.0194923     157.163 │
│ train_tune_6f645550   TERMINATED   0.000814792             32             8     1024    0.233057        5            151.927   5.61414    0.00190234    150.198 │
│ train_tune_8a0cfe06   TERMINATED   0.000736843             16             4     1024    0.105254        5            296.607   5.6662     0             294.699 │
│ train_tune_f66fe68c   PENDING      0.000115652             16             4     1024    0.396439                                                                │
╰─────────────────────────────────────────────────────────────────────────────────────────────────────────────────────────────────────────────────────────────────╯
Trial status: 13 TERMINATED | 3 RUNNING | 1 PENDING
Current time: 2026-03-18 20:06:57. Total running time: 27min 2s
Logical resource usage: 0/64 CPUs, 3.0/3 GPUs (0.0/1.0 accelerator_type:RTX)
[36m(train_tune pid=4186427)[0m Checkpoint successfully created at: Checkpoint(filesystem=local, path=/home/b23cs1037/ray_results/train_tune_2026-03-18_19-39-54/train_tune_debd8bbc_14_batch_size=16,d_ff=1024,d_model=512,dropout=0.3908,lr=0.0001,num_epochs=20,num_heads=4_2026-03-18_20-00-48/checkpoint_000005)
[36m(train_tune pid=4187093)[0m Checkpoint successfully created at: Checkpoint(filesystem=local, path=/home/b23cs1037/ray_results/train_tune_2026-03-18_19-39-54/train_tune_83f08d7c_15_batch_size=16,d_ff=1024,d_model=512,dropout=0.3968,lr=0.0002,num_epochs=20,num_heads=8_2026-03-18_20-01-39/checkpoint_000003)
╭─────────────────────────────────────────────────────────────────────────────────────────────────────────────────────────────────────────────────────────────────╮
│ Trial name            status                lr     batch_size     num_heads     d_ff     dropout     iter     total time (s)       loss         bleu       time │
├─────────────────────────────────────────────────────────────────────────────────────────────────────────────────────────────────────────────────────────────────┤
│ train_tune_debd8bbc   RUNNING      5.57056e-05             16             4     1024    0.39085         5           270.388    3.88559    0.115702      268.531 │
│ train_tune_83f08d7c   RUNNING      0.0001892               16             8     1024    0.396809        3           176.808    4.23169    0.0270588     174.885 │
│ train_tune_7b4fb263   RUNNING      9.62261e-05             16             4     1024    0.399924        1            59.1746   5.35125    0.0458969      57.244 │
│ train_tune_8756cff5   TERMINATED   0.000920117             64             4     1024    0.334648        5           114.812    5.68365    0.00190234    113.122 │
│ train_tune_14980f4a   TERMINATED   0.000334695             64             8     1024    0.188747       20           449.553    0.406529   0.560482      447.722 │
│ train_tune_86b0c5b8   TERMINATED   7.68385e-05             64             8     2048    0.214906       20           414.167    1.24991    0.440445      412.281 │
│ train_tune_647e4073   TERMINATED   2.46333e-05             64             4     2048    0.284054        5           130.133    4.56362    0.100881      128.097 │
│ train_tune_371d6e86   TERMINATED   0.000273832             16             4     1024    0.170142       20          1134.29     0.843369   0.635546     1132.47  │
│ train_tune_54c2cf1c   TERMINATED   0.000198462             32             4     1024    0.337471       20           557.475    0.911187   0.695595      555.772 │
│ train_tune_89d39032   TERMINATED   0.000175104             32             4     1024    0.305743       10           301.376    1.78564    0.49378       299.359 │
│ train_tune_dc2615ef   TERMINATED   3.28386e-05             32             4     2048    0.163527        5           158.377    3.6303     0.203436      156.59  │
│ train_tune_6258b6e3   TERMINATED   2.38546e-05             32             4     1024    0.222471        5           158.96     4.22974    0.0939875     157.04  │
│ train_tune_41fe64ec   TERMINATED   0.000898089             32             8     2048    0.240051        5           153.768    5.6746     0.00159967    151.868 │
│ train_tune_31b067d6   TERMINATED   0.000372424             32             8     1024    0.134643        5           159.049    2.95778    0.0194923     157.163 │
│ train_tune_6f645550   TERMINATED   0.000814792             32             8     1024    0.233057        5           151.927    5.61414    0.00190234    150.198 │
│ train_tune_8a0cfe06   TERMINATED   0.000736843             16             4     1024    0.105254        5           296.607    5.6662     0             294.699 │
│ train_tune_f66fe68c   PENDING      0.000115652             16             4     1024    0.396439                                                                │
╰─────────────────────────────────────────────────────────────────────────────────────────────────────────────────────────────────────────────────────────────────╯
Trial status: 13 TERMINATED | 3 RUNNING | 1 PENDING
Current time: 2026-03-18 20:07:27. Total running time: 27min 33s
Logical resource usage: 0/64 CPUs, 3.0/3 GPUs (0.0/1.0 accelerator_type:RTX)
[36m(train_tune pid=4188149)[0m Checkpoint successfully created at: Checkpoint(filesystem=local, path=/home/b23cs1037/ray_results/train_tune_2026-03-18_19-39-54/train_tune_7b4fb263_16_batch_size=16,d_ff=1024,d_model=512,dropout=0.3999,lr=0.0001,num_epochs=20,num_heads=4_2026-03-18_20-03-09/checkpoint_000001)
[36m(train_tune pid=4186427)[0m Checkpoint successfully created at: Checkpoint(filesystem=local, path=/home/b23cs1037/ray_results/train_tune_2026-03-18_19-39-54/train_tune_debd8bbc_14_batch_size=16,d_ff=1024,d_model=512,dropout=0.3908,lr=0.0001,num_epochs=20,num_heads=4_2026-03-18_20-00-48/checkpoint_000006)
╭─────────────────────────────────────────────────────────────────────────────────────────────────────────────────────────────────────────────────────────────────╮
│ Trial name            status                lr     batch_size     num_heads     d_ff     dropout     iter     total time (s)       loss         bleu       time │
├─────────────────────────────────────────────────────────────────────────────────────────────────────────────────────────────────────────────────────────────────┤
│ train_tune_debd8bbc   RUNNING      5.57056e-05             16             4     1024    0.39085         6           322.322    3.67811    0.123108      320.491 │
│ train_tune_83f08d7c   RUNNING      0.0001892               16             8     1024    0.396809        4           234.075    3.83905    0.107001      232.163 │
│ train_tune_7b4fb263   RUNNING      9.62261e-05             16             4     1024    0.399924        1            59.1746   5.35125    0.0458969      57.244 │
│ train_tune_8756cff5   TERMINATED   0.000920117             64             4     1024    0.334648        5           114.812    5.68365    0.00190234    113.122 │
│ train_tune_14980f4a   TERMINATED   0.000334695             64             8     1024    0.188747       20           449.553    0.406529   0.560482      447.722 │
│ train_tune_86b0c5b8   TERMINATED   7.68385e-05             64             8     2048    0.214906       20           414.167    1.24991    0.440445      412.281 │
│ train_tune_647e4073   TERMINATED   2.46333e-05             64             4     2048    0.284054        5           130.133    4.56362    0.100881      128.097 │
│ train_tune_371d6e86   TERMINATED   0.000273832             16             4     1024    0.170142       20          1134.29     0.843369   0.635546     1132.47  │
│ train_tune_54c2cf1c   TERMINATED   0.000198462             32             4     1024    0.337471       20           557.475    0.911187   0.695595      555.772 │
│ train_tune_89d39032   TERMINATED   0.000175104             32             4     1024    0.305743       10           301.376    1.78564    0.49378       299.359 │
│ train_tune_dc2615ef   TERMINATED   3.28386e-05             32             4     2048    0.163527        5           158.377    3.6303     0.203436      156.59  │
│ train_tune_6258b6e3   TERMINATED   2.38546e-05             32             4     1024    0.222471        5           158.96     4.22974    0.0939875     157.04  │
│ train_tune_41fe64ec   TERMINATED   0.000898089             32             8     2048    0.240051        5           153.768    5.6746     0.00159967    151.868 │
│ train_tune_31b067d6   TERMINATED   0.000372424             32             8     1024    0.134643        5           159.049    2.95778    0.0194923     157.163 │
│ train_tune_6f645550   TERMINATED   0.000814792             32             8     1024    0.233057        5           151.927    5.61414    0.00190234    150.198 │
│ train_tune_8a0cfe06   TERMINATED   0.000736843             16             4     1024    0.105254        5           296.607    5.6662     0             294.699 │
│ train_tune_f66fe68c   PENDING      0.000115652             16             4     1024    0.396439                                                                │
╰─────────────────────────────────────────────────────────────────────────────────────────────────────────────────────────────────────────────────────────────────╯
Trial status: 13 TERMINATED | 3 RUNNING | 1 PENDING
Current time: 2026-03-18 20:07:57. Total running time: 28min 3s
Logical resource usage: 0/64 CPUs, 3.0/3 GPUs (0.0/1.0 accelerator_type:RTX)
[36m(train_tune pid=4187093)[0m Checkpoint successfully created at: Checkpoint(filesystem=local, path=/home/b23cs1037/ray_results/train_tune_2026-03-18_19-39-54/train_tune_83f08d7c_15_batch_size=16,d_ff=1024,d_model=512,dropout=0.3968,lr=0.0002,num_epochs=20,num_heads=8_2026-03-18_20-01-39/checkpoint_000004)
╭─────────────────────────────────────────────────────────────────────────────────────────────────────────────────────────────────────────────────────────────────╮
│ Trial name            status                lr     batch_size     num_heads     d_ff     dropout     iter     total time (s)       loss         bleu       time │
├─────────────────────────────────────────────────────────────────────────────────────────────────────────────────────────────────────────────────────────────────┤
│ train_tune_debd8bbc   RUNNING      5.57056e-05             16             4     1024    0.39085         7            374.794   3.50468    0.183165      372.956 │
│ train_tune_83f08d7c   RUNNING      0.0001892               16             8     1024    0.396809        4            234.075   3.83905    0.107001      232.163 │
│ train_tune_7b4fb263   RUNNING      9.62261e-05             16             4     1024    0.399924        2            115.502   4.60012    0.113235      113.594 │
│ train_tune_8756cff5   TERMINATED   0.000920117             64             4     1024    0.334648        5            114.812   5.68365    0.00190234    113.122 │
│ train_tune_14980f4a   TERMINATED   0.000334695             64             8     1024    0.188747       20            449.553   0.406529   0.560482      447.722 │
│ train_tune_86b0c5b8   TERMINATED   7.68385e-05             64             8     2048    0.214906       20            414.167   1.24991    0.440445      412.281 │
│ train_tune_647e4073   TERMINATED   2.46333e-05             64             4     2048    0.284054        5            130.133   4.56362    0.100881      128.097 │
│ train_tune_371d6e86   TERMINATED   0.000273832             16             4     1024    0.170142       20           1134.29    0.843369   0.635546     1132.47  │
│ train_tune_54c2cf1c   TERMINATED   0.000198462             32             4     1024    0.337471       20            557.475   0.911187   0.695595      555.772 │
│ train_tune_89d39032   TERMINATED   0.000175104             32             4     1024    0.305743       10            301.376   1.78564    0.49378       299.359 │
│ train_tune_dc2615ef   TERMINATED   3.28386e-05             32             4     2048    0.163527        5            158.377   3.6303     0.203436      156.59  │
│ train_tune_6258b6e3   TERMINATED   2.38546e-05             32             4     1024    0.222471        5            158.96    4.22974    0.0939875     157.04  │
│ train_tune_41fe64ec   TERMINATED   0.000898089             32             8     2048    0.240051        5            153.768   5.6746     0.00159967    151.868 │
│ train_tune_31b067d6   TERMINATED   0.000372424             32             8     1024    0.134643        5            159.049   2.95778    0.0194923     157.163 │
│ train_tune_6f645550   TERMINATED   0.000814792             32             8     1024    0.233057        5            151.927   5.61414    0.00190234    150.198 │
│ train_tune_8a0cfe06   TERMINATED   0.000736843             16             4     1024    0.105254        5            296.607   5.6662     0             294.699 │
│ train_tune_f66fe68c   PENDING      0.000115652             16             4     1024    0.396439                                                                │
╰─────────────────────────────────────────────────────────────────────────────────────────────────────────────────────────────────────────────────────────────────╯
Trial status: 13 TERMINATED | 3 RUNNING | 1 PENDING
Current time: 2026-03-18 20:08:27. Total running time: 28min 33s
Logical resource usage: 0/64 CPUs, 3.0/3 GPUs (0.0/1.0 accelerator_type:RTX)
[36m(train_tune pid=4188149)[0m Checkpoint successfully created at: Checkpoint(filesystem=local, path=/home/b23cs1037/ray_results/train_tune_2026-03-18_19-39-54/train_tune_7b4fb263_16_batch_size=16,d_ff=1024,d_model=512,dropout=0.3999,lr=0.0001,num_epochs=20,num_heads=4_2026-03-18_20-03-09/checkpoint_000002)
[36m(train_tune pid=4186427)[0m Checkpoint successfully created at: Checkpoint(filesystem=local, path=/home/b23cs1037/ray_results/train_tune_2026-03-18_19-39-54/train_tune_debd8bbc_14_batch_size=16,d_ff=1024,d_model=512,dropout=0.3908,lr=0.0001,num_epochs=20,num_heads=4_2026-03-18_20-00-48/checkpoint_000007)
╭─────────────────────────────────────────────────────────────────────────────────────────────────────────────────────────────────────────────────────────────────╮
│ Trial name            status                lr     batch_size     num_heads     d_ff     dropout     iter     total time (s)       loss         bleu       time │
├─────────────────────────────────────────────────────────────────────────────────────────────────────────────────────────────────────────────────────────────────┤
│ train_tune_debd8bbc   RUNNING      5.57056e-05             16             4     1024    0.39085         7            374.794   3.50468    0.183165      372.956 │
│ train_tune_83f08d7c   RUNNING      0.0001892               16             8     1024    0.396809        5            290.656   3.52014    0.111862      288.752 │
│ train_tune_7b4fb263   RUNNING      9.62261e-05             16             4     1024    0.399924        2            115.502   4.60012    0.113235      113.594 │
│ train_tune_8756cff5   TERMINATED   0.000920117             64             4     1024    0.334648        5            114.812   5.68365    0.00190234    113.122 │
│ train_tune_14980f4a   TERMINATED   0.000334695             64             8     1024    0.188747       20            449.553   0.406529   0.560482      447.722 │
│ train_tune_86b0c5b8   TERMINATED   7.68385e-05             64             8     2048    0.214906       20            414.167   1.24991    0.440445      412.281 │
│ train_tune_647e4073   TERMINATED   2.46333e-05             64             4     2048    0.284054        5            130.133   4.56362    0.100881      128.097 │
│ train_tune_371d6e86   TERMINATED   0.000273832             16             4     1024    0.170142       20           1134.29    0.843369   0.635546     1132.47  │
│ train_tune_54c2cf1c   TERMINATED   0.000198462             32             4     1024    0.337471       20            557.475   0.911187   0.695595      555.772 │
│ train_tune_89d39032   TERMINATED   0.000175104             32             4     1024    0.305743       10            301.376   1.78564    0.49378       299.359 │
│ train_tune_dc2615ef   TERMINATED   3.28386e-05             32             4     2048    0.163527        5            158.377   3.6303     0.203436      156.59  │
│ train_tune_6258b6e3   TERMINATED   2.38546e-05             32             4     1024    0.222471        5            158.96    4.22974    0.0939875     157.04  │
│ train_tune_41fe64ec   TERMINATED   0.000898089             32             8     2048    0.240051        5            153.768   5.6746     0.00159967    151.868 │
│ train_tune_31b067d6   TERMINATED   0.000372424             32             8     1024    0.134643        5            159.049   2.95778    0.0194923     157.163 │
│ train_tune_6f645550   TERMINATED   0.000814792             32             8     1024    0.233057        5            151.927   5.61414    0.00190234    150.198 │
│ train_tune_8a0cfe06   TERMINATED   0.000736843             16             4     1024    0.105254        5            296.607   5.6662     0             294.699 │
│ train_tune_f66fe68c   PENDING      0.000115652             16             4     1024    0.396439                                                                │
╰─────────────────────────────────────────────────────────────────────────────────────────────────────────────────────────────────────────────────────────────────╯
Trial status: 13 TERMINATED | 3 RUNNING | 1 PENDING
Current time: 2026-03-18 20:08:57. Total running time: 29min 3s
Logical resource usage: 0/64 CPUs, 3.0/3 GPUs (0.0/1.0 accelerator_type:RTX)
[36m(train_tune pid=4187093)[0m Checkpoint successfully created at: Checkpoint(filesystem=local, path=/home/b23cs1037/ray_results/train_tune_2026-03-18_19-39-54/train_tune_83f08d7c_15_batch_size=16,d_ff=1024,d_model=512,dropout=0.3968,lr=0.0002,num_epochs=20,num_heads=8_2026-03-18_20-01-39/checkpoint_000005)
╭─────────────────────────────────────────────────────────────────────────────────────────────────────────────────────────────────────────────────────────────────╮
│ Trial name            status                lr     batch_size     num_heads     d_ff     dropout     iter     total time (s)       loss         bleu       time │
├─────────────────────────────────────────────────────────────────────────────────────────────────────────────────────────────────────────────────────────────────┤
│ train_tune_debd8bbc   RUNNING      5.57056e-05             16             4     1024    0.39085         8            426.676   3.33399    0.122449      424.846 │
│ train_tune_83f08d7c   RUNNING      0.0001892               16             8     1024    0.396809        5            290.656   3.52014    0.111862      288.752 │
│ train_tune_7b4fb263   RUNNING      9.62261e-05             16             4     1024    0.399924        3            171.933   4.18299    0.0910313     170.052 │
│ train_tune_8756cff5   TERMINATED   0.000920117             64             4     1024    0.334648        5            114.812   5.68365    0.00190234    113.122 │
│ train_tune_14980f4a   TERMINATED   0.000334695             64             8     1024    0.188747       20            449.553   0.406529   0.560482      447.722 │
│ train_tune_86b0c5b8   TERMINATED   7.68385e-05             64             8     2048    0.214906       20            414.167   1.24991    0.440445      412.281 │
│ train_tune_647e4073   TERMINATED   2.46333e-05             64             4     2048    0.284054        5            130.133   4.56362    0.100881      128.097 │
│ train_tune_371d6e86   TERMINATED   0.000273832             16             4     1024    0.170142       20           1134.29    0.843369   0.635546     1132.47  │
│ train_tune_54c2cf1c   TERMINATED   0.000198462             32             4     1024    0.337471       20            557.475   0.911187   0.695595      555.772 │
│ train_tune_89d39032   TERMINATED   0.000175104             32             4     1024    0.305743       10            301.376   1.78564    0.49378       299.359 │
│ train_tune_dc2615ef   TERMINATED   3.28386e-05             32             4     2048    0.163527        5            158.377   3.6303     0.203436      156.59  │
│ train_tune_6258b6e3   TERMINATED   2.38546e-05             32             4     1024    0.222471        5            158.96    4.22974    0.0939875     157.04  │
│ train_tune_41fe64ec   TERMINATED   0.000898089             32             8     2048    0.240051        5            153.768   5.6746     0.00159967    151.868 │
│ train_tune_31b067d6   TERMINATED   0.000372424             32             8     1024    0.134643        5            159.049   2.95778    0.0194923     157.163 │
│ train_tune_6f645550   TERMINATED   0.000814792             32             8     1024    0.233057        5            151.927   5.61414    0.00190234    150.198 │
│ train_tune_8a0cfe06   TERMINATED   0.000736843             16             4     1024    0.105254        5            296.607   5.6662     0             294.699 │
│ train_tune_f66fe68c   PENDING      0.000115652             16             4     1024    0.396439                                                                │
╰─────────────────────────────────────────────────────────────────────────────────────────────────────────────────────────────────────────────────────────────────╯
Trial status: 13 TERMINATED | 3 RUNNING | 1 PENDING
Current time: 2026-03-18 20:09:27. Total running time: 29min 33s
Logical resource usage: 0/64 CPUs, 3.0/3 GPUs (0.0/1.0 accelerator_type:RTX)
[36m(train_tune pid=4188149)[0m Checkpoint successfully created at: Checkpoint(filesystem=local, path=/home/b23cs1037/ray_results/train_tune_2026-03-18_19-39-54/train_tune_7b4fb263_16_batch_size=16,d_ff=1024,d_model=512,dropout=0.3999,lr=0.0001,num_epochs=20,num_heads=4_2026-03-18_20-03-09/checkpoint_000003)
[36m(train_tune pid=4186427)[0m Checkpoint successfully created at: Checkpoint(filesystem=local, path=/home/b23cs1037/ray_results/train_tune_2026-03-18_19-39-54/train_tune_debd8bbc_14_batch_size=16,d_ff=1024,d_model=512,dropout=0.3908,lr=0.0001,num_epochs=20,num_heads=4_2026-03-18_20-00-48/checkpoint_000008)
[36m(train_tune pid=4187093)[0m Checkpoint successfully created at: Checkpoint(filesystem=local, path=/home/b23cs1037/ray_results/train_tune_2026-03-18_19-39-54/train_tune_83f08d7c_15_batch_size=16,d_ff=1024,d_model=512,dropout=0.3968,lr=0.0002,num_epochs=20,num_heads=8_2026-03-18_20-01-39/checkpoint_000006)
╭─────────────────────────────────────────────────────────────────────────────────────────────────────────────────────────────────────────────────────────────────╮
│ Trial name            status                lr     batch_size     num_heads     d_ff     dropout     iter     total time (s)       loss         bleu       time │
├─────────────────────────────────────────────────────────────────────────────────────────────────────────────────────────────────────────────────────────────────┤
│ train_tune_debd8bbc   RUNNING      5.57056e-05             16             4     1024    0.39085         8            426.676   3.33399    0.122449      424.846 │
│ train_tune_83f08d7c   RUNNING      0.0001892               16             8     1024    0.396809        6            347.529   3.25429    0.171315      345.653 │
│ train_tune_7b4fb263   RUNNING      9.62261e-05             16             4     1024    0.399924        3            171.933   4.18299    0.0910313     170.052 │
│ train_tune_8756cff5   TERMINATED   0.000920117             64             4     1024    0.334648        5            114.812   5.68365    0.00190234    113.122 │
│ train_tune_14980f4a   TERMINATED   0.000334695             64             8     1024    0.188747       20            449.553   0.406529   0.560482      447.722 │
│ train_tune_86b0c5b8   TERMINATED   7.68385e-05             64             8     2048    0.214906       20            414.167   1.24991    0.440445      412.281 │
│ train_tune_647e4073   TERMINATED   2.46333e-05             64             4     2048    0.284054        5            130.133   4.56362    0.100881      128.097 │
│ train_tune_371d6e86   TERMINATED   0.000273832             16             4     1024    0.170142       20           1134.29    0.843369   0.635546     1132.47  │
│ train_tune_54c2cf1c   TERMINATED   0.000198462             32             4     1024    0.337471       20            557.475   0.911187   0.695595      555.772 │
│ train_tune_89d39032   TERMINATED   0.000175104             32             4     1024    0.305743       10            301.376   1.78564    0.49378       299.359 │
│ train_tune_dc2615ef   TERMINATED   3.28386e-05             32             4     2048    0.163527        5            158.377   3.6303     0.203436      156.59  │
│ train_tune_6258b6e3   TERMINATED   2.38546e-05             32             4     1024    0.222471        5            158.96    4.22974    0.0939875     157.04  │
│ train_tune_41fe64ec   TERMINATED   0.000898089             32             8     2048    0.240051        5            153.768   5.6746     0.00159967    151.868 │
│ train_tune_31b067d6   TERMINATED   0.000372424             32             8     1024    0.134643        5            159.049   2.95778    0.0194923     157.163 │
│ train_tune_6f645550   TERMINATED   0.000814792             32             8     1024    0.233057        5            151.927   5.61414    0.00190234    150.198 │
│ train_tune_8a0cfe06   TERMINATED   0.000736843             16             4     1024    0.105254        5            296.607   5.6662     0             294.699 │
│ train_tune_f66fe68c   PENDING      0.000115652             16             4     1024    0.396439                                                                │
╰─────────────────────────────────────────────────────────────────────────────────────────────────────────────────────────────────────────────────────────────────╯
Trial status: 13 TERMINATED | 3 RUNNING | 1 PENDING
Current time: 2026-03-18 20:09:57. Total running time: 30min 3s
Logical resource usage: 0/64 CPUs, 3.0/3 GPUs (0.0/1.0 accelerator_type:RTX)
╭─────────────────────────────────────────────────────────────────────────────────────────────────────────────────────────────────────────────────────────────────╮
│ Trial name            status                lr     batch_size     num_heads     d_ff     dropout     iter     total time (s)       loss         bleu       time │
├─────────────────────────────────────────────────────────────────────────────────────────────────────────────────────────────────────────────────────────────────┤
│ train_tune_debd8bbc   RUNNING      5.57056e-05             16             4     1024    0.39085         9            478.15    3.1933     0.378041      476.326 │
│ train_tune_83f08d7c   RUNNING      0.0001892               16             8     1024    0.396809        7            402.494   3.01331    0.127626      400.616 │
│ train_tune_7b4fb263   RUNNING      9.62261e-05             16             4     1024    0.399924        4            227.289   3.85207    0.165294      225.411 │
│ train_tune_8756cff5   TERMINATED   0.000920117             64             4     1024    0.334648        5            114.812   5.68365    0.00190234    113.122 │
│ train_tune_14980f4a   TERMINATED   0.000334695             64             8     1024    0.188747       20            449.553   0.406529   0.560482      447.722 │
│ train_tune_86b0c5b8   TERMINATED   7.68385e-05             64             8     2048    0.214906       20            414.167   1.24991    0.440445      412.281 │
│ train_tune_647e4073   TERMINATED   2.46333e-05             64             4     2048    0.284054        5            130.133   4.56362    0.100881      128.097 │
│ train_tune_371d6e86   TERMINATED   0.000273832             16             4     1024    0.170142       20           1134.29    0.843369   0.635546     1132.47  │
│ train_tune_54c2cf1c   TERMINATED   0.000198462             32             4     1024    0.337471       20            557.475   0.911187   0.695595      555.772 │
│ train_tune_89d39032   TERMINATED   0.000175104             32             4     1024    0.305743       10            301.376   1.78564    0.49378       299.359 │
│ train_tune_dc2615ef   TERMINATED   3.28386e-05             32             4     2048    0.163527        5            158.377   3.6303     0.203436      156.59  │
│ train_tune_6258b6e3   TERMINATED   2.38546e-05             32             4     1024    0.222471        5            158.96    4.22974    0.0939875     157.04  │
│ train_tune_41fe64ec   TERMINATED   0.000898089             32             8     2048    0.240051        5            153.768   5.6746     0.00159967    151.868 │
│ train_tune_31b067d6   TERMINATED   0.000372424             32             8     1024    0.134643        5            159.049   2.95778    0.0194923     157.163 │
│ train_tune_6f645550   TERMINATED   0.000814792             32             8     1024    0.233057        5            151.927   5.61414    0.00190234    150.198 │
│ train_tune_8a0cfe06   TERMINATED   0.000736843             16             4     1024    0.105254        5            296.607   5.6662     0             294.699 │
│ train_tune_f66fe68c   PENDING      0.000115652             16             4     1024    0.396439                                                                │
╰─────────────────────────────────────────────────────────────────────────────────────────────────────────────────────────────────────────────────────────────────╯
Trial status: 13 TERMINATED | 3 RUNNING | 1 PENDING
Current time: 2026-03-18 20:10:27. Total running time: 30min 33s
Logical resource usage: 0/64 CPUs, 3.0/3 GPUs (0.0/1.0 accelerator_type:RTX)
[36m(train_tune pid=4188149)[0m Checkpoint successfully created at: Checkpoint(filesystem=local, path=/home/b23cs1037/ray_results/train_tune_2026-03-18_19-39-54/train_tune_7b4fb263_16_batch_size=16,d_ff=1024,d_model=512,dropout=0.3999,lr=0.0001,num_epochs=20,num_heads=4_2026-03-18_20-03-09/checkpoint_000004)
[36m(train_tune pid=4187093)[0m Checkpoint successfully created at: Checkpoint(filesystem=local, path=/home/b23cs1037/ray_results/train_tune_2026-03-18_19-39-54/train_tune_83f08d7c_15_batch_size=16,d_ff=1024,d_model=512,dropout=0.3968,lr=0.0002,num_epochs=20,num_heads=8_2026-03-18_20-01-39/checkpoint_000007)[32m [repeated 2x across cluster][0m
╭─────────────────────────────────────────────────────────────────────────────────────────────────────────────────────────────────────────────────────────────────╮
│ Trial name            status                lr     batch_size     num_heads     d_ff     dropout     iter     total time (s)       loss         bleu       time │
├─────────────────────────────────────────────────────────────────────────────────────────────────────────────────────────────────────────────────────────────────┤
│ train_tune_debd8bbc   RUNNING      5.57056e-05             16             4     1024    0.39085         9            478.15    3.1933     0.378041      476.326 │
│ train_tune_83f08d7c   RUNNING      0.0001892               16             8     1024    0.396809        7            402.494   3.01331    0.127626      400.616 │
│ train_tune_7b4fb263   RUNNING      9.62261e-05             16             4     1024    0.399924        4            227.289   3.85207    0.165294      225.411 │
│ train_tune_8756cff5   TERMINATED   0.000920117             64             4     1024    0.334648        5            114.812   5.68365    0.00190234    113.122 │
│ train_tune_14980f4a   TERMINATED   0.000334695             64             8     1024    0.188747       20            449.553   0.406529   0.560482      447.722 │
│ train_tune_86b0c5b8   TERMINATED   7.68385e-05             64             8     2048    0.214906       20            414.167   1.24991    0.440445      412.281 │
│ train_tune_647e4073   TERMINATED   2.46333e-05             64             4     2048    0.284054        5            130.133   4.56362    0.100881      128.097 │
│ train_tune_371d6e86   TERMINATED   0.000273832             16             4     1024    0.170142       20           1134.29    0.843369   0.635546     1132.47  │
│ train_tune_54c2cf1c   TERMINATED   0.000198462             32             4     1024    0.337471       20            557.475   0.911187   0.695595      555.772 │
│ train_tune_89d39032   TERMINATED   0.000175104             32             4     1024    0.305743       10            301.376   1.78564    0.49378       299.359 │
│ train_tune_dc2615ef   TERMINATED   3.28386e-05             32             4     2048    0.163527        5            158.377   3.6303     0.203436      156.59  │
│ train_tune_6258b6e3   TERMINATED   2.38546e-05             32             4     1024    0.222471        5            158.96    4.22974    0.0939875     157.04  │
│ train_tune_41fe64ec   TERMINATED   0.000898089             32             8     2048    0.240051        5            153.768   5.6746     0.00159967    151.868 │
│ train_tune_31b067d6   TERMINATED   0.000372424             32             8     1024    0.134643        5            159.049   2.95778    0.0194923     157.163 │
│ train_tune_6f645550   TERMINATED   0.000814792             32             8     1024    0.233057        5            151.927   5.61414    0.00190234    150.198 │
│ train_tune_8a0cfe06   TERMINATED   0.000736843             16             4     1024    0.105254        5            296.607   5.6662     0             294.699 │
│ train_tune_f66fe68c   PENDING      0.000115652             16             4     1024    0.396439                                                                │
╰─────────────────────────────────────────────────────────────────────────────────────────────────────────────────────────────────────────────────────────────────╯

Trial train_tune_debd8bbc completed after 10 iterations at 2026-03-18 20:10:31. Total running time: 30min 37s
╭────────────────────────────────────────────────────────╮
│ Trial train_tune_debd8bbc result                       │
├────────────────────────────────────────────────────────┤
│ checkpoint_dir_name                  checkpoint_000009 │
│ time_this_iter_s                               53.2913 │
│ time_total_s                                 531.44081 │
│ training_iteration                                  10 │
│ bleu                                           0.42082 │
│ loss                                           3.05261 │
│ time                                         529.62428 │
╰────────────────────────────────────────────────────────╯

Trial train_tune_f66fe68c started with configuration:
╭──────────────────────────────────────────────╮
│ Trial train_tune_f66fe68c config             │
├──────────────────────────────────────────────┤
│ batch_size                                16 │
│ d_ff                                    1024 │
│ d_model                                  512 │
│ dropout                              0.39644 │
│ lr                                   0.00012 │
│ num_epochs                                20 │
│ num_heads                                  4 │
╰──────────────────────────────────────────────╯

Trial status: 14 TERMINATED | 3 RUNNING | 1 PENDING
Current time: 2026-03-18 20:10:57. Total running time: 31min 3s
Logical resource usage: 0/64 CPUs, 3.0/3 GPUs (0.0/1.0 accelerator_type:RTX)
╭─────────────────────────────────────────────────────────────────────────────────────────────────────────────────────────────────────────────────────────────────╮
│ Trial name            status                lr     batch_size     num_heads     d_ff     dropout     iter     total time (s)       loss         bleu       time │
├─────────────────────────────────────────────────────────────────────────────────────────────────────────────────────────────────────────────────────────────────┤
│ train_tune_83f08d7c   RUNNING      0.0001892               16             8     1024    0.396809        8            457.784   2.79575    0.216965      455.91  │
│ train_tune_7b4fb263   RUNNING      9.62261e-05             16             4     1024    0.399924        5            281.706   3.57966    0.399283      279.857 │
│ train_tune_f66fe68c   RUNNING      0.000115652             16             4     1024    0.396439                                                                │
│ train_tune_8756cff5   TERMINATED   0.000920117             64             4     1024    0.334648        5            114.812   5.68365    0.00190234    113.122 │
│ train_tune_14980f4a   TERMINATED   0.000334695             64             8     1024    0.188747       20            449.553   0.406529   0.560482      447.722 │
│ train_tune_86b0c5b8   TERMINATED   7.68385e-05             64             8     2048    0.214906       20            414.167   1.24991    0.440445      412.281 │
│ train_tune_647e4073   TERMINATED   2.46333e-05             64             4     2048    0.284054        5            130.133   4.56362    0.100881      128.097 │
│ train_tune_371d6e86   TERMINATED   0.000273832             16             4     1024    0.170142       20           1134.29    0.843369   0.635546     1132.47  │
│ train_tune_54c2cf1c   TERMINATED   0.000198462             32             4     1024    0.337471       20            557.475   0.911187   0.695595      555.772 │
│ train_tune_89d39032   TERMINATED   0.000175104             32             4     1024    0.305743       10            301.376   1.78564    0.49378       299.359 │
│ train_tune_dc2615ef   TERMINATED   3.28386e-05             32             4     2048    0.163527        5            158.377   3.6303     0.203436      156.59  │
│ train_tune_6258b6e3   TERMINATED   2.38546e-05             32             4     1024    0.222471        5            158.96    4.22974    0.0939875     157.04  │
│ train_tune_41fe64ec   TERMINATED   0.000898089             32             8     2048    0.240051        5            153.768   5.6746     0.00159967    151.868 │
│ train_tune_31b067d6   TERMINATED   0.000372424             32             8     1024    0.134643        5            159.049   2.95778    0.0194923     157.163 │
│ train_tune_6f645550   TERMINATED   0.000814792             32             8     1024    0.233057        5            151.927   5.61414    0.00190234    150.198 │
│ train_tune_8a0cfe06   TERMINATED   0.000736843             16             4     1024    0.105254        5            296.607   5.6662     0             294.699 │
│ train_tune_debd8bbc   TERMINATED   5.57056e-05             16             4     1024    0.39085        10            531.441   3.05261    0.42082       529.624 │
│ train_tune_52b8b29e   PENDING      0.000151786             16             4     1024    0.397542                                                                │
╰─────────────────────────────────────────────────────────────────────────────────────────────────────────────────────────────────────────────────────────────────╯
Trial status: 14 TERMINATED | 3 RUNNING | 1 PENDING
Current time: 2026-03-18 20:11:27. Total running time: 31min 33s
Logical resource usage: 0/64 CPUs, 3.0/3 GPUs (0.0/1.0 accelerator_type:RTX)
[36m(train_tune pid=4188149)[0m Checkpoint successfully created at: Checkpoint(filesystem=local, path=/home/b23cs1037/ray_results/train_tune_2026-03-18_19-39-54/train_tune_7b4fb263_16_batch_size=16,d_ff=1024,d_model=512,dropout=0.3999,lr=0.0001,num_epochs=20,num_heads=4_2026-03-18_20-03-09/checkpoint_000005)
[36m(train_tune pid=4189369)[0m /home/b23cs1037/MLOps-Laksh-B23CS1037/.venv/lib/python3.10/site-packages/ray/tune/trainable/trainable_fn_utils.py:41: RayDeprecationWarning: The `Checkpoint` class should be imported from `ray.tune` when passing it to `ray.tune.report` in a Tune function. Please update your imports. See this issue for more context and migration options: https://github.com/ray-project/ray/issues/49454. Disable these warnings by setting the environment variable: RAY_TRAIN_ENABLE_V2_MIGRATION_WARNINGS=0
[36m(train_tune pid=4189369)[0m   _log_deprecation_warning(
[36m(train_tune pid=4189369)[0m Checkpoint successfully created at: Checkpoint(filesystem=local, path=/home/b23cs1037/ray_results/train_tune_2026-03-18_19-39-54/train_tune_f66fe68c_17_batch_size=16,d_ff=1024,d_model=512,dropout=0.3964,lr=0.0001,num_epochs=20,num_heads=4_2026-03-18_20-05-49/checkpoint_000000)
[36m(train_tune pid=4187093)[0m Checkpoint successfully created at: Checkpoint(filesystem=local, path=/home/b23cs1037/ray_results/train_tune_2026-03-18_19-39-54/train_tune_83f08d7c_15_batch_size=16,d_ff=1024,d_model=512,dropout=0.3968,lr=0.0002,num_epochs=20,num_heads=8_2026-03-18_20-01-39/checkpoint_000008)
╭─────────────────────────────────────────────────────────────────────────────────────────────────────────────────────────────────────────────────────────────────╮
│ Trial name            status                lr     batch_size     num_heads     d_ff     dropout     iter     total time (s)       loss         bleu       time │
├─────────────────────────────────────────────────────────────────────────────────────────────────────────────────────────────────────────────────────────────────┤
│ train_tune_83f08d7c   RUNNING      0.0001892               16             8     1024    0.396809        8            457.784   2.79575    0.216965      455.91  │
│ train_tune_7b4fb263   RUNNING      9.62261e-05             16             4     1024    0.399924        5            281.706   3.57966    0.399283      279.857 │
│ train_tune_f66fe68c   RUNNING      0.000115652             16             4     1024    0.396439                                                                │
│ train_tune_8756cff5   TERMINATED   0.000920117             64             4     1024    0.334648        5            114.812   5.68365    0.00190234    113.122 │
│ train_tune_14980f4a   TERMINATED   0.000334695             64             8     1024    0.188747       20            449.553   0.406529   0.560482      447.722 │
│ train_tune_86b0c5b8   TERMINATED   7.68385e-05             64             8     2048    0.214906       20            414.167   1.24991    0.440445      412.281 │
│ train_tune_647e4073   TERMINATED   2.46333e-05             64             4     2048    0.284054        5            130.133   4.56362    0.100881      128.097 │
│ train_tune_371d6e86   TERMINATED   0.000273832             16             4     1024    0.170142       20           1134.29    0.843369   0.635546     1132.47  │
│ train_tune_54c2cf1c   TERMINATED   0.000198462             32             4     1024    0.337471       20            557.475   0.911187   0.695595      555.772 │
│ train_tune_89d39032   TERMINATED   0.000175104             32             4     1024    0.305743       10            301.376   1.78564    0.49378       299.359 │
│ train_tune_dc2615ef   TERMINATED   3.28386e-05             32             4     2048    0.163527        5            158.377   3.6303     0.203436      156.59  │
│ train_tune_6258b6e3   TERMINATED   2.38546e-05             32             4     1024    0.222471        5            158.96    4.22974    0.0939875     157.04  │
│ train_tune_41fe64ec   TERMINATED   0.000898089             32             8     2048    0.240051        5            153.768   5.6746     0.00159967    151.868 │
│ train_tune_31b067d6   TERMINATED   0.000372424             32             8     1024    0.134643        5            159.049   2.95778    0.0194923     157.163 │
│ train_tune_6f645550   TERMINATED   0.000814792             32             8     1024    0.233057        5            151.927   5.61414    0.00190234    150.198 │
│ train_tune_8a0cfe06   TERMINATED   0.000736843             16             4     1024    0.105254        5            296.607   5.6662     0             294.699 │
│ train_tune_debd8bbc   TERMINATED   5.57056e-05             16             4     1024    0.39085        10            531.441   3.05261    0.42082       529.624 │
│ train_tune_52b8b29e   PENDING      0.000151786             16             4     1024    0.397542                                                                │
╰─────────────────────────────────────────────────────────────────────────────────────────────────────────────────────────────────────────────────────────────────╯
Trial status: 14 TERMINATED | 3 RUNNING | 1 PENDING
Current time: 2026-03-18 20:11:57. Total running time: 32min 3s
Logical resource usage: 0/64 CPUs, 3.0/3 GPUs (0.0/1.0 accelerator_type:RTX)
[36m(train_tune pid=4188149)[0m Checkpoint successfully created at: Checkpoint(filesystem=local, path=/home/b23cs1037/ray_results/train_tune_2026-03-18_19-39-54/train_tune_7b4fb263_16_batch_size=16,d_ff=1024,d_model=512,dropout=0.3999,lr=0.0001,num_epochs=20,num_heads=4_2026-03-18_20-03-09/checkpoint_000006)
╭──────────────────────────────────────────────────────────────────────────────────────────────────────────────────────────────────────────────────────────────────╮
│ Trial name            status                lr     batch_size     num_heads     d_ff     dropout     iter     total time (s)       loss         bleu        time │
├──────────────────────────────────────────────────────────────────────────────────────────────────────────────────────────────────────────────────────────────────┤
│ train_tune_83f08d7c   RUNNING      0.0001892               16             8     1024    0.396809        9            512.48    2.60349    0.360136      510.616  │
│ train_tune_7b4fb263   RUNNING      9.62261e-05             16             4     1024    0.399924        6            338.479   3.34642    0.421916      336.614  │
│ train_tune_f66fe68c   RUNNING      0.000115652             16             4     1024    0.396439        1             55.339   5.31703    0.0468925      53.4603 │
│ train_tune_8756cff5   TERMINATED   0.000920117             64             4     1024    0.334648        5            114.812   5.68365    0.00190234    113.122  │
│ train_tune_14980f4a   TERMINATED   0.000334695             64             8     1024    0.188747       20            449.553   0.406529   0.560482      447.722  │
│ train_tune_86b0c5b8   TERMINATED   7.68385e-05             64             8     2048    0.214906       20            414.167   1.24991    0.440445      412.281  │
│ train_tune_647e4073   TERMINATED   2.46333e-05             64             4     2048    0.284054        5            130.133   4.56362    0.100881      128.097  │
│ train_tune_371d6e86   TERMINATED   0.000273832             16             4     1024    0.170142       20           1134.29    0.843369   0.635546     1132.47   │
│ train_tune_54c2cf1c   TERMINATED   0.000198462             32             4     1024    0.337471       20            557.475   0.911187   0.695595      555.772  │
│ train_tune_89d39032   TERMINATED   0.000175104             32             4     1024    0.305743       10            301.376   1.78564    0.49378       299.359  │
│ train_tune_dc2615ef   TERMINATED   3.28386e-05             32             4     2048    0.163527        5            158.377   3.6303     0.203436      156.59   │
│ train_tune_6258b6e3   TERMINATED   2.38546e-05             32             4     1024    0.222471        5            158.96    4.22974    0.0939875     157.04   │
│ train_tune_41fe64ec   TERMINATED   0.000898089             32             8     2048    0.240051        5            153.768   5.6746     0.00159967    151.868  │
│ train_tune_31b067d6   TERMINATED   0.000372424             32             8     1024    0.134643        5            159.049   2.95778    0.0194923     157.163  │
│ train_tune_6f645550   TERMINATED   0.000814792             32             8     1024    0.233057        5            151.927   5.61414    0.00190234    150.198  │
│ train_tune_8a0cfe06   TERMINATED   0.000736843             16             4     1024    0.105254        5            296.607   5.6662     0             294.699  │
│ train_tune_debd8bbc   TERMINATED   5.57056e-05             16             4     1024    0.39085        10            531.441   3.05261    0.42082       529.624  │
│ train_tune_52b8b29e   PENDING      0.000151786             16             4     1024    0.397542                                                                 │
╰──────────────────────────────────────────────────────────────────────────────────────────────────────────────────────────────────────────────────────────────────╯
Trial status: 14 TERMINATED | 3 RUNNING | 1 PENDING
Current time: 2026-03-18 20:12:27. Total running time: 32min 33s
Logical resource usage: 0/64 CPUs, 3.0/3 GPUs (0.0/1.0 accelerator_type:RTX)
[36m(train_tune pid=4187093)[0m Checkpoint successfully created at: Checkpoint(filesystem=local, path=/home/b23cs1037/ray_results/train_tune_2026-03-18_19-39-54/train_tune_83f08d7c_15_batch_size=16,d_ff=1024,d_model=512,dropout=0.3968,lr=0.0002,num_epochs=20,num_heads=8_2026-03-18_20-01-39/checkpoint_000009)[32m [repeated 2x across cluster][0m
╭─────────────────────────────────────────────────────────────────────────────────────────────────────────────────────────────────────────────────────────────────╮
│ Trial name            status                lr     batch_size     num_heads     d_ff     dropout     iter     total time (s)       loss         bleu       time │
├─────────────────────────────────────────────────────────────────────────────────────────────────────────────────────────────────────────────────────────────────┤
│ train_tune_83f08d7c   RUNNING      0.0001892               16             8     1024    0.396809        9            512.48    2.60349    0.360136      510.616 │
│ train_tune_7b4fb263   RUNNING      9.62261e-05             16             4     1024    0.399924        7            393.594   3.12958    0.408197      391.748 │
│ train_tune_f66fe68c   RUNNING      0.000115652             16             4     1024    0.396439        2            106.844   4.50135    0.0570402     104.978 │
│ train_tune_8756cff5   TERMINATED   0.000920117             64             4     1024    0.334648        5            114.812   5.68365    0.00190234    113.122 │
│ train_tune_14980f4a   TERMINATED   0.000334695             64             8     1024    0.188747       20            449.553   0.406529   0.560482      447.722 │
│ train_tune_86b0c5b8   TERMINATED   7.68385e-05             64             8     2048    0.214906       20            414.167   1.24991    0.440445      412.281 │
│ train_tune_647e4073   TERMINATED   2.46333e-05             64             4     2048    0.284054        5            130.133   4.56362    0.100881      128.097 │
│ train_tune_371d6e86   TERMINATED   0.000273832             16             4     1024    0.170142       20           1134.29    0.843369   0.635546     1132.47  │
│ train_tune_54c2cf1c   TERMINATED   0.000198462             32             4     1024    0.337471       20            557.475   0.911187   0.695595      555.772 │
│ train_tune_89d39032   TERMINATED   0.000175104             32             4     1024    0.305743       10            301.376   1.78564    0.49378       299.359 │
│ train_tune_dc2615ef   TERMINATED   3.28386e-05             32             4     2048    0.163527        5            158.377   3.6303     0.203436      156.59  │
│ train_tune_6258b6e3   TERMINATED   2.38546e-05             32             4     1024    0.222471        5            158.96    4.22974    0.0939875     157.04  │
│ train_tune_41fe64ec   TERMINATED   0.000898089             32             8     2048    0.240051        5            153.768   5.6746     0.00159967    151.868 │
│ train_tune_31b067d6   TERMINATED   0.000372424             32             8     1024    0.134643        5            159.049   2.95778    0.0194923     157.163 │
│ train_tune_6f645550   TERMINATED   0.000814792             32             8     1024    0.233057        5            151.927   5.61414    0.00190234    150.198 │
│ train_tune_8a0cfe06   TERMINATED   0.000736843             16             4     1024    0.105254        5            296.607   5.6662     0             294.699 │
│ train_tune_debd8bbc   TERMINATED   5.57056e-05             16             4     1024    0.39085        10            531.441   3.05261    0.42082       529.624 │
│ train_tune_52b8b29e   PENDING      0.000151786             16             4     1024    0.397542                                                                │
╰─────────────────────────────────────────────────────────────────────────────────────────────────────────────────────────────────────────────────────────────────╯

Trial train_tune_83f08d7c completed after 10 iterations at 2026-03-18 20:12:38. Total running time: 32min 44s
╭────────────────────────────────────────────────────────╮
│ Trial train_tune_83f08d7c result                       │
├────────────────────────────────────────────────────────┤
│ checkpoint_dir_name                  checkpoint_000009 │
│ time_this_iter_s                              56.38234 │
│ time_total_s                                 568.86233 │
│ training_iteration                                  10 │
│ bleu                                           0.40857 │
│ loss                                           2.43099 │
│ time                                         567.00824 │
╰────────────────────────────────────────────────────────╯

Trial train_tune_52b8b29e started with configuration:
╭──────────────────────────────────────────────╮
│ Trial train_tune_52b8b29e config             │
├──────────────────────────────────────────────┤
│ batch_size                                16 │
│ d_ff                                    1024 │
│ d_model                                  512 │
│ dropout                              0.39754 │
│ lr                                   0.00015 │
│ num_epochs                                20 │
│ num_heads                                  4 │
╰──────────────────────────────────────────────╯

Trial status: 15 TERMINATED | 3 RUNNING | 1 PENDING
Current time: 2026-03-18 20:12:57. Total running time: 33min 3s
Logical resource usage: 0/64 CPUs, 3.0/3 GPUs (0.0/1.0 accelerator_type:RTX)
[36m(train_tune pid=4189369)[0m Checkpoint successfully created at: Checkpoint(filesystem=local, path=/home/b23cs1037/ray_results/train_tune_2026-03-18_19-39-54/train_tune_f66fe68c_17_batch_size=16,d_ff=1024,d_model=512,dropout=0.3964,lr=0.0001,num_epochs=20,num_heads=4_2026-03-18_20-05-49/checkpoint_000002)
[36m(train_tune pid=4188149)[0m Checkpoint successfully created at: Checkpoint(filesystem=local, path=/home/b23cs1037/ray_results/train_tune_2026-03-18_19-39-54/train_tune_7b4fb263_16_batch_size=16,d_ff=1024,d_model=512,dropout=0.3999,lr=0.0001,num_epochs=20,num_heads=4_2026-03-18_20-03-09/checkpoint_000007)
╭─────────────────────────────────────────────────────────────────────────────────────────────────────────────────────────────────────────────────────────────────╮
│ Trial name            status                lr     batch_size     num_heads     d_ff     dropout     iter     total time (s)       loss         bleu       time │
├─────────────────────────────────────────────────────────────────────────────────────────────────────────────────────────────────────────────────────────────────┤
│ train_tune_7b4fb263   RUNNING      9.62261e-05             16             4     1024    0.399924        7            393.594   3.12958    0.408197      391.748 │
│ train_tune_f66fe68c   RUNNING      0.000115652             16             4     1024    0.396439        2            106.844   4.50135    0.0570402     104.978 │
│ train_tune_52b8b29e   RUNNING      0.000151786             16             4     1024    0.397542                                                                │
│ train_tune_8756cff5   TERMINATED   0.000920117             64             4     1024    0.334648        5            114.812   5.68365    0.00190234    113.122 │
│ train_tune_14980f4a   TERMINATED   0.000334695             64             8     1024    0.188747       20            449.553   0.406529   0.560482      447.722 │
│ train_tune_86b0c5b8   TERMINATED   7.68385e-05             64             8     2048    0.214906       20            414.167   1.24991    0.440445      412.281 │
│ train_tune_647e4073   TERMINATED   2.46333e-05             64             4     2048    0.284054        5            130.133   4.56362    0.100881      128.097 │
│ train_tune_371d6e86   TERMINATED   0.000273832             16             4     1024    0.170142       20           1134.29    0.843369   0.635546     1132.47  │
│ train_tune_54c2cf1c   TERMINATED   0.000198462             32             4     1024    0.337471       20            557.475   0.911187   0.695595      555.772 │
│ train_tune_89d39032   TERMINATED   0.000175104             32             4     1024    0.305743       10            301.376   1.78564    0.49378       299.359 │
│ train_tune_dc2615ef   TERMINATED   3.28386e-05             32             4     2048    0.163527        5            158.377   3.6303     0.203436      156.59  │
│ train_tune_6258b6e3   TERMINATED   2.38546e-05             32             4     1024    0.222471        5            158.96    4.22974    0.0939875     157.04  │
│ train_tune_41fe64ec   TERMINATED   0.000898089             32             8     2048    0.240051        5            153.768   5.6746     0.00159967    151.868 │
│ train_tune_31b067d6   TERMINATED   0.000372424             32             8     1024    0.134643        5            159.049   2.95778    0.0194923     157.163 │
│ train_tune_6f645550   TERMINATED   0.000814792             32             8     1024    0.233057        5            151.927   5.61414    0.00190234    150.198 │
│ train_tune_8a0cfe06   TERMINATED   0.000736843             16             4     1024    0.105254        5            296.607   5.6662     0             294.699 │
│ train_tune_debd8bbc   TERMINATED   5.57056e-05             16             4     1024    0.39085        10            531.441   3.05261    0.42082       529.624 │
│ train_tune_83f08d7c   TERMINATED   0.0001892               16             8     1024    0.396809       10            568.862   2.43099    0.408572      567.008 │
│ train_tune_57177ad6   PENDING      0.00014925              16             4     1024    0.334913                                                                │
╰─────────────────────────────────────────────────────────────────────────────────────────────────────────────────────────────────────────────────────────────────╯
Trial status: 15 TERMINATED | 3 RUNNING | 1 PENDING
Current time: 2026-03-18 20:13:27. Total running time: 33min 33s
Logical resource usage: 0/64 CPUs, 3.0/3 GPUs (0.0/1.0 accelerator_type:RTX)
[36m(train_tune pid=4190283)[0m /home/b23cs1037/MLOps-Laksh-B23CS1037/.venv/lib/python3.10/site-packages/ray/tune/trainable/trainable_fn_utils.py:41: RayDeprecationWarning: The `Checkpoint` class should be imported from `ray.tune` when passing it to `ray.tune.report` in a Tune function. Please update your imports. See this issue for more context and migration options: https://github.com/ray-project/ray/issues/49454. Disable these warnings by setting the environment variable: RAY_TRAIN_ENABLE_V2_MIGRATION_WARNINGS=0
[36m(train_tune pid=4190283)[0m   _log_deprecation_warning(
[36m(train_tune pid=4190283)[0m Checkpoint successfully created at: Checkpoint(filesystem=local, path=/home/b23cs1037/ray_results/train_tune_2026-03-18_19-39-54/train_tune_52b8b29e_18_batch_size=16,d_ff=1024,d_model=512,dropout=0.3975,lr=0.0002,num_epochs=20,num_heads=4_2026-03-18_20-10-36/checkpoint_000000)
╭─────────────────────────────────────────────────────────────────────────────────────────────────────────────────────────────────────────────────────────────────╮
│ Trial name            status                lr     batch_size     num_heads     d_ff     dropout     iter     total time (s)       loss         bleu       time │
├─────────────────────────────────────────────────────────────────────────────────────────────────────────────────────────────────────────────────────────────────┤
│ train_tune_7b4fb263   RUNNING      9.62261e-05             16             4     1024    0.399924        8            449.382   2.93698    0.408197      447.566 │
│ train_tune_f66fe68c   RUNNING      0.000115652             16             4     1024    0.396439        3            157.7     4.05478    0.103521      155.849 │
│ train_tune_52b8b29e   RUNNING      0.000151786             16             4     1024    0.397542                                                                │
│ train_tune_8756cff5   TERMINATED   0.000920117             64             4     1024    0.334648        5            114.812   5.68365    0.00190234    113.122 │
│ train_tune_14980f4a   TERMINATED   0.000334695             64             8     1024    0.188747       20            449.553   0.406529   0.560482      447.722 │
│ train_tune_86b0c5b8   TERMINATED   7.68385e-05             64             8     2048    0.214906       20            414.167   1.24991    0.440445      412.281 │
│ train_tune_647e4073   TERMINATED   2.46333e-05             64             4     2048    0.284054        5            130.133   4.56362    0.100881      128.097 │
│ train_tune_371d6e86   TERMINATED   0.000273832             16             4     1024    0.170142       20           1134.29    0.843369   0.635546     1132.47  │
│ train_tune_54c2cf1c   TERMINATED   0.000198462             32             4     1024    0.337471       20            557.475   0.911187   0.695595      555.772 │
│ train_tune_89d39032   TERMINATED   0.000175104             32             4     1024    0.305743       10            301.376   1.78564    0.49378       299.359 │
│ train_tune_dc2615ef   TERMINATED   3.28386e-05             32             4     2048    0.163527        5            158.377   3.6303     0.203436      156.59  │
│ train_tune_6258b6e3   TERMINATED   2.38546e-05             32             4     1024    0.222471        5            158.96    4.22974    0.0939875     157.04  │
│ train_tune_41fe64ec   TERMINATED   0.000898089             32             8     2048    0.240051        5            153.768   5.6746     0.00159967    151.868 │
│ train_tune_31b067d6   TERMINATED   0.000372424             32             8     1024    0.134643        5            159.049   2.95778    0.0194923     157.163 │
│ train_tune_6f645550   TERMINATED   0.000814792             32             8     1024    0.233057        5            151.927   5.61414    0.00190234    150.198 │
│ train_tune_8a0cfe06   TERMINATED   0.000736843             16             4     1024    0.105254        5            296.607   5.6662     0             294.699 │
│ train_tune_debd8bbc   TERMINATED   5.57056e-05             16             4     1024    0.39085        10            531.441   3.05261    0.42082       529.624 │
│ train_tune_83f08d7c   TERMINATED   0.0001892               16             8     1024    0.396809       10            568.862   2.43099    0.408572      567.008 │
│ train_tune_57177ad6   PENDING      0.00014925              16             4     1024    0.334913                                                                │
╰─────────────────────────────────────────────────────────────────────────────────────────────────────────────────────────────────────────────────────────────────╯
Trial status: 15 TERMINATED | 3 RUNNING | 1 PENDING
Current time: 2026-03-18 20:13:57. Total running time: 34min 3s
Logical resource usage: 0/64 CPUs, 3.0/3 GPUs (0.0/1.0 accelerator_type:RTX)
[36m(train_tune pid=4189369)[0m Checkpoint successfully created at: Checkpoint(filesystem=local, path=/home/b23cs1037/ray_results/train_tune_2026-03-18_19-39-54/train_tune_f66fe68c_17_batch_size=16,d_ff=1024,d_model=512,dropout=0.3964,lr=0.0001,num_epochs=20,num_heads=4_2026-03-18_20-05-49/checkpoint_000003)
[36m(train_tune pid=4188149)[0m Checkpoint successfully created at: Checkpoint(filesystem=local, path=/home/b23cs1037/ray_results/train_tune_2026-03-18_19-39-54/train_tune_7b4fb263_16_batch_size=16,d_ff=1024,d_model=512,dropout=0.3999,lr=0.0001,num_epochs=20,num_heads=4_2026-03-18_20-03-09/checkpoint_000008)
╭──────────────────────────────────────────────────────────────────────────────────────────────────────────────────────────────────────────────────────────────────╮
│ Trial name            status                lr     batch_size     num_heads     d_ff     dropout     iter     total time (s)       loss         bleu        time │
├──────────────────────────────────────────────────────────────────────────────────────────────────────────────────────────────────────────────────────────────────┤
│ train_tune_7b4fb263   RUNNING      9.62261e-05             16             4     1024    0.399924        8           449.382    2.93698    0.408197      447.566  │
│ train_tune_f66fe68c   RUNNING      0.000115652             16             4     1024    0.396439        3           157.7      4.05478    0.103521      155.849  │
│ train_tune_52b8b29e   RUNNING      0.000151786             16             4     1024    0.397542        1            57.7945   5.32607    0.0495286      55.8869 │
│ train_tune_8756cff5   TERMINATED   0.000920117             64             4     1024    0.334648        5           114.812    5.68365    0.00190234    113.122  │
│ train_tune_14980f4a   TERMINATED   0.000334695             64             8     1024    0.188747       20           449.553    0.406529   0.560482      447.722  │
│ train_tune_86b0c5b8   TERMINATED   7.68385e-05             64             8     2048    0.214906       20           414.167    1.24991    0.440445      412.281  │
│ train_tune_647e4073   TERMINATED   2.46333e-05             64             4     2048    0.284054        5           130.133    4.56362    0.100881      128.097  │
│ train_tune_371d6e86   TERMINATED   0.000273832             16             4     1024    0.170142       20          1134.29     0.843369   0.635546     1132.47   │
│ train_tune_54c2cf1c   TERMINATED   0.000198462             32             4     1024    0.337471       20           557.475    0.911187   0.695595      555.772  │
│ train_tune_89d39032   TERMINATED   0.000175104             32             4     1024    0.305743       10           301.376    1.78564    0.49378       299.359  │
│ train_tune_dc2615ef   TERMINATED   3.28386e-05             32             4     2048    0.163527        5           158.377    3.6303     0.203436      156.59   │
│ train_tune_6258b6e3   TERMINATED   2.38546e-05             32             4     1024    0.222471        5           158.96     4.22974    0.0939875     157.04   │
│ train_tune_41fe64ec   TERMINATED   0.000898089             32             8     2048    0.240051        5           153.768    5.6746     0.00159967    151.868  │
│ train_tune_31b067d6   TERMINATED   0.000372424             32             8     1024    0.134643        5           159.049    2.95778    0.0194923     157.163  │
│ train_tune_6f645550   TERMINATED   0.000814792             32             8     1024    0.233057        5           151.927    5.61414    0.00190234    150.198  │
│ train_tune_8a0cfe06   TERMINATED   0.000736843             16             4     1024    0.105254        5           296.607    5.6662     0             294.699  │
│ train_tune_debd8bbc   TERMINATED   5.57056e-05             16             4     1024    0.39085        10           531.441    3.05261    0.42082       529.624  │
│ train_tune_83f08d7c   TERMINATED   0.0001892               16             8     1024    0.396809       10           568.862    2.43099    0.408572      567.008  │
│ train_tune_57177ad6   PENDING      0.00014925              16             4     1024    0.334913                                                                 │
╰──────────────────────────────────────────────────────────────────────────────────────────────────────────────────────────────────────────────────────────────────╯
Trial status: 15 TERMINATED | 3 RUNNING | 1 PENDING
Current time: 2026-03-18 20:14:28. Total running time: 34min 33s
Logical resource usage: 0/64 CPUs, 3.0/3 GPUs (0.0/1.0 accelerator_type:RTX)
[36m(train_tune pid=4190283)[0m Checkpoint successfully created at: Checkpoint(filesystem=local, path=/home/b23cs1037/ray_results/train_tune_2026-03-18_19-39-54/train_tune_52b8b29e_18_batch_size=16,d_ff=1024,d_model=512,dropout=0.3975,lr=0.0002,num_epochs=20,num_heads=4_2026-03-18_20-10-36/checkpoint_000001)
╭──────────────────────────────────────────────────────────────────────────────────────────────────────────────────────────────────────────────────────────────────╮
│ Trial name            status                lr     batch_size     num_heads     d_ff     dropout     iter     total time (s)       loss         bleu        time │
├──────────────────────────────────────────────────────────────────────────────────────────────────────────────────────────────────────────────────────────────────┤
│ train_tune_7b4fb263   RUNNING      9.62261e-05             16             4     1024    0.399924        9           504.784    2.76157    0.408197      502.954  │
│ train_tune_f66fe68c   RUNNING      0.000115652             16             4     1024    0.396439        4           211.163    3.70982    0.0879514     209.322  │
│ train_tune_52b8b29e   RUNNING      0.000151786             16             4     1024    0.397542        1            57.7945   5.32607    0.0495286      55.8869 │
│ train_tune_8756cff5   TERMINATED   0.000920117             64             4     1024    0.334648        5           114.812    5.68365    0.00190234    113.122  │
│ train_tune_14980f4a   TERMINATED   0.000334695             64             8     1024    0.188747       20           449.553    0.406529   0.560482      447.722  │
│ train_tune_86b0c5b8   TERMINATED   7.68385e-05             64             8     2048    0.214906       20           414.167    1.24991    0.440445      412.281  │
│ train_tune_647e4073   TERMINATED   2.46333e-05             64             4     2048    0.284054        5           130.133    4.56362    0.100881      128.097  │
│ train_tune_371d6e86   TERMINATED   0.000273832             16             4     1024    0.170142       20          1134.29     0.843369   0.635546     1132.47   │
│ train_tune_54c2cf1c   TERMINATED   0.000198462             32             4     1024    0.337471       20           557.475    0.911187   0.695595      555.772  │
│ train_tune_89d39032   TERMINATED   0.000175104             32             4     1024    0.305743       10           301.376    1.78564    0.49378       299.359  │
│ train_tune_dc2615ef   TERMINATED   3.28386e-05             32             4     2048    0.163527        5           158.377    3.6303     0.203436      156.59   │
│ train_tune_6258b6e3   TERMINATED   2.38546e-05             32             4     1024    0.222471        5           158.96     4.22974    0.0939875     157.04   │
│ train_tune_41fe64ec   TERMINATED   0.000898089             32             8     2048    0.240051        5           153.768    5.6746     0.00159967    151.868  │
│ train_tune_31b067d6   TERMINATED   0.000372424             32             8     1024    0.134643        5           159.049    2.95778    0.0194923     157.163  │
│ train_tune_6f645550   TERMINATED   0.000814792             32             8     1024    0.233057        5           151.927    5.61414    0.00190234    150.198  │
│ train_tune_8a0cfe06   TERMINATED   0.000736843             16             4     1024    0.105254        5           296.607    5.6662     0             294.699  │
│ train_tune_debd8bbc   TERMINATED   5.57056e-05             16             4     1024    0.39085        10           531.441    3.05261    0.42082       529.624  │
│ train_tune_83f08d7c   TERMINATED   0.0001892               16             8     1024    0.396809       10           568.862    2.43099    0.408572      567.008  │
│ train_tune_57177ad6   PENDING      0.00014925              16             4     1024    0.334913                                                                 │
╰──────────────────────────────────────────────────────────────────────────────────────────────────────────────────────────────────────────────────────────────────╯
Trial status: 15 TERMINATED | 3 RUNNING | 1 PENDING
Current time: 2026-03-18 20:14:58. Total running time: 35min 3s
Logical resource usage: 0/64 CPUs, 3.0/3 GPUs (0.0/1.0 accelerator_type:RTX)
[36m(train_tune pid=4189369)[0m Checkpoint successfully created at: Checkpoint(filesystem=local, path=/home/b23cs1037/ray_results/train_tune_2026-03-18_19-39-54/train_tune_f66fe68c_17_batch_size=16,d_ff=1024,d_model=512,dropout=0.3964,lr=0.0001,num_epochs=20,num_heads=4_2026-03-18_20-05-49/checkpoint_000004)
[36m(train_tune pid=4188149)[0m Checkpoint successfully created at: Checkpoint(filesystem=local, path=/home/b23cs1037/ray_results/train_tune_2026-03-18_19-39-54/train_tune_7b4fb263_16_batch_size=16,d_ff=1024,d_model=512,dropout=0.3999,lr=0.0001,num_epochs=20,num_heads=4_2026-03-18_20-03-09/checkpoint_000009)
╭─────────────────────────────────────────────────────────────────────────────────────────────────────────────────────────────────────────────────────────────────╮
│ Trial name            status                lr     batch_size     num_heads     d_ff     dropout     iter     total time (s)       loss         bleu       time │
├─────────────────────────────────────────────────────────────────────────────────────────────────────────────────────────────────────────────────────────────────┤
│ train_tune_7b4fb263   RUNNING      9.62261e-05             16             4     1024    0.399924        9            504.784   2.76157    0.408197      502.954 │
│ train_tune_f66fe68c   RUNNING      0.000115652             16             4     1024    0.396439        4            211.163   3.70982    0.0879514     209.322 │
│ train_tune_52b8b29e   RUNNING      0.000151786             16             4     1024    0.397542        2            113.984   4.54897    0.028283      112.05  │
│ train_tune_8756cff5   TERMINATED   0.000920117             64             4     1024    0.334648        5            114.812   5.68365    0.00190234    113.122 │
│ train_tune_14980f4a   TERMINATED   0.000334695             64             8     1024    0.188747       20            449.553   0.406529   0.560482      447.722 │
│ train_tune_86b0c5b8   TERMINATED   7.68385e-05             64             8     2048    0.214906       20            414.167   1.24991    0.440445      412.281 │
│ train_tune_647e4073   TERMINATED   2.46333e-05             64             4     2048    0.284054        5            130.133   4.56362    0.100881      128.097 │
│ train_tune_371d6e86   TERMINATED   0.000273832             16             4     1024    0.170142       20           1134.29    0.843369   0.635546     1132.47  │
│ train_tune_54c2cf1c   TERMINATED   0.000198462             32             4     1024    0.337471       20            557.475   0.911187   0.695595      555.772 │
│ train_tune_89d39032   TERMINATED   0.000175104             32             4     1024    0.305743       10            301.376   1.78564    0.49378       299.359 │
│ train_tune_dc2615ef   TERMINATED   3.28386e-05             32             4     2048    0.163527        5            158.377   3.6303     0.203436      156.59  │
│ train_tune_6258b6e3   TERMINATED   2.38546e-05             32             4     1024    0.222471        5            158.96    4.22974    0.0939875     157.04  │
│ train_tune_41fe64ec   TERMINATED   0.000898089             32             8     2048    0.240051        5            153.768   5.6746     0.00159967    151.868 │
│ train_tune_31b067d6   TERMINATED   0.000372424             32             8     1024    0.134643        5            159.049   2.95778    0.0194923     157.163 │
│ train_tune_6f645550   TERMINATED   0.000814792             32             8     1024    0.233057        5            151.927   5.61414    0.00190234    150.198 │
│ train_tune_8a0cfe06   TERMINATED   0.000736843             16             4     1024    0.105254        5            296.607   5.6662     0             294.699 │
│ train_tune_debd8bbc   TERMINATED   5.57056e-05             16             4     1024    0.39085        10            531.441   3.05261    0.42082       529.624 │
│ train_tune_83f08d7c   TERMINATED   0.0001892               16             8     1024    0.396809       10            568.862   2.43099    0.408572      567.008 │
│ train_tune_57177ad6   PENDING      0.00014925              16             4     1024    0.334913                                                                │
╰─────────────────────────────────────────────────────────────────────────────────────────────────────────────────────────────────────────────────────────────────╯

Trial train_tune_7b4fb263 completed after 10 iterations at 2026-03-18 20:15:10. Total running time: 35min 16s
╭────────────────────────────────────────────────────────╮
│ Trial train_tune_7b4fb263 result                       │
├────────────────────────────────────────────────────────┤
│ checkpoint_dir_name                  checkpoint_000009 │
│ time_this_iter_s                              56.56067 │
│ time_total_s                                   561.345 │
│ training_iteration                                  10 │
│ bleu                                           0.44044 │
│ loss                                           2.59486 │
│ time                                         559.52498 │
╰────────────────────────────────────────────────────────╯

Trial train_tune_57177ad6 started with configuration:
╭──────────────────────────────────────────────╮
│ Trial train_tune_57177ad6 config             │
├──────────────────────────────────────────────┤
│ batch_size                                16 │
│ d_ff                                    1024 │
│ d_model                                  512 │
│ dropout                              0.33491 │
│ lr                                   0.00015 │
│ num_epochs                                20 │
│ num_heads                                  4 │
╰──────────────────────────────────────────────╯

Trial status: 16 TERMINATED | 3 RUNNING | 1 PENDING
Current time: 2026-03-18 20:15:28. Total running time: 35min 33s
Logical resource usage: 0/64 CPUs, 3.0/3 GPUs (0.0/1.0 accelerator_type:RTX)
[36m(train_tune pid=4190283)[0m Checkpoint successfully created at: Checkpoint(filesystem=local, path=/home/b23cs1037/ray_results/train_tune_2026-03-18_19-39-54/train_tune_52b8b29e_18_batch_size=16,d_ff=1024,d_model=512,dropout=0.3975,lr=0.0002,num_epochs=20,num_heads=4_2026-03-18_20-10-36/checkpoint_000002)
[36m(train_tune pid=4189369)[0m Checkpoint successfully created at: Checkpoint(filesystem=local, path=/home/b23cs1037/ray_results/train_tune_2026-03-18_19-39-54/train_tune_f66fe68c_17_batch_size=16,d_ff=1024,d_model=512,dropout=0.3964,lr=0.0001,num_epochs=20,num_heads=4_2026-03-18_20-05-49/checkpoint_000005)
╭─────────────────────────────────────────────────────────────────────────────────────────────────────────────────────────────────────────────────────────────────╮
│ Trial name            status                lr     batch_size     num_heads     d_ff     dropout     iter     total time (s)       loss         bleu       time │
├─────────────────────────────────────────────────────────────────────────────────────────────────────────────────────────────────────────────────────────────────┤
│ train_tune_f66fe68c   RUNNING      0.000115652             16             4     1024    0.396439        5            263.994   3.42936    0.159621      262.157 │
│ train_tune_52b8b29e   RUNNING      0.000151786             16             4     1024    0.397542        2            113.984   4.54897    0.028283      112.05  │
│ train_tune_57177ad6   RUNNING      0.00014925              16             4     1024    0.334913                                                                │
│ train_tune_8756cff5   TERMINATED   0.000920117             64             4     1024    0.334648        5            114.812   5.68365    0.00190234    113.122 │
│ train_tune_14980f4a   TERMINATED   0.000334695             64             8     1024    0.188747       20            449.553   0.406529   0.560482      447.722 │
│ train_tune_86b0c5b8   TERMINATED   7.68385e-05             64             8     2048    0.214906       20            414.167   1.24991    0.440445      412.281 │
│ train_tune_647e4073   TERMINATED   2.46333e-05             64             4     2048    0.284054        5            130.133   4.56362    0.100881      128.097 │
│ train_tune_371d6e86   TERMINATED   0.000273832             16             4     1024    0.170142       20           1134.29    0.843369   0.635546     1132.47  │
│ train_tune_54c2cf1c   TERMINATED   0.000198462             32             4     1024    0.337471       20            557.475   0.911187   0.695595      555.772 │
│ train_tune_89d39032   TERMINATED   0.000175104             32             4     1024    0.305743       10            301.376   1.78564    0.49378       299.359 │
│ train_tune_dc2615ef   TERMINATED   3.28386e-05             32             4     2048    0.163527        5            158.377   3.6303     0.203436      156.59  │
│ train_tune_6258b6e3   TERMINATED   2.38546e-05             32             4     1024    0.222471        5            158.96    4.22974    0.0939875     157.04  │
│ train_tune_41fe64ec   TERMINATED   0.000898089             32             8     2048    0.240051        5            153.768   5.6746     0.00159967    151.868 │
│ train_tune_31b067d6   TERMINATED   0.000372424             32             8     1024    0.134643        5            159.049   2.95778    0.0194923     157.163 │
│ train_tune_6f645550   TERMINATED   0.000814792             32             8     1024    0.233057        5            151.927   5.61414    0.00190234    150.198 │
│ train_tune_8a0cfe06   TERMINATED   0.000736843             16             4     1024    0.105254        5            296.607   5.6662     0             294.699 │
│ train_tune_debd8bbc   TERMINATED   5.57056e-05             16             4     1024    0.39085        10            531.441   3.05261    0.42082       529.624 │
│ train_tune_83f08d7c   TERMINATED   0.0001892               16             8     1024    0.396809       10            568.862   2.43099    0.408572      567.008 │
│ train_tune_7b4fb263   TERMINATED   9.62261e-05             16             4     1024    0.399924       10            561.345   2.59486    0.440445      559.525 │
│ train_tune_b434b709   PENDING      0.000200175             16             4     1024    0.342902                                                                │
╰─────────────────────────────────────────────────────────────────────────────────────────────────────────────────────────────────────────────────────────────────╯
Trial status: 16 TERMINATED | 3 RUNNING | 1 PENDING
Current time: 2026-03-18 20:15:58. Total running time: 36min 4s
Logical resource usage: 0/64 CPUs, 3.0/3 GPUs (0.0/1.0 accelerator_type:RTX)
[36m(train_tune pid=4190903)[0m /home/b23cs1037/MLOps-Laksh-B23CS1037/.venv/lib/python3.10/site-packages/ray/tune/trainable/trainable_fn_utils.py:41: RayDeprecationWarning: The `Checkpoint` class should be imported from `ray.tune` when passing it to `ray.tune.report` in a Tune function. Please update your imports. See this issue for more context and migration options: https://github.com/ray-project/ray/issues/49454. Disable these warnings by setting the environment variable: RAY_TRAIN_ENABLE_V2_MIGRATION_WARNINGS=0
[36m(train_tune pid=4190903)[0m   _log_deprecation_warning(
[36m(train_tune pid=4190903)[0m Checkpoint successfully created at: Checkpoint(filesystem=local, path=/home/b23cs1037/ray_results/train_tune_2026-03-18_19-39-54/train_tune_57177ad6_19_batch_size=16,d_ff=1024,d_model=512,dropout=0.3349,lr=0.0001,num_epochs=20,num_heads=4_2026-03-18_20-12-42/checkpoint_000000)
[36m(train_tune pid=4190283)[0m Checkpoint successfully created at: Checkpoint(filesystem=local, path=/home/b23cs1037/ray_results/train_tune_2026-03-18_19-39-54/train_tune_52b8b29e_18_batch_size=16,d_ff=1024,d_model=512,dropout=0.3975,lr=0.0002,num_epochs=20,num_heads=4_2026-03-18_20-10-36/checkpoint_000003)
╭─────────────────────────────────────────────────────────────────────────────────────────────────────────────────────────────────────────────────────────────────╮
│ Trial name            status                lr     batch_size     num_heads     d_ff     dropout     iter     total time (s)       loss         bleu       time │
├─────────────────────────────────────────────────────────────────────────────────────────────────────────────────────────────────────────────────────────────────┤
│ train_tune_f66fe68c   RUNNING      0.000115652             16             4     1024    0.396439        6            316.094   3.17509    0.353001      314.269 │
│ train_tune_52b8b29e   RUNNING      0.000151786             16             4     1024    0.397542        3            168.662   4.09381    0.109137      166.775 │
│ train_tune_57177ad6   RUNNING      0.00014925              16             4     1024    0.334913                                                                │
│ train_tune_8756cff5   TERMINATED   0.000920117             64             4     1024    0.334648        5            114.812   5.68365    0.00190234    113.122 │
│ train_tune_14980f4a   TERMINATED   0.000334695             64             8     1024    0.188747       20            449.553   0.406529   0.560482      447.722 │
│ train_tune_86b0c5b8   TERMINATED   7.68385e-05             64             8     2048    0.214906       20            414.167   1.24991    0.440445      412.281 │
│ train_tune_647e4073   TERMINATED   2.46333e-05             64             4     2048    0.284054        5            130.133   4.56362    0.100881      128.097 │
│ train_tune_371d6e86   TERMINATED   0.000273832             16             4     1024    0.170142       20           1134.29    0.843369   0.635546     1132.47  │
│ train_tune_54c2cf1c   TERMINATED   0.000198462             32             4     1024    0.337471       20            557.475   0.911187   0.695595      555.772 │
│ train_tune_89d39032   TERMINATED   0.000175104             32             4     1024    0.305743       10            301.376   1.78564    0.49378       299.359 │
│ train_tune_dc2615ef   TERMINATED   3.28386e-05             32             4     2048    0.163527        5            158.377   3.6303     0.203436      156.59  │
│ train_tune_6258b6e3   TERMINATED   2.38546e-05             32             4     1024    0.222471        5            158.96    4.22974    0.0939875     157.04  │
│ train_tune_41fe64ec   TERMINATED   0.000898089             32             8     2048    0.240051        5            153.768   5.6746     0.00159967    151.868 │
│ train_tune_31b067d6   TERMINATED   0.000372424             32             8     1024    0.134643        5            159.049   2.95778    0.0194923     157.163 │
│ train_tune_6f645550   TERMINATED   0.000814792             32             8     1024    0.233057        5            151.927   5.61414    0.00190234    150.198 │
│ train_tune_8a0cfe06   TERMINATED   0.000736843             16             4     1024    0.105254        5            296.607   5.6662     0             294.699 │
│ train_tune_debd8bbc   TERMINATED   5.57056e-05             16             4     1024    0.39085        10            531.441   3.05261    0.42082       529.624 │
│ train_tune_83f08d7c   TERMINATED   0.0001892               16             8     1024    0.396809       10            568.862   2.43099    0.408572      567.008 │
│ train_tune_7b4fb263   TERMINATED   9.62261e-05             16             4     1024    0.399924       10            561.345   2.59486    0.440445      559.525 │
│ train_tune_b434b709   PENDING      0.000200175             16             4     1024    0.342902                                                                │
╰─────────────────────────────────────────────────────────────────────────────────────────────────────────────────────────────────────────────────────────────────╯
Trial status: 16 TERMINATED | 3 RUNNING | 1 PENDING
Current time: 2026-03-18 20:16:28. Total running time: 36min 34s
Logical resource usage: 0/64 CPUs, 3.0/3 GPUs (0.0/1.0 accelerator_type:RTX)
[36m(train_tune pid=4189369)[0m Checkpoint successfully created at: Checkpoint(filesystem=local, path=/home/b23cs1037/ray_results/train_tune_2026-03-18_19-39-54/train_tune_f66fe68c_17_batch_size=16,d_ff=1024,d_model=512,dropout=0.3964,lr=0.0001,num_epochs=20,num_heads=4_2026-03-18_20-05-49/checkpoint_000006)
╭──────────────────────────────────────────────────────────────────────────────────────────────────────────────────────────────────────────────────────────────────╮
│ Trial name            status                lr     batch_size     num_heads     d_ff     dropout     iter     total time (s)       loss         bleu        time │
├──────────────────────────────────────────────────────────────────────────────────────────────────────────────────────────────────────────────────────────────────┤
│ train_tune_f66fe68c   RUNNING      0.000115652             16             4     1024    0.396439        6           316.094    3.17509    0.353001      314.269  │
│ train_tune_52b8b29e   RUNNING      0.000151786             16             4     1024    0.397542        4           224.657    3.7389     0.109137      222.744  │
│ train_tune_57177ad6   RUNNING      0.00014925              16             4     1024    0.334913        1            58.1238   5.1683     0.0985261      56.1567 │
│ train_tune_8756cff5   TERMINATED   0.000920117             64             4     1024    0.334648        5           114.812    5.68365    0.00190234    113.122  │
│ train_tune_14980f4a   TERMINATED   0.000334695             64             8     1024    0.188747       20           449.553    0.406529   0.560482      447.722  │
│ train_tune_86b0c5b8   TERMINATED   7.68385e-05             64             8     2048    0.214906       20           414.167    1.24991    0.440445      412.281  │
│ train_tune_647e4073   TERMINATED   2.46333e-05             64             4     2048    0.284054        5           130.133    4.56362    0.100881      128.097  │
│ train_tune_371d6e86   TERMINATED   0.000273832             16             4     1024    0.170142       20          1134.29     0.843369   0.635546     1132.47   │
│ train_tune_54c2cf1c   TERMINATED   0.000198462             32             4     1024    0.337471       20           557.475    0.911187   0.695595      555.772  │
│ train_tune_89d39032   TERMINATED   0.000175104             32             4     1024    0.305743       10           301.376    1.78564    0.49378       299.359  │
│ train_tune_dc2615ef   TERMINATED   3.28386e-05             32             4     2048    0.163527        5           158.377    3.6303     0.203436      156.59   │
│ train_tune_6258b6e3   TERMINATED   2.38546e-05             32             4     1024    0.222471        5           158.96     4.22974    0.0939875     157.04   │
│ train_tune_41fe64ec   TERMINATED   0.000898089             32             8     2048    0.240051        5           153.768    5.6746     0.00159967    151.868  │
│ train_tune_31b067d6   TERMINATED   0.000372424             32             8     1024    0.134643        5           159.049    2.95778    0.0194923     157.163  │
│ train_tune_6f645550   TERMINATED   0.000814792             32             8     1024    0.233057        5           151.927    5.61414    0.00190234    150.198  │
│ train_tune_8a0cfe06   TERMINATED   0.000736843             16             4     1024    0.105254        5           296.607    5.6662     0             294.699  │
│ train_tune_debd8bbc   TERMINATED   5.57056e-05             16             4     1024    0.39085        10           531.441    3.05261    0.42082       529.624  │
│ train_tune_83f08d7c   TERMINATED   0.0001892               16             8     1024    0.396809       10           568.862    2.43099    0.408572      567.008  │
│ train_tune_7b4fb263   TERMINATED   9.62261e-05             16             4     1024    0.399924       10           561.345    2.59486    0.440445      559.525  │
│ train_tune_b434b709   PENDING      0.000200175             16             4     1024    0.342902                                                                 │
╰──────────────────────────────────────────────────────────────────────────────────────────────────────────────────────────────────────────────────────────────────╯
Trial status: 16 TERMINATED | 3 RUNNING | 1 PENDING
Current time: 2026-03-18 20:16:58. Total running time: 37min 4s
Logical resource usage: 0/64 CPUs, 3.0/3 GPUs (0.0/1.0 accelerator_type:RTX)
[36m(train_tune pid=4190903)[0m Checkpoint successfully created at: Checkpoint(filesystem=local, path=/home/b23cs1037/ray_results/train_tune_2026-03-18_19-39-54/train_tune_57177ad6_19_batch_size=16,d_ff=1024,d_model=512,dropout=0.3349,lr=0.0001,num_epochs=20,num_heads=4_2026-03-18_20-12-42/checkpoint_000001)
[36m(train_tune pid=4190283)[0m Checkpoint successfully created at: Checkpoint(filesystem=local, path=/home/b23cs1037/ray_results/train_tune_2026-03-18_19-39-54/train_tune_52b8b29e_18_batch_size=16,d_ff=1024,d_model=512,dropout=0.3975,lr=0.0002,num_epochs=20,num_heads=4_2026-03-18_20-10-36/checkpoint_000004)
╭──────────────────────────────────────────────────────────────────────────────────────────────────────────────────────────────────────────────────────────────────╮
│ Trial name            status                lr     batch_size     num_heads     d_ff     dropout     iter     total time (s)       loss         bleu        time │
├──────────────────────────────────────────────────────────────────────────────────────────────────────────────────────────────────────────────────────────────────┤
│ train_tune_f66fe68c   RUNNING      0.000115652             16             4     1024    0.396439        7           368.778    2.95517    0.466103      366.959  │
│ train_tune_52b8b29e   RUNNING      0.000151786             16             4     1024    0.397542        4           224.657    3.7389     0.109137      222.744  │
│ train_tune_57177ad6   RUNNING      0.00014925              16             4     1024    0.334913        1            58.1238   5.1683     0.0985261      56.1567 │
│ train_tune_8756cff5   TERMINATED   0.000920117             64             4     1024    0.334648        5           114.812    5.68365    0.00190234    113.122  │
│ train_tune_14980f4a   TERMINATED   0.000334695             64             8     1024    0.188747       20           449.553    0.406529   0.560482      447.722  │
│ train_tune_86b0c5b8   TERMINATED   7.68385e-05             64             8     2048    0.214906       20           414.167    1.24991    0.440445      412.281  │
│ train_tune_647e4073   TERMINATED   2.46333e-05             64             4     2048    0.284054        5           130.133    4.56362    0.100881      128.097  │
│ train_tune_371d6e86   TERMINATED   0.000273832             16             4     1024    0.170142       20          1134.29     0.843369   0.635546     1132.47   │
│ train_tune_54c2cf1c   TERMINATED   0.000198462             32             4     1024    0.337471       20           557.475    0.911187   0.695595      555.772  │
│ train_tune_89d39032   TERMINATED   0.000175104             32             4     1024    0.305743       10           301.376    1.78564    0.49378       299.359  │
│ train_tune_dc2615ef   TERMINATED   3.28386e-05             32             4     2048    0.163527        5           158.377    3.6303     0.203436      156.59   │
│ train_tune_6258b6e3   TERMINATED   2.38546e-05             32             4     1024    0.222471        5           158.96     4.22974    0.0939875     157.04   │
│ train_tune_41fe64ec   TERMINATED   0.000898089             32             8     2048    0.240051        5           153.768    5.6746     0.00159967    151.868  │
│ train_tune_31b067d6   TERMINATED   0.000372424             32             8     1024    0.134643        5           159.049    2.95778    0.0194923     157.163  │
│ train_tune_6f645550   TERMINATED   0.000814792             32             8     1024    0.233057        5           151.927    5.61414    0.00190234    150.198  │
│ train_tune_8a0cfe06   TERMINATED   0.000736843             16             4     1024    0.105254        5           296.607    5.6662     0             294.699  │
│ train_tune_debd8bbc   TERMINATED   5.57056e-05             16             4     1024    0.39085        10           531.441    3.05261    0.42082       529.624  │
│ train_tune_83f08d7c   TERMINATED   0.0001892               16             8     1024    0.396809       10           568.862    2.43099    0.408572      567.008  │
│ train_tune_7b4fb263   TERMINATED   9.62261e-05             16             4     1024    0.399924       10           561.345    2.59486    0.440445      559.525  │
│ train_tune_b434b709   PENDING      0.000200175             16             4     1024    0.342902                                                                 │
╰──────────────────────────────────────────────────────────────────────────────────────────────────────────────────────────────────────────────────────────────────╯

Trial train_tune_52b8b29e completed after 5 iterations at 2026-03-18 20:17:22. Total running time: 37min 27s
╭────────────────────────────────────────────────────────╮
│ Trial train_tune_52b8b29e result                       │
├────────────────────────────────────────────────────────┤
│ checkpoint_dir_name                  checkpoint_000004 │
│ time_this_iter_s                              54.65784 │
│ time_total_s                                 279.31497 │
│ training_iteration                                   5 │
│ bleu                                           0.11064 │
│ loss                                           3.43144 │
│ time                                         277.41569 │
╰────────────────────────────────────────────────────────╯

Trial train_tune_b434b709 started with configuration:
╭─────────────────────────────────────────────╮
│ Trial train_tune_b434b709 config            │
├─────────────────────────────────────────────┤
│ batch_size                               16 │
│ d_ff                                   1024 │
│ d_model                                 512 │
│ dropout                              0.3429 │
│ lr                                   0.0002 │
│ num_epochs                               20 │
│ num_heads                                 4 │
╰─────────────────────────────────────────────╯

Trial status: 17 TERMINATED | 3 RUNNING
Current time: 2026-03-18 20:17:28. Total running time: 37min 34s
Logical resource usage: 0/64 CPUs, 3.0/3 GPUs (0.0/1.0 accelerator_type:RTX)
[36m(train_tune pid=4189369)[0m Checkpoint successfully created at: Checkpoint(filesystem=local, path=/home/b23cs1037/ray_results/train_tune_2026-03-18_19-39-54/train_tune_f66fe68c_17_batch_size=16,d_ff=1024,d_model=512,dropout=0.3964,lr=0.0001,num_epochs=20,num_heads=4_2026-03-18_20-05-49/checkpoint_000007)
╭─────────────────────────────────────────────────────────────────────────────────────────────────────────────────────────────────────────────────────────────────╮
│ Trial name            status                lr     batch_size     num_heads     d_ff     dropout     iter     total time (s)       loss         bleu       time │
├─────────────────────────────────────────────────────────────────────────────────────────────────────────────────────────────────────────────────────────────────┤
│ train_tune_f66fe68c   RUNNING      0.000115652             16             4     1024    0.396439        7            368.778   2.95517    0.466103      366.959 │
│ train_tune_57177ad6   RUNNING      0.00014925              16             4     1024    0.334913        2            113.843   4.25339    0.0998906     111.916 │
│ train_tune_b434b709   RUNNING      0.000200175             16             4     1024    0.342902                                                                │
│ train_tune_8756cff5   TERMINATED   0.000920117             64             4     1024    0.334648        5            114.812   5.68365    0.00190234    113.122 │
│ train_tune_14980f4a   TERMINATED   0.000334695             64             8     1024    0.188747       20            449.553   0.406529   0.560482      447.722 │
│ train_tune_86b0c5b8   TERMINATED   7.68385e-05             64             8     2048    0.214906       20            414.167   1.24991    0.440445      412.281 │
│ train_tune_647e4073   TERMINATED   2.46333e-05             64             4     2048    0.284054        5            130.133   4.56362    0.100881      128.097 │
│ train_tune_371d6e86   TERMINATED   0.000273832             16             4     1024    0.170142       20           1134.29    0.843369   0.635546     1132.47  │
│ train_tune_54c2cf1c   TERMINATED   0.000198462             32             4     1024    0.337471       20            557.475   0.911187   0.695595      555.772 │
│ train_tune_89d39032   TERMINATED   0.000175104             32             4     1024    0.305743       10            301.376   1.78564    0.49378       299.359 │
│ train_tune_dc2615ef   TERMINATED   3.28386e-05             32             4     2048    0.163527        5            158.377   3.6303     0.203436      156.59  │
│ train_tune_6258b6e3   TERMINATED   2.38546e-05             32             4     1024    0.222471        5            158.96    4.22974    0.0939875     157.04  │
│ train_tune_41fe64ec   TERMINATED   0.000898089             32             8     2048    0.240051        5            153.768   5.6746     0.00159967    151.868 │
│ train_tune_31b067d6   TERMINATED   0.000372424             32             8     1024    0.134643        5            159.049   2.95778    0.0194923     157.163 │
│ train_tune_6f645550   TERMINATED   0.000814792             32             8     1024    0.233057        5            151.927   5.61414    0.00190234    150.198 │
│ train_tune_8a0cfe06   TERMINATED   0.000736843             16             4     1024    0.105254        5            296.607   5.6662     0             294.699 │
│ train_tune_debd8bbc   TERMINATED   5.57056e-05             16             4     1024    0.39085        10            531.441   3.05261    0.42082       529.624 │
│ train_tune_83f08d7c   TERMINATED   0.0001892               16             8     1024    0.396809       10            568.862   2.43099    0.408572      567.008 │
│ train_tune_7b4fb263   TERMINATED   9.62261e-05             16             4     1024    0.399924       10            561.345   2.59486    0.440445      559.525 │
│ train_tune_52b8b29e   TERMINATED   0.000151786             16             4     1024    0.397542        5            279.315   3.43144    0.110645      277.416 │
╰─────────────────────────────────────────────────────────────────────────────────────────────────────────────────────────────────────────────────────────────────╯
Trial status: 17 TERMINATED | 3 RUNNING
Current time: 2026-03-18 20:17:58. Total running time: 38min 4s
Logical resource usage: 0/64 CPUs, 3.0/3 GPUs (0.0/1.0 accelerator_type:RTX)
[36m(train_tune pid=4190903)[0m Checkpoint successfully created at: Checkpoint(filesystem=local, path=/home/b23cs1037/ray_results/train_tune_2026-03-18_19-39-54/train_tune_57177ad6_19_batch_size=16,d_ff=1024,d_model=512,dropout=0.3349,lr=0.0001,num_epochs=20,num_heads=4_2026-03-18_20-12-42/checkpoint_000002)
[36m(train_tune pid=4191433)[0m /home/b23cs1037/MLOps-Laksh-B23CS1037/.venv/lib/python3.10/site-packages/ray/tune/trainable/trainable_fn_utils.py:41: RayDeprecationWarning: The `Checkpoint` class should be imported from `ray.tune` when passing it to `ray.tune.report` in a Tune function. Please update your imports. See this issue for more context and migration options: https://github.com/ray-project/ray/issues/49454. Disable these warnings by setting the environment variable: RAY_TRAIN_ENABLE_V2_MIGRATION_WARNINGS=0
[36m(train_tune pid=4191433)[0m   _log_deprecation_warning(
[36m(train_tune pid=4191433)[0m Checkpoint successfully created at: Checkpoint(filesystem=local, path=/home/b23cs1037/ray_results/train_tune_2026-03-18_19-39-54/train_tune_b434b709_20_batch_size=16,d_ff=1024,d_model=512,dropout=0.3429,lr=0.0002,num_epochs=20,num_heads=4_2026-03-18_20-15-14/checkpoint_000000)
[36m(train_tune pid=4189369)[0m Checkpoint successfully created at: Checkpoint(filesystem=local, path=/home/b23cs1037/ray_results/train_tune_2026-03-18_19-39-54/train_tune_f66fe68c_17_batch_size=16,d_ff=1024,d_model=512,dropout=0.3964,lr=0.0001,num_epochs=20,num_heads=4_2026-03-18_20-05-49/checkpoint_000008)
╭─────────────────────────────────────────────────────────────────────────────────────────────────────────────────────────────────────────────────────────────────╮
│ Trial name            status                lr     batch_size     num_heads     d_ff     dropout     iter     total time (s)       loss         bleu       time │
├─────────────────────────────────────────────────────────────────────────────────────────────────────────────────────────────────────────────────────────────────┤
│ train_tune_f66fe68c   RUNNING      0.000115652             16             4     1024    0.396439        8            420.691   2.7606     0.1739        418.873 │
│ train_tune_57177ad6   RUNNING      0.00014925              16             4     1024    0.334913        2            113.843   4.25339    0.0998906     111.916 │
│ train_tune_b434b709   RUNNING      0.000200175             16             4     1024    0.342902                                                                │
│ train_tune_8756cff5   TERMINATED   0.000920117             64             4     1024    0.334648        5            114.812   5.68365    0.00190234    113.122 │
│ train_tune_14980f4a   TERMINATED   0.000334695             64             8     1024    0.188747       20            449.553   0.406529   0.560482      447.722 │
│ train_tune_86b0c5b8   TERMINATED   7.68385e-05             64             8     2048    0.214906       20            414.167   1.24991    0.440445      412.281 │
│ train_tune_647e4073   TERMINATED   2.46333e-05             64             4     2048    0.284054        5            130.133   4.56362    0.100881      128.097 │
│ train_tune_371d6e86   TERMINATED   0.000273832             16             4     1024    0.170142       20           1134.29    0.843369   0.635546     1132.47  │
│ train_tune_54c2cf1c   TERMINATED   0.000198462             32             4     1024    0.337471       20            557.475   0.911187   0.695595      555.772 │
│ train_tune_89d39032   TERMINATED   0.000175104             32             4     1024    0.305743       10            301.376   1.78564    0.49378       299.359 │
│ train_tune_dc2615ef   TERMINATED   3.28386e-05             32             4     2048    0.163527        5            158.377   3.6303     0.203436      156.59  │
│ train_tune_6258b6e3   TERMINATED   2.38546e-05             32             4     1024    0.222471        5            158.96    4.22974    0.0939875     157.04  │
│ train_tune_41fe64ec   TERMINATED   0.000898089             32             8     2048    0.240051        5            153.768   5.6746     0.00159967    151.868 │
│ train_tune_31b067d6   TERMINATED   0.000372424             32             8     1024    0.134643        5            159.049   2.95778    0.0194923     157.163 │
│ train_tune_6f645550   TERMINATED   0.000814792             32             8     1024    0.233057        5            151.927   5.61414    0.00190234    150.198 │
│ train_tune_8a0cfe06   TERMINATED   0.000736843             16             4     1024    0.105254        5            296.607   5.6662     0             294.699 │
│ train_tune_debd8bbc   TERMINATED   5.57056e-05             16             4     1024    0.39085        10            531.441   3.05261    0.42082       529.624 │
│ train_tune_83f08d7c   TERMINATED   0.0001892               16             8     1024    0.396809       10            568.862   2.43099    0.408572      567.008 │
│ train_tune_7b4fb263   TERMINATED   9.62261e-05             16             4     1024    0.399924       10            561.345   2.59486    0.440445      559.525 │
│ train_tune_52b8b29e   TERMINATED   0.000151786             16             4     1024    0.397542        5            279.315   3.43144    0.110645      277.416 │
╰─────────────────────────────────────────────────────────────────────────────────────────────────────────────────────────────────────────────────────────────────╯
Trial status: 17 TERMINATED | 3 RUNNING
Current time: 2026-03-18 20:18:28. Total running time: 38min 34s
Logical resource usage: 0/64 CPUs, 3.0/3 GPUs (0.0/1.0 accelerator_type:RTX)
╭──────────────────────────────────────────────────────────────────────────────────────────────────────────────────────────────────────────────────────────────────╮
│ Trial name            status                lr     batch_size     num_heads     d_ff     dropout     iter     total time (s)       loss         bleu        time │
├──────────────────────────────────────────────────────────────────────────────────────────────────────────────────────────────────────────────────────────────────┤
│ train_tune_f66fe68c   RUNNING      0.000115652             16             4     1024    0.396439        9           472.191    2.5741     0.45216       470.388  │
│ train_tune_57177ad6   RUNNING      0.00014925              16             4     1024    0.334913        3           169.239    3.72072    0.328141      167.313  │
│ train_tune_b434b709   RUNNING      0.000200175             16             4     1024    0.342902        1            57.1739   5.30606    0.0350672      55.2489 │
│ train_tune_8756cff5   TERMINATED   0.000920117             64             4     1024    0.334648        5           114.812    5.68365    0.00190234    113.122  │
│ train_tune_14980f4a   TERMINATED   0.000334695             64             8     1024    0.188747       20           449.553    0.406529   0.560482      447.722  │
│ train_tune_86b0c5b8   TERMINATED   7.68385e-05             64             8     2048    0.214906       20           414.167    1.24991    0.440445      412.281  │
│ train_tune_647e4073   TERMINATED   2.46333e-05             64             4     2048    0.284054        5           130.133    4.56362    0.100881      128.097  │
│ train_tune_371d6e86   TERMINATED   0.000273832             16             4     1024    0.170142       20          1134.29     0.843369   0.635546     1132.47   │
│ train_tune_54c2cf1c   TERMINATED   0.000198462             32             4     1024    0.337471       20           557.475    0.911187   0.695595      555.772  │
│ train_tune_89d39032   TERMINATED   0.000175104             32             4     1024    0.305743       10           301.376    1.78564    0.49378       299.359  │
│ train_tune_dc2615ef   TERMINATED   3.28386e-05             32             4     2048    0.163527        5           158.377    3.6303     0.203436      156.59   │
│ train_tune_6258b6e3   TERMINATED   2.38546e-05             32             4     1024    0.222471        5           158.96     4.22974    0.0939875     157.04   │
│ train_tune_41fe64ec   TERMINATED   0.000898089             32             8     2048    0.240051        5           153.768    5.6746     0.00159967    151.868  │
│ train_tune_31b067d6   TERMINATED   0.000372424             32             8     1024    0.134643        5           159.049    2.95778    0.0194923     157.163  │
│ train_tune_6f645550   TERMINATED   0.000814792             32             8     1024    0.233057        5           151.927    5.61414    0.00190234    150.198  │
│ train_tune_8a0cfe06   TERMINATED   0.000736843             16             4     1024    0.105254        5           296.607    5.6662     0             294.699  │
│ train_tune_debd8bbc   TERMINATED   5.57056e-05             16             4     1024    0.39085        10           531.441    3.05261    0.42082       529.624  │
│ train_tune_83f08d7c   TERMINATED   0.0001892               16             8     1024    0.396809       10           568.862    2.43099    0.408572      567.008  │
│ train_tune_7b4fb263   TERMINATED   9.62261e-05             16             4     1024    0.399924       10           561.345    2.59486    0.440445      559.525  │
│ train_tune_52b8b29e   TERMINATED   0.000151786             16             4     1024    0.397542        5           279.315    3.43144    0.110645      277.416  │
╰──────────────────────────────────────────────────────────────────────────────────────────────────────────────────────────────────────────────────────────────────╯
Trial status: 17 TERMINATED | 3 RUNNING
Current time: 2026-03-18 20:18:58. Total running time: 39min 4s
Logical resource usage: 0/64 CPUs, 3.0/3 GPUs (0.0/1.0 accelerator_type:RTX)
[36m(train_tune pid=4190903)[0m Checkpoint successfully created at: Checkpoint(filesystem=local, path=/home/b23cs1037/ray_results/train_tune_2026-03-18_19-39-54/train_tune_57177ad6_19_batch_size=16,d_ff=1024,d_model=512,dropout=0.3349,lr=0.0001,num_epochs=20,num_heads=4_2026-03-18_20-12-42/checkpoint_000003)
[36m(train_tune pid=4191433)[0m Checkpoint successfully created at: Checkpoint(filesystem=local, path=/home/b23cs1037/ray_results/train_tune_2026-03-18_19-39-54/train_tune_b434b709_20_batch_size=16,d_ff=1024,d_model=512,dropout=0.3429,lr=0.0002,num_epochs=20,num_heads=4_2026-03-18_20-15-14/checkpoint_000001)
[36m(train_tune pid=4189369)[0m Checkpoint successfully created at: Checkpoint(filesystem=local, path=/home/b23cs1037/ray_results/train_tune_2026-03-18_19-39-54/train_tune_f66fe68c_17_batch_size=16,d_ff=1024,d_model=512,dropout=0.3964,lr=0.0001,num_epochs=20,num_heads=4_2026-03-18_20-05-49/checkpoint_000009)
╭──────────────────────────────────────────────────────────────────────────────────────────────────────────────────────────────────────────────────────────────────╮
│ Trial name            status                lr     batch_size     num_heads     d_ff     dropout     iter     total time (s)       loss         bleu        time │
├──────────────────────────────────────────────────────────────────────────────────────────────────────────────────────────────────────────────────────────────────┤
│ train_tune_f66fe68c   RUNNING      0.000115652             16             4     1024    0.396439        9           472.191    2.5741     0.45216       470.388  │
│ train_tune_57177ad6   RUNNING      0.00014925              16             4     1024    0.334913        3           169.239    3.72072    0.328141      167.313  │
│ train_tune_b434b709   RUNNING      0.000200175             16             4     1024    0.342902        1            57.1739   5.30606    0.0350672      55.2489 │
│ train_tune_8756cff5   TERMINATED   0.000920117             64             4     1024    0.334648        5           114.812    5.68365    0.00190234    113.122  │
│ train_tune_14980f4a   TERMINATED   0.000334695             64             8     1024    0.188747       20           449.553    0.406529   0.560482      447.722  │
│ train_tune_86b0c5b8   TERMINATED   7.68385e-05             64             8     2048    0.214906       20           414.167    1.24991    0.440445      412.281  │
│ train_tune_647e4073   TERMINATED   2.46333e-05             64             4     2048    0.284054        5           130.133    4.56362    0.100881      128.097  │
│ train_tune_371d6e86   TERMINATED   0.000273832             16             4     1024    0.170142       20          1134.29     0.843369   0.635546     1132.47   │
│ train_tune_54c2cf1c   TERMINATED   0.000198462             32             4     1024    0.337471       20           557.475    0.911187   0.695595      555.772  │
│ train_tune_89d39032   TERMINATED   0.000175104             32             4     1024    0.305743       10           301.376    1.78564    0.49378       299.359  │
│ train_tune_dc2615ef   TERMINATED   3.28386e-05             32             4     2048    0.163527        5           158.377    3.6303     0.203436      156.59   │
│ train_tune_6258b6e3   TERMINATED   2.38546e-05             32             4     1024    0.222471        5           158.96     4.22974    0.0939875     157.04   │
│ train_tune_41fe64ec   TERMINATED   0.000898089             32             8     2048    0.240051        5           153.768    5.6746     0.00159967    151.868  │
│ train_tune_31b067d6   TERMINATED   0.000372424             32             8     1024    0.134643        5           159.049    2.95778    0.0194923     157.163  │
│ train_tune_6f645550   TERMINATED   0.000814792             32             8     1024    0.233057        5           151.927    5.61414    0.00190234    150.198  │
│ train_tune_8a0cfe06   TERMINATED   0.000736843             16             4     1024    0.105254        5           296.607    5.6662     0             294.699  │
│ train_tune_debd8bbc   TERMINATED   5.57056e-05             16             4     1024    0.39085        10           531.441    3.05261    0.42082       529.624  │
│ train_tune_83f08d7c   TERMINATED   0.0001892               16             8     1024    0.396809       10           568.862    2.43099    0.408572      567.008  │
│ train_tune_7b4fb263   TERMINATED   9.62261e-05             16             4     1024    0.399924       10           561.345    2.59486    0.440445      559.525  │
│ train_tune_52b8b29e   TERMINATED   0.000151786             16             4     1024    0.397542        5           279.315    3.43144    0.110645      277.416  │
╰──────────────────────────────────────────────────────────────────────────────────────────────────────────────────────────────────────────────────────────────────╯

Trial train_tune_f66fe68c completed after 10 iterations at 2026-03-18 20:19:19. Total running time: 39min 25s
╭────────────────────────────────────────────────────────╮
│ Trial train_tune_f66fe68c result                       │
├────────────────────────────────────────────────────────┤
│ checkpoint_dir_name                  checkpoint_000009 │
│ time_this_iter_s                               51.4803 │
│ time_total_s                                 523.67095 │
│ training_iteration                                  10 │
│ bleu                                           0.42709 │
│ loss                                            2.4022 │
│ time                                         521.87431 │
╰────────────────────────────────────────────────────────╯

Trial status: 18 TERMINATED | 2 RUNNING
Current time: 2026-03-18 20:19:28. Total running time: 39min 34s
Logical resource usage: 0/64 CPUs, 2.0/3 GPUs (0.0/1.0 accelerator_type:RTX)
[36m(train_tune pid=4190903)[0m Checkpoint successfully created at: Checkpoint(filesystem=local, path=/home/b23cs1037/ray_results/train_tune_2026-03-18_19-39-54/train_tune_57177ad6_19_batch_size=16,d_ff=1024,d_model=512,dropout=0.3349,lr=0.0001,num_epochs=20,num_heads=4_2026-03-18_20-12-42/checkpoint_000004)
╭─────────────────────────────────────────────────────────────────────────────────────────────────────────────────────────────────────────────────────────────────╮
│ Trial name            status                lr     batch_size     num_heads     d_ff     dropout     iter     total time (s)       loss         bleu       time │
├─────────────────────────────────────────────────────────────────────────────────────────────────────────────────────────────────────────────────────────────────┤
│ train_tune_57177ad6   RUNNING      0.00014925              16             4     1024    0.334913        4            224.347   3.31751    0.413624      222.431 │
│ train_tune_b434b709   RUNNING      0.000200175             16             4     1024    0.342902        2            111.984   4.57346    0.0999104     110.073 │
│ train_tune_8756cff5   TERMINATED   0.000920117             64             4     1024    0.334648        5            114.812   5.68365    0.00190234    113.122 │
│ train_tune_14980f4a   TERMINATED   0.000334695             64             8     1024    0.188747       20            449.553   0.406529   0.560482      447.722 │
│ train_tune_86b0c5b8   TERMINATED   7.68385e-05             64             8     2048    0.214906       20            414.167   1.24991    0.440445      412.281 │
│ train_tune_647e4073   TERMINATED   2.46333e-05             64             4     2048    0.284054        5            130.133   4.56362    0.100881      128.097 │
│ train_tune_371d6e86   TERMINATED   0.000273832             16             4     1024    0.170142       20           1134.29    0.843369   0.635546     1132.47  │
│ train_tune_54c2cf1c   TERMINATED   0.000198462             32             4     1024    0.337471       20            557.475   0.911187   0.695595      555.772 │
│ train_tune_89d39032   TERMINATED   0.000175104             32             4     1024    0.305743       10            301.376   1.78564    0.49378       299.359 │
│ train_tune_dc2615ef   TERMINATED   3.28386e-05             32             4     2048    0.163527        5            158.377   3.6303     0.203436      156.59  │
│ train_tune_6258b6e3   TERMINATED   2.38546e-05             32             4     1024    0.222471        5            158.96    4.22974    0.0939875     157.04  │
│ train_tune_41fe64ec   TERMINATED   0.000898089             32             8     2048    0.240051        5            153.768   5.6746     0.00159967    151.868 │
│ train_tune_31b067d6   TERMINATED   0.000372424             32             8     1024    0.134643        5            159.049   2.95778    0.0194923     157.163 │
│ train_tune_6f645550   TERMINATED   0.000814792             32             8     1024    0.233057        5            151.927   5.61414    0.00190234    150.198 │
│ train_tune_8a0cfe06   TERMINATED   0.000736843             16             4     1024    0.105254        5            296.607   5.6662     0             294.699 │
│ train_tune_debd8bbc   TERMINATED   5.57056e-05             16             4     1024    0.39085        10            531.441   3.05261    0.42082       529.624 │
│ train_tune_83f08d7c   TERMINATED   0.0001892               16             8     1024    0.396809       10            568.862   2.43099    0.408572      567.008 │
│ train_tune_7b4fb263   TERMINATED   9.62261e-05             16             4     1024    0.399924       10            561.345   2.59486    0.440445      559.525 │
│ train_tune_f66fe68c   TERMINATED   0.000115652             16             4     1024    0.396439       10            523.671   2.4022     0.427094      521.874 │
│ train_tune_52b8b29e   TERMINATED   0.000151786             16             4     1024    0.397542        5            279.315   3.43144    0.110645      277.416 │
╰─────────────────────────────────────────────────────────────────────────────────────────────────────────────────────────────────────────────────────────────────╯
Trial status: 18 TERMINATED | 2 RUNNING
Current time: 2026-03-18 20:19:58. Total running time: 40min 4s
Logical resource usage: 0/64 CPUs, 2.0/3 GPUs (0.0/1.0 accelerator_type:RTX)
[36m(train_tune pid=4191433)[0m Checkpoint successfully created at: Checkpoint(filesystem=local, path=/home/b23cs1037/ray_results/train_tune_2026-03-18_19-39-54/train_tune_b434b709_20_batch_size=16,d_ff=1024,d_model=512,dropout=0.3429,lr=0.0002,num_epochs=20,num_heads=4_2026-03-18_20-15-14/checkpoint_000002)
╭─────────────────────────────────────────────────────────────────────────────────────────────────────────────────────────────────────────────────────────────────╮
│ Trial name            status                lr     batch_size     num_heads     d_ff     dropout     iter     total time (s)       loss         bleu       time │
├─────────────────────────────────────────────────────────────────────────────────────────────────────────────────────────────────────────────────────────────────┤
│ train_tune_57177ad6   RUNNING      0.00014925              16             4     1024    0.334913        5            279.326   2.98592    0.3922        277.411 │
│ train_tune_b434b709   RUNNING      0.000200175             16             4     1024    0.342902        2            111.984   4.57346    0.0999104     110.073 │
│ train_tune_8756cff5   TERMINATED   0.000920117             64             4     1024    0.334648        5            114.812   5.68365    0.00190234    113.122 │
│ train_tune_14980f4a   TERMINATED   0.000334695             64             8     1024    0.188747       20            449.553   0.406529   0.560482      447.722 │
│ train_tune_86b0c5b8   TERMINATED   7.68385e-05             64             8     2048    0.214906       20            414.167   1.24991    0.440445      412.281 │
│ train_tune_647e4073   TERMINATED   2.46333e-05             64             4     2048    0.284054        5            130.133   4.56362    0.100881      128.097 │
│ train_tune_371d6e86   TERMINATED   0.000273832             16             4     1024    0.170142       20           1134.29    0.843369   0.635546     1132.47  │
│ train_tune_54c2cf1c   TERMINATED   0.000198462             32             4     1024    0.337471       20            557.475   0.911187   0.695595      555.772 │
│ train_tune_89d39032   TERMINATED   0.000175104             32             4     1024    0.305743       10            301.376   1.78564    0.49378       299.359 │
│ train_tune_dc2615ef   TERMINATED   3.28386e-05             32             4     2048    0.163527        5            158.377   3.6303     0.203436      156.59  │
│ train_tune_6258b6e3   TERMINATED   2.38546e-05             32             4     1024    0.222471        5            158.96    4.22974    0.0939875     157.04  │
│ train_tune_41fe64ec   TERMINATED   0.000898089             32             8     2048    0.240051        5            153.768   5.6746     0.00159967    151.868 │
│ train_tune_31b067d6   TERMINATED   0.000372424             32             8     1024    0.134643        5            159.049   2.95778    0.0194923     157.163 │
│ train_tune_6f645550   TERMINATED   0.000814792             32             8     1024    0.233057        5            151.927   5.61414    0.00190234    150.198 │
│ train_tune_8a0cfe06   TERMINATED   0.000736843             16             4     1024    0.105254        5            296.607   5.6662     0             294.699 │
│ train_tune_debd8bbc   TERMINATED   5.57056e-05             16             4     1024    0.39085        10            531.441   3.05261    0.42082       529.624 │
│ train_tune_83f08d7c   TERMINATED   0.0001892               16             8     1024    0.396809       10            568.862   2.43099    0.408572      567.008 │
│ train_tune_7b4fb263   TERMINATED   9.62261e-05             16             4     1024    0.399924       10            561.345   2.59486    0.440445      559.525 │
│ train_tune_f66fe68c   TERMINATED   0.000115652             16             4     1024    0.396439       10            523.671   2.4022     0.427094      521.874 │
│ train_tune_52b8b29e   TERMINATED   0.000151786             16             4     1024    0.397542        5            279.315   3.43144    0.110645      277.416 │
╰─────────────────────────────────────────────────────────────────────────────────────────────────────────────────────────────────────────────────────────────────╯
Trial status: 18 TERMINATED | 2 RUNNING
Current time: 2026-03-18 20:20:28. Total running time: 40min 34s
Logical resource usage: 0/64 CPUs, 2.0/3 GPUs (0.0/1.0 accelerator_type:RTX)
[36m(train_tune pid=4190903)[0m Checkpoint successfully created at: Checkpoint(filesystem=local, path=/home/b23cs1037/ray_results/train_tune_2026-03-18_19-39-54/train_tune_57177ad6_19_batch_size=16,d_ff=1024,d_model=512,dropout=0.3349,lr=0.0001,num_epochs=20,num_heads=4_2026-03-18_20-12-42/checkpoint_000005)
╭─────────────────────────────────────────────────────────────────────────────────────────────────────────────────────────────────────────────────────────────────╮
│ Trial name            status                lr     batch_size     num_heads     d_ff     dropout     iter     total time (s)       loss         bleu       time │
├─────────────────────────────────────────────────────────────────────────────────────────────────────────────────────────────────────────────────────────────────┤
│ train_tune_57177ad6   RUNNING      0.00014925              16             4     1024    0.334913        5            279.326   2.98592    0.3922        277.411 │
│ train_tune_b434b709   RUNNING      0.000200175             16             4     1024    0.342902        3            165.794   4.06917    0.100881      163.883 │
│ train_tune_8756cff5   TERMINATED   0.000920117             64             4     1024    0.334648        5            114.812   5.68365    0.00190234    113.122 │
│ train_tune_14980f4a   TERMINATED   0.000334695             64             8     1024    0.188747       20            449.553   0.406529   0.560482      447.722 │
│ train_tune_86b0c5b8   TERMINATED   7.68385e-05             64             8     2048    0.214906       20            414.167   1.24991    0.440445      412.281 │
│ train_tune_647e4073   TERMINATED   2.46333e-05             64             4     2048    0.284054        5            130.133   4.56362    0.100881      128.097 │
│ train_tune_371d6e86   TERMINATED   0.000273832             16             4     1024    0.170142       20           1134.29    0.843369   0.635546     1132.47  │
│ train_tune_54c2cf1c   TERMINATED   0.000198462             32             4     1024    0.337471       20            557.475   0.911187   0.695595      555.772 │
│ train_tune_89d39032   TERMINATED   0.000175104             32             4     1024    0.305743       10            301.376   1.78564    0.49378       299.359 │
│ train_tune_dc2615ef   TERMINATED   3.28386e-05             32             4     2048    0.163527        5            158.377   3.6303     0.203436      156.59  │
│ train_tune_6258b6e3   TERMINATED   2.38546e-05             32             4     1024    0.222471        5            158.96    4.22974    0.0939875     157.04  │
│ train_tune_41fe64ec   TERMINATED   0.000898089             32             8     2048    0.240051        5            153.768   5.6746     0.00159967    151.868 │
│ train_tune_31b067d6   TERMINATED   0.000372424             32             8     1024    0.134643        5            159.049   2.95778    0.0194923     157.163 │
│ train_tune_6f645550   TERMINATED   0.000814792             32             8     1024    0.233057        5            151.927   5.61414    0.00190234    150.198 │
│ train_tune_8a0cfe06   TERMINATED   0.000736843             16             4     1024    0.105254        5            296.607   5.6662     0             294.699 │
│ train_tune_debd8bbc   TERMINATED   5.57056e-05             16             4     1024    0.39085        10            531.441   3.05261    0.42082       529.624 │
│ train_tune_83f08d7c   TERMINATED   0.0001892               16             8     1024    0.396809       10            568.862   2.43099    0.408572      567.008 │
│ train_tune_7b4fb263   TERMINATED   9.62261e-05             16             4     1024    0.399924       10            561.345   2.59486    0.440445      559.525 │
│ train_tune_f66fe68c   TERMINATED   0.000115652             16             4     1024    0.396439       10            523.671   2.4022     0.427094      521.874 │
│ train_tune_52b8b29e   TERMINATED   0.000151786             16             4     1024    0.397542        5            279.315   3.43144    0.110645      277.416 │
╰─────────────────────────────────────────────────────────────────────────────────────────────────────────────────────────────────────────────────────────────────╯
Trial status: 18 TERMINATED | 2 RUNNING
Current time: 2026-03-18 20:20:58. Total running time: 41min 4s
Logical resource usage: 0/64 CPUs, 2.0/3 GPUs (0.0/1.0 accelerator_type:RTX)
[36m(train_tune pid=4191433)[0m Checkpoint successfully created at: Checkpoint(filesystem=local, path=/home/b23cs1037/ray_results/train_tune_2026-03-18_19-39-54/train_tune_b434b709_20_batch_size=16,d_ff=1024,d_model=512,dropout=0.3429,lr=0.0002,num_epochs=20,num_heads=4_2026-03-18_20-15-14/checkpoint_000003)
╭─────────────────────────────────────────────────────────────────────────────────────────────────────────────────────────────────────────────────────────────────╮
│ Trial name            status                lr     batch_size     num_heads     d_ff     dropout     iter     total time (s)       loss         bleu       time │
├─────────────────────────────────────────────────────────────────────────────────────────────────────────────────────────────────────────────────────────────────┤
│ train_tune_57177ad6   RUNNING      0.00014925              16             4     1024    0.334913        6            334.827   2.69632    0.580899      332.921 │
│ train_tune_b434b709   RUNNING      0.000200175             16             4     1024    0.342902        3            165.794   4.06917    0.100881      163.883 │
│ train_tune_8756cff5   TERMINATED   0.000920117             64             4     1024    0.334648        5            114.812   5.68365    0.00190234    113.122 │
│ train_tune_14980f4a   TERMINATED   0.000334695             64             8     1024    0.188747       20            449.553   0.406529   0.560482      447.722 │
│ train_tune_86b0c5b8   TERMINATED   7.68385e-05             64             8     2048    0.214906       20            414.167   1.24991    0.440445      412.281 │
│ train_tune_647e4073   TERMINATED   2.46333e-05             64             4     2048    0.284054        5            130.133   4.56362    0.100881      128.097 │
│ train_tune_371d6e86   TERMINATED   0.000273832             16             4     1024    0.170142       20           1134.29    0.843369   0.635546     1132.47  │
│ train_tune_54c2cf1c   TERMINATED   0.000198462             32             4     1024    0.337471       20            557.475   0.911187   0.695595      555.772 │
│ train_tune_89d39032   TERMINATED   0.000175104             32             4     1024    0.305743       10            301.376   1.78564    0.49378       299.359 │
│ train_tune_dc2615ef   TERMINATED   3.28386e-05             32             4     2048    0.163527        5            158.377   3.6303     0.203436      156.59  │
│ train_tune_6258b6e3   TERMINATED   2.38546e-05             32             4     1024    0.222471        5            158.96    4.22974    0.0939875     157.04  │
│ train_tune_41fe64ec   TERMINATED   0.000898089             32             8     2048    0.240051        5            153.768   5.6746     0.00159967    151.868 │
│ train_tune_31b067d6   TERMINATED   0.000372424             32             8     1024    0.134643        5            159.049   2.95778    0.0194923     157.163 │
│ train_tune_6f645550   TERMINATED   0.000814792             32             8     1024    0.233057        5            151.927   5.61414    0.00190234    150.198 │
│ train_tune_8a0cfe06   TERMINATED   0.000736843             16             4     1024    0.105254        5            296.607   5.6662     0             294.699 │
│ train_tune_debd8bbc   TERMINATED   5.57056e-05             16             4     1024    0.39085        10            531.441   3.05261    0.42082       529.624 │
│ train_tune_83f08d7c   TERMINATED   0.0001892               16             8     1024    0.396809       10            568.862   2.43099    0.408572      567.008 │
│ train_tune_7b4fb263   TERMINATED   9.62261e-05             16             4     1024    0.399924       10            561.345   2.59486    0.440445      559.525 │
│ train_tune_f66fe68c   TERMINATED   0.000115652             16             4     1024    0.396439       10            523.671   2.4022     0.427094      521.874 │
│ train_tune_52b8b29e   TERMINATED   0.000151786             16             4     1024    0.397542        5            279.315   3.43144    0.110645      277.416 │
╰─────────────────────────────────────────────────────────────────────────────────────────────────────────────────────────────────────────────────────────────────╯
Trial status: 18 TERMINATED | 2 RUNNING
Current time: 2026-03-18 20:21:28. Total running time: 41min 34s
Logical resource usage: 0/64 CPUs, 2.0/3 GPUs (0.0/1.0 accelerator_type:RTX)
[36m(train_tune pid=4190903)[0m Checkpoint successfully created at: Checkpoint(filesystem=local, path=/home/b23cs1037/ray_results/train_tune_2026-03-18_19-39-54/train_tune_57177ad6_19_batch_size=16,d_ff=1024,d_model=512,dropout=0.3349,lr=0.0001,num_epochs=20,num_heads=4_2026-03-18_20-12-42/checkpoint_000006)
[36m(train_tune pid=4191433)[0m Checkpoint successfully created at: Checkpoint(filesystem=local, path=/home/b23cs1037/ray_results/train_tune_2026-03-18_19-39-54/train_tune_b434b709_20_batch_size=16,d_ff=1024,d_model=512,dropout=0.3429,lr=0.0002,num_epochs=20,num_heads=4_2026-03-18_20-15-14/checkpoint_000004)
╭─────────────────────────────────────────────────────────────────────────────────────────────────────────────────────────────────────────────────────────────────╮
│ Trial name            status                lr     batch_size     num_heads     d_ff     dropout     iter     total time (s)       loss         bleu       time │
├─────────────────────────────────────────────────────────────────────────────────────────────────────────────────────────────────────────────────────────────────┤
│ train_tune_57177ad6   RUNNING      0.00014925              16             4     1024    0.334913        6            334.827   2.69632    0.580899      332.921 │
│ train_tune_b434b709   RUNNING      0.000200175             16             4     1024    0.342902        4            218.923   3.66243    0.100785      217.02  │
│ train_tune_8756cff5   TERMINATED   0.000920117             64             4     1024    0.334648        5            114.812   5.68365    0.00190234    113.122 │
│ train_tune_14980f4a   TERMINATED   0.000334695             64             8     1024    0.188747       20            449.553   0.406529   0.560482      447.722 │
│ train_tune_86b0c5b8   TERMINATED   7.68385e-05             64             8     2048    0.214906       20            414.167   1.24991    0.440445      412.281 │
│ train_tune_647e4073   TERMINATED   2.46333e-05             64             4     2048    0.284054        5            130.133   4.56362    0.100881      128.097 │
│ train_tune_371d6e86   TERMINATED   0.000273832             16             4     1024    0.170142       20           1134.29    0.843369   0.635546     1132.47  │
│ train_tune_54c2cf1c   TERMINATED   0.000198462             32             4     1024    0.337471       20            557.475   0.911187   0.695595      555.772 │
│ train_tune_89d39032   TERMINATED   0.000175104             32             4     1024    0.305743       10            301.376   1.78564    0.49378       299.359 │
│ train_tune_dc2615ef   TERMINATED   3.28386e-05             32             4     2048    0.163527        5            158.377   3.6303     0.203436      156.59  │
│ train_tune_6258b6e3   TERMINATED   2.38546e-05             32             4     1024    0.222471        5            158.96    4.22974    0.0939875     157.04  │
│ train_tune_41fe64ec   TERMINATED   0.000898089             32             8     2048    0.240051        5            153.768   5.6746     0.00159967    151.868 │
│ train_tune_31b067d6   TERMINATED   0.000372424             32             8     1024    0.134643        5            159.049   2.95778    0.0194923     157.163 │
│ train_tune_6f645550   TERMINATED   0.000814792             32             8     1024    0.233057        5            151.927   5.61414    0.00190234    150.198 │
│ train_tune_8a0cfe06   TERMINATED   0.000736843             16             4     1024    0.105254        5            296.607   5.6662     0             294.699 │
│ train_tune_debd8bbc   TERMINATED   5.57056e-05             16             4     1024    0.39085        10            531.441   3.05261    0.42082       529.624 │
│ train_tune_83f08d7c   TERMINATED   0.0001892               16             8     1024    0.396809       10            568.862   2.43099    0.408572      567.008 │
│ train_tune_7b4fb263   TERMINATED   9.62261e-05             16             4     1024    0.399924       10            561.345   2.59486    0.440445      559.525 │
│ train_tune_f66fe68c   TERMINATED   0.000115652             16             4     1024    0.396439       10            523.671   2.4022     0.427094      521.874 │
│ train_tune_52b8b29e   TERMINATED   0.000151786             16             4     1024    0.397542        5            279.315   3.43144    0.110645      277.416 │
╰─────────────────────────────────────────────────────────────────────────────────────────────────────────────────────────────────────────────────────────────────╯
Trial status: 18 TERMINATED | 2 RUNNING
Current time: 2026-03-18 20:21:58. Total running time: 42min 4s
Logical resource usage: 0/64 CPUs, 2.0/3 GPUs (0.0/1.0 accelerator_type:RTX)
╭─────────────────────────────────────────────────────────────────────────────────────────────────────────────────────────────────────────────────────────────────╮
│ Trial name            status                lr     batch_size     num_heads     d_ff     dropout     iter     total time (s)       loss         bleu       time │
├─────────────────────────────────────────────────────────────────────────────────────────────────────────────────────────────────────────────────────────────────┤
│ train_tune_57177ad6   RUNNING      0.00014925              16             4     1024    0.334913        7            389.686   2.45179    0.499186      387.812 │
│ train_tune_b434b709   RUNNING      0.000200175             16             4     1024    0.342902        5            269.663   3.33304    0.134364      267.774 │
│ train_tune_8756cff5   TERMINATED   0.000920117             64             4     1024    0.334648        5            114.812   5.68365    0.00190234    113.122 │
│ train_tune_14980f4a   TERMINATED   0.000334695             64             8     1024    0.188747       20            449.553   0.406529   0.560482      447.722 │
│ train_tune_86b0c5b8   TERMINATED   7.68385e-05             64             8     2048    0.214906       20            414.167   1.24991    0.440445      412.281 │
│ train_tune_647e4073   TERMINATED   2.46333e-05             64             4     2048    0.284054        5            130.133   4.56362    0.100881      128.097 │
│ train_tune_371d6e86   TERMINATED   0.000273832             16             4     1024    0.170142       20           1134.29    0.843369   0.635546     1132.47  │
│ train_tune_54c2cf1c   TERMINATED   0.000198462             32             4     1024    0.337471       20            557.475   0.911187   0.695595      555.772 │
│ train_tune_89d39032   TERMINATED   0.000175104             32             4     1024    0.305743       10            301.376   1.78564    0.49378       299.359 │
│ train_tune_dc2615ef   TERMINATED   3.28386e-05             32             4     2048    0.163527        5            158.377   3.6303     0.203436      156.59  │
│ train_tune_6258b6e3   TERMINATED   2.38546e-05             32             4     1024    0.222471        5            158.96    4.22974    0.0939875     157.04  │
│ train_tune_41fe64ec   TERMINATED   0.000898089             32             8     2048    0.240051        5            153.768   5.6746     0.00159967    151.868 │
│ train_tune_31b067d6   TERMINATED   0.000372424             32             8     1024    0.134643        5            159.049   2.95778    0.0194923     157.163 │
│ train_tune_6f645550   TERMINATED   0.000814792             32             8     1024    0.233057        5            151.927   5.61414    0.00190234    150.198 │
│ train_tune_8a0cfe06   TERMINATED   0.000736843             16             4     1024    0.105254        5            296.607   5.6662     0             294.699 │
│ train_tune_debd8bbc   TERMINATED   5.57056e-05             16             4     1024    0.39085        10            531.441   3.05261    0.42082       529.624 │
│ train_tune_83f08d7c   TERMINATED   0.0001892               16             8     1024    0.396809       10            568.862   2.43099    0.408572      567.008 │
│ train_tune_7b4fb263   TERMINATED   9.62261e-05             16             4     1024    0.399924       10            561.345   2.59486    0.440445      559.525 │
│ train_tune_f66fe68c   TERMINATED   0.000115652             16             4     1024    0.396439       10            523.671   2.4022     0.427094      521.874 │
│ train_tune_52b8b29e   TERMINATED   0.000151786             16             4     1024    0.397542        5            279.315   3.43144    0.110645      277.416 │
╰─────────────────────────────────────────────────────────────────────────────────────────────────────────────────────────────────────────────────────────────────╯
Trial status: 18 TERMINATED | 2 RUNNING
Current time: 2026-03-18 20:22:28. Total running time: 42min 34s
Logical resource usage: 0/64 CPUs, 2.0/3 GPUs (0.0/1.0 accelerator_type:RTX)
[36m(train_tune pid=4190903)[0m Checkpoint successfully created at: Checkpoint(filesystem=local, path=/home/b23cs1037/ray_results/train_tune_2026-03-18_19-39-54/train_tune_57177ad6_19_batch_size=16,d_ff=1024,d_model=512,dropout=0.3349,lr=0.0001,num_epochs=20,num_heads=4_2026-03-18_20-12-42/checkpoint_000007)
[36m(train_tune pid=4191433)[0m Checkpoint successfully created at: Checkpoint(filesystem=local, path=/home/b23cs1037/ray_results/train_tune_2026-03-18_19-39-54/train_tune_b434b709_20_batch_size=16,d_ff=1024,d_model=512,dropout=0.3429,lr=0.0002,num_epochs=20,num_heads=4_2026-03-18_20-15-14/checkpoint_000005)
╭─────────────────────────────────────────────────────────────────────────────────────────────────────────────────────────────────────────────────────────────────╮
│ Trial name            status                lr     batch_size     num_heads     d_ff     dropout     iter     total time (s)       loss         bleu       time │
├─────────────────────────────────────────────────────────────────────────────────────────────────────────────────────────────────────────────────────────────────┤
│ train_tune_57177ad6   RUNNING      0.00014925              16             4     1024    0.334913        7            389.686   2.45179    0.499186      387.812 │
│ train_tune_b434b709   RUNNING      0.000200175             16             4     1024    0.342902        5            269.663   3.33304    0.134364      267.774 │
│ train_tune_8756cff5   TERMINATED   0.000920117             64             4     1024    0.334648        5            114.812   5.68365    0.00190234    113.122 │
│ train_tune_14980f4a   TERMINATED   0.000334695             64             8     1024    0.188747       20            449.553   0.406529   0.560482      447.722 │
│ train_tune_86b0c5b8   TERMINATED   7.68385e-05             64             8     2048    0.214906       20            414.167   1.24991    0.440445      412.281 │
│ train_tune_647e4073   TERMINATED   2.46333e-05             64             4     2048    0.284054        5            130.133   4.56362    0.100881      128.097 │
│ train_tune_371d6e86   TERMINATED   0.000273832             16             4     1024    0.170142       20           1134.29    0.843369   0.635546     1132.47  │
│ train_tune_54c2cf1c   TERMINATED   0.000198462             32             4     1024    0.337471       20            557.475   0.911187   0.695595      555.772 │
│ train_tune_89d39032   TERMINATED   0.000175104             32             4     1024    0.305743       10            301.376   1.78564    0.49378       299.359 │
│ train_tune_dc2615ef   TERMINATED   3.28386e-05             32             4     2048    0.163527        5            158.377   3.6303     0.203436      156.59  │
│ train_tune_6258b6e3   TERMINATED   2.38546e-05             32             4     1024    0.222471        5            158.96    4.22974    0.0939875     157.04  │
│ train_tune_41fe64ec   TERMINATED   0.000898089             32             8     2048    0.240051        5            153.768   5.6746     0.00159967    151.868 │
│ train_tune_31b067d6   TERMINATED   0.000372424             32             8     1024    0.134643        5            159.049   2.95778    0.0194923     157.163 │
│ train_tune_6f645550   TERMINATED   0.000814792             32             8     1024    0.233057        5            151.927   5.61414    0.00190234    150.198 │
│ train_tune_8a0cfe06   TERMINATED   0.000736843             16             4     1024    0.105254        5            296.607   5.6662     0             294.699 │
│ train_tune_debd8bbc   TERMINATED   5.57056e-05             16             4     1024    0.39085        10            531.441   3.05261    0.42082       529.624 │
│ train_tune_83f08d7c   TERMINATED   0.0001892               16             8     1024    0.396809       10            568.862   2.43099    0.408572      567.008 │
│ train_tune_7b4fb263   TERMINATED   9.62261e-05             16             4     1024    0.399924       10            561.345   2.59486    0.440445      559.525 │
│ train_tune_f66fe68c   TERMINATED   0.000115652             16             4     1024    0.396439       10            523.671   2.4022     0.427094      521.874 │
│ train_tune_52b8b29e   TERMINATED   0.000151786             16             4     1024    0.397542        5            279.315   3.43144    0.110645      277.416 │
╰─────────────────────────────────────────────────────────────────────────────────────────────────────────────────────────────────────────────────────────────────╯
Trial status: 18 TERMINATED | 2 RUNNING
Current time: 2026-03-18 20:22:59. Total running time: 43min 4s
Logical resource usage: 0/64 CPUs, 2.0/3 GPUs (0.0/1.0 accelerator_type:RTX)
╭─────────────────────────────────────────────────────────────────────────────────────────────────────────────────────────────────────────────────────────────────╮
│ Trial name            status                lr     batch_size     num_heads     d_ff     dropout     iter     total time (s)       loss         bleu       time │
├─────────────────────────────────────────────────────────────────────────────────────────────────────────────────────────────────────────────────────────────────┤
│ train_tune_57177ad6   RUNNING      0.00014925              16             4     1024    0.334913        8            445.534   2.22472    0.54648       443.651 │
│ train_tune_b434b709   RUNNING      0.000200175             16             4     1024    0.342902        6            323.398   3.04826    0.403885      321.518 │
│ train_tune_8756cff5   TERMINATED   0.000920117             64             4     1024    0.334648        5            114.812   5.68365    0.00190234    113.122 │
│ train_tune_14980f4a   TERMINATED   0.000334695             64             8     1024    0.188747       20            449.553   0.406529   0.560482      447.722 │
│ train_tune_86b0c5b8   TERMINATED   7.68385e-05             64             8     2048    0.214906       20            414.167   1.24991    0.440445      412.281 │
│ train_tune_647e4073   TERMINATED   2.46333e-05             64             4     2048    0.284054        5            130.133   4.56362    0.100881      128.097 │
│ train_tune_371d6e86   TERMINATED   0.000273832             16             4     1024    0.170142       20           1134.29    0.843369   0.635546     1132.47  │
│ train_tune_54c2cf1c   TERMINATED   0.000198462             32             4     1024    0.337471       20            557.475   0.911187   0.695595      555.772 │
│ train_tune_89d39032   TERMINATED   0.000175104             32             4     1024    0.305743       10            301.376   1.78564    0.49378       299.359 │
│ train_tune_dc2615ef   TERMINATED   3.28386e-05             32             4     2048    0.163527        5            158.377   3.6303     0.203436      156.59  │
│ train_tune_6258b6e3   TERMINATED   2.38546e-05             32             4     1024    0.222471        5            158.96    4.22974    0.0939875     157.04  │
│ train_tune_41fe64ec   TERMINATED   0.000898089             32             8     2048    0.240051        5            153.768   5.6746     0.00159967    151.868 │
│ train_tune_31b067d6   TERMINATED   0.000372424             32             8     1024    0.134643        5            159.049   2.95778    0.0194923     157.163 │
│ train_tune_6f645550   TERMINATED   0.000814792             32             8     1024    0.233057        5            151.927   5.61414    0.00190234    150.198 │
│ train_tune_8a0cfe06   TERMINATED   0.000736843             16             4     1024    0.105254        5            296.607   5.6662     0             294.699 │
│ train_tune_debd8bbc   TERMINATED   5.57056e-05             16             4     1024    0.39085        10            531.441   3.05261    0.42082       529.624 │
│ train_tune_83f08d7c   TERMINATED   0.0001892               16             8     1024    0.396809       10            568.862   2.43099    0.408572      567.008 │
│ train_tune_7b4fb263   TERMINATED   9.62261e-05             16             4     1024    0.399924       10            561.345   2.59486    0.440445      559.525 │
│ train_tune_f66fe68c   TERMINATED   0.000115652             16             4     1024    0.396439       10            523.671   2.4022     0.427094      521.874 │
│ train_tune_52b8b29e   TERMINATED   0.000151786             16             4     1024    0.397542        5            279.315   3.43144    0.110645      277.416 │
╰─────────────────────────────────────────────────────────────────────────────────────────────────────────────────────────────────────────────────────────────────╯
Trial status: 18 TERMINATED | 2 RUNNING
Current time: 2026-03-18 20:23:29. Total running time: 43min 34s
Logical resource usage: 0/64 CPUs, 2.0/3 GPUs (0.0/1.0 accelerator_type:RTX)
[36m(train_tune pid=4190903)[0m Checkpoint successfully created at: Checkpoint(filesystem=local, path=/home/b23cs1037/ray_results/train_tune_2026-03-18_19-39-54/train_tune_57177ad6_19_batch_size=16,d_ff=1024,d_model=512,dropout=0.3349,lr=0.0001,num_epochs=20,num_heads=4_2026-03-18_20-12-42/checkpoint_000008)
[36m(train_tune pid=4191433)[0m Checkpoint successfully created at: Checkpoint(filesystem=local, path=/home/b23cs1037/ray_results/train_tune_2026-03-18_19-39-54/train_tune_b434b709_20_batch_size=16,d_ff=1024,d_model=512,dropout=0.3429,lr=0.0002,num_epochs=20,num_heads=4_2026-03-18_20-15-14/checkpoint_000006)
╭─────────────────────────────────────────────────────────────────────────────────────────────────────────────────────────────────────────────────────────────────╮
│ Trial name            status                lr     batch_size     num_heads     d_ff     dropout     iter     total time (s)       loss         bleu       time │
├─────────────────────────────────────────────────────────────────────────────────────────────────────────────────────────────────────────────────────────────────┤
│ train_tune_57177ad6   RUNNING      0.00014925              16             4     1024    0.334913        8            445.534   2.22472    0.54648       443.651 │
│ train_tune_b434b709   RUNNING      0.000200175             16             4     1024    0.342902        6            323.398   3.04826    0.403885      321.518 │
│ train_tune_8756cff5   TERMINATED   0.000920117             64             4     1024    0.334648        5            114.812   5.68365    0.00190234    113.122 │
│ train_tune_14980f4a   TERMINATED   0.000334695             64             8     1024    0.188747       20            449.553   0.406529   0.560482      447.722 │
│ train_tune_86b0c5b8   TERMINATED   7.68385e-05             64             8     2048    0.214906       20            414.167   1.24991    0.440445      412.281 │
│ train_tune_647e4073   TERMINATED   2.46333e-05             64             4     2048    0.284054        5            130.133   4.56362    0.100881      128.097 │
│ train_tune_371d6e86   TERMINATED   0.000273832             16             4     1024    0.170142       20           1134.29    0.843369   0.635546     1132.47  │
│ train_tune_54c2cf1c   TERMINATED   0.000198462             32             4     1024    0.337471       20            557.475   0.911187   0.695595      555.772 │
│ train_tune_89d39032   TERMINATED   0.000175104             32             4     1024    0.305743       10            301.376   1.78564    0.49378       299.359 │
│ train_tune_dc2615ef   TERMINATED   3.28386e-05             32             4     2048    0.163527        5            158.377   3.6303     0.203436      156.59  │
│ train_tune_6258b6e3   TERMINATED   2.38546e-05             32             4     1024    0.222471        5            158.96    4.22974    0.0939875     157.04  │
│ train_tune_41fe64ec   TERMINATED   0.000898089             32             8     2048    0.240051        5            153.768   5.6746     0.00159967    151.868 │
│ train_tune_31b067d6   TERMINATED   0.000372424             32             8     1024    0.134643        5            159.049   2.95778    0.0194923     157.163 │
│ train_tune_6f645550   TERMINATED   0.000814792             32             8     1024    0.233057        5            151.927   5.61414    0.00190234    150.198 │
│ train_tune_8a0cfe06   TERMINATED   0.000736843             16             4     1024    0.105254        5            296.607   5.6662     0             294.699 │
│ train_tune_debd8bbc   TERMINATED   5.57056e-05             16             4     1024    0.39085        10            531.441   3.05261    0.42082       529.624 │
│ train_tune_83f08d7c   TERMINATED   0.0001892               16             8     1024    0.396809       10            568.862   2.43099    0.408572      567.008 │
│ train_tune_7b4fb263   TERMINATED   9.62261e-05             16             4     1024    0.399924       10            561.345   2.59486    0.440445      559.525 │
│ train_tune_f66fe68c   TERMINATED   0.000115652             16             4     1024    0.396439       10            523.671   2.4022     0.427094      521.874 │
│ train_tune_52b8b29e   TERMINATED   0.000151786             16             4     1024    0.397542        5            279.315   3.43144    0.110645      277.416 │
╰─────────────────────────────────────────────────────────────────────────────────────────────────────────────────────────────────────────────────────────────────╯
Trial status: 18 TERMINATED | 2 RUNNING
Current time: 2026-03-18 20:23:59. Total running time: 44min 4s
Logical resource usage: 0/64 CPUs, 2.0/3 GPUs (0.0/1.0 accelerator_type:RTX)
╭─────────────────────────────────────────────────────────────────────────────────────────────────────────────────────────────────────────────────────────────────╮
│ Trial name            status                lr     batch_size     num_heads     d_ff     dropout     iter     total time (s)       loss         bleu       time │
├─────────────────────────────────────────────────────────────────────────────────────────────────────────────────────────────────────────────────────────────────┤
│ train_tune_57177ad6   RUNNING      0.00014925              16             4     1024    0.334913        9            501.225   2.027      0.425984      499.346 │
│ train_tune_b434b709   RUNNING      0.000200175             16             4     1024    0.342902        7            378.173   2.80242    0.167273      376.296 │
│ train_tune_8756cff5   TERMINATED   0.000920117             64             4     1024    0.334648        5            114.812   5.68365    0.00190234    113.122 │
│ train_tune_14980f4a   TERMINATED   0.000334695             64             8     1024    0.188747       20            449.553   0.406529   0.560482      447.722 │
│ train_tune_86b0c5b8   TERMINATED   7.68385e-05             64             8     2048    0.214906       20            414.167   1.24991    0.440445      412.281 │
│ train_tune_647e4073   TERMINATED   2.46333e-05             64             4     2048    0.284054        5            130.133   4.56362    0.100881      128.097 │
│ train_tune_371d6e86   TERMINATED   0.000273832             16             4     1024    0.170142       20           1134.29    0.843369   0.635546     1132.47  │
│ train_tune_54c2cf1c   TERMINATED   0.000198462             32             4     1024    0.337471       20            557.475   0.911187   0.695595      555.772 │
│ train_tune_89d39032   TERMINATED   0.000175104             32             4     1024    0.305743       10            301.376   1.78564    0.49378       299.359 │
│ train_tune_dc2615ef   TERMINATED   3.28386e-05             32             4     2048    0.163527        5            158.377   3.6303     0.203436      156.59  │
│ train_tune_6258b6e3   TERMINATED   2.38546e-05             32             4     1024    0.222471        5            158.96    4.22974    0.0939875     157.04  │
│ train_tune_41fe64ec   TERMINATED   0.000898089             32             8     2048    0.240051        5            153.768   5.6746     0.00159967    151.868 │
│ train_tune_31b067d6   TERMINATED   0.000372424             32             8     1024    0.134643        5            159.049   2.95778    0.0194923     157.163 │
│ train_tune_6f645550   TERMINATED   0.000814792             32             8     1024    0.233057        5            151.927   5.61414    0.00190234    150.198 │
│ train_tune_8a0cfe06   TERMINATED   0.000736843             16             4     1024    0.105254        5            296.607   5.6662     0             294.699 │
│ train_tune_debd8bbc   TERMINATED   5.57056e-05             16             4     1024    0.39085        10            531.441   3.05261    0.42082       529.624 │
│ train_tune_83f08d7c   TERMINATED   0.0001892               16             8     1024    0.396809       10            568.862   2.43099    0.408572      567.008 │
│ train_tune_7b4fb263   TERMINATED   9.62261e-05             16             4     1024    0.399924       10            561.345   2.59486    0.440445      559.525 │
│ train_tune_f66fe68c   TERMINATED   0.000115652             16             4     1024    0.396439       10            523.671   2.4022     0.427094      521.874 │
│ train_tune_52b8b29e   TERMINATED   0.000151786             16             4     1024    0.397542        5            279.315   3.43144    0.110645      277.416 │
╰─────────────────────────────────────────────────────────────────────────────────────────────────────────────────────────────────────────────────────────────────╯
Trial status: 18 TERMINATED | 2 RUNNING
Current time: 2026-03-18 20:24:29. Total running time: 44min 34s
Logical resource usage: 0/64 CPUs, 2.0/3 GPUs (0.0/1.0 accelerator_type:RTX)
[36m(train_tune pid=4190903)[0m Checkpoint successfully created at: Checkpoint(filesystem=local, path=/home/b23cs1037/ray_results/train_tune_2026-03-18_19-39-54/train_tune_57177ad6_19_batch_size=16,d_ff=1024,d_model=512,dropout=0.3349,lr=0.0001,num_epochs=20,num_heads=4_2026-03-18_20-12-42/checkpoint_000009)
[36m(train_tune pid=4191433)[0m Checkpoint successfully created at: Checkpoint(filesystem=local, path=/home/b23cs1037/ray_results/train_tune_2026-03-18_19-39-54/train_tune_b434b709_20_batch_size=16,d_ff=1024,d_model=512,dropout=0.3429,lr=0.0002,num_epochs=20,num_heads=4_2026-03-18_20-15-14/checkpoint_000007)
╭─────────────────────────────────────────────────────────────────────────────────────────────────────────────────────────────────────────────────────────────────╮
│ Trial name            status                lr     batch_size     num_heads     d_ff     dropout     iter     total time (s)       loss         bleu       time │
├─────────────────────────────────────────────────────────────────────────────────────────────────────────────────────────────────────────────────────────────────┤
│ train_tune_57177ad6   RUNNING      0.00014925              16             4     1024    0.334913        9            501.225   2.027      0.425984      499.346 │
│ train_tune_b434b709   RUNNING      0.000200175             16             4     1024    0.342902        7            378.173   2.80242    0.167273      376.296 │
│ train_tune_8756cff5   TERMINATED   0.000920117             64             4     1024    0.334648        5            114.812   5.68365    0.00190234    113.122 │
│ train_tune_14980f4a   TERMINATED   0.000334695             64             8     1024    0.188747       20            449.553   0.406529   0.560482      447.722 │
│ train_tune_86b0c5b8   TERMINATED   7.68385e-05             64             8     2048    0.214906       20            414.167   1.24991    0.440445      412.281 │
│ train_tune_647e4073   TERMINATED   2.46333e-05             64             4     2048    0.284054        5            130.133   4.56362    0.100881      128.097 │
│ train_tune_371d6e86   TERMINATED   0.000273832             16             4     1024    0.170142       20           1134.29    0.843369   0.635546     1132.47  │
│ train_tune_54c2cf1c   TERMINATED   0.000198462             32             4     1024    0.337471       20            557.475   0.911187   0.695595      555.772 │
│ train_tune_89d39032   TERMINATED   0.000175104             32             4     1024    0.305743       10            301.376   1.78564    0.49378       299.359 │
│ train_tune_dc2615ef   TERMINATED   3.28386e-05             32             4     2048    0.163527        5            158.377   3.6303     0.203436      156.59  │
│ train_tune_6258b6e3   TERMINATED   2.38546e-05             32             4     1024    0.222471        5            158.96    4.22974    0.0939875     157.04  │
│ train_tune_41fe64ec   TERMINATED   0.000898089             32             8     2048    0.240051        5            153.768   5.6746     0.00159967    151.868 │
│ train_tune_31b067d6   TERMINATED   0.000372424             32             8     1024    0.134643        5            159.049   2.95778    0.0194923     157.163 │
│ train_tune_6f645550   TERMINATED   0.000814792             32             8     1024    0.233057        5            151.927   5.61414    0.00190234    150.198 │
│ train_tune_8a0cfe06   TERMINATED   0.000736843             16             4     1024    0.105254        5            296.607   5.6662     0             294.699 │
│ train_tune_debd8bbc   TERMINATED   5.57056e-05             16             4     1024    0.39085        10            531.441   3.05261    0.42082       529.624 │
│ train_tune_83f08d7c   TERMINATED   0.0001892               16             8     1024    0.396809       10            568.862   2.43099    0.408572      567.008 │
│ train_tune_7b4fb263   TERMINATED   9.62261e-05             16             4     1024    0.399924       10            561.345   2.59486    0.440445      559.525 │
│ train_tune_f66fe68c   TERMINATED   0.000115652             16             4     1024    0.396439       10            523.671   2.4022     0.427094      521.874 │
│ train_tune_52b8b29e   TERMINATED   0.000151786             16             4     1024    0.397542        5            279.315   3.43144    0.110645      277.416 │
╰─────────────────────────────────────────────────────────────────────────────────────────────────────────────────────────────────────────────────────────────────╯
Trial status: 18 TERMINATED | 2 RUNNING
Current time: 2026-03-18 20:24:59. Total running time: 45min 4s
Logical resource usage: 0/64 CPUs, 2.0/3 GPUs (0.0/1.0 accelerator_type:RTX)
[36m(train_tune pid=4190903)[0m Checkpoint successfully created at: Checkpoint(filesystem=local, path=/home/b23cs1037/ray_results/train_tune_2026-03-18_19-39-54/train_tune_57177ad6_19_batch_size=16,d_ff=1024,d_model=512,dropout=0.3349,lr=0.0001,num_epochs=20,num_heads=4_2026-03-18_20-12-42/checkpoint_000010)
╭─────────────────────────────────────────────────────────────────────────────────────────────────────────────────────────────────────────────────────────────────╮
│ Trial name            status                lr     batch_size     num_heads     d_ff     dropout     iter     total time (s)       loss         bleu       time │
├─────────────────────────────────────────────────────────────────────────────────────────────────────────────────────────────────────────────────────────────────┤
│ train_tune_57177ad6   RUNNING      0.00014925              16             4     1024    0.334913       10            556.991   1.8569     0.581623      555.125 │
│ train_tune_b434b709   RUNNING      0.000200175             16             4     1024    0.342902        8            432.33    2.59251    0.252327      430.462 │
│ train_tune_8756cff5   TERMINATED   0.000920117             64             4     1024    0.334648        5            114.812   5.68365    0.00190234    113.122 │
│ train_tune_14980f4a   TERMINATED   0.000334695             64             8     1024    0.188747       20            449.553   0.406529   0.560482      447.722 │
│ train_tune_86b0c5b8   TERMINATED   7.68385e-05             64             8     2048    0.214906       20            414.167   1.24991    0.440445      412.281 │
│ train_tune_647e4073   TERMINATED   2.46333e-05             64             4     2048    0.284054        5            130.133   4.56362    0.100881      128.097 │
│ train_tune_371d6e86   TERMINATED   0.000273832             16             4     1024    0.170142       20           1134.29    0.843369   0.635546     1132.47  │
│ train_tune_54c2cf1c   TERMINATED   0.000198462             32             4     1024    0.337471       20            557.475   0.911187   0.695595      555.772 │
│ train_tune_89d39032   TERMINATED   0.000175104             32             4     1024    0.305743       10            301.376   1.78564    0.49378       299.359 │
│ train_tune_dc2615ef   TERMINATED   3.28386e-05             32             4     2048    0.163527        5            158.377   3.6303     0.203436      156.59  │
│ train_tune_6258b6e3   TERMINATED   2.38546e-05             32             4     1024    0.222471        5            158.96    4.22974    0.0939875     157.04  │
│ train_tune_41fe64ec   TERMINATED   0.000898089             32             8     2048    0.240051        5            153.768   5.6746     0.00159967    151.868 │
│ train_tune_31b067d6   TERMINATED   0.000372424             32             8     1024    0.134643        5            159.049   2.95778    0.0194923     157.163 │
│ train_tune_6f645550   TERMINATED   0.000814792             32             8     1024    0.233057        5            151.927   5.61414    0.00190234    150.198 │
│ train_tune_8a0cfe06   TERMINATED   0.000736843             16             4     1024    0.105254        5            296.607   5.6662     0             294.699 │
│ train_tune_debd8bbc   TERMINATED   5.57056e-05             16             4     1024    0.39085        10            531.441   3.05261    0.42082       529.624 │
│ train_tune_83f08d7c   TERMINATED   0.0001892               16             8     1024    0.396809       10            568.862   2.43099    0.408572      567.008 │
│ train_tune_7b4fb263   TERMINATED   9.62261e-05             16             4     1024    0.399924       10            561.345   2.59486    0.440445      559.525 │
│ train_tune_f66fe68c   TERMINATED   0.000115652             16             4     1024    0.396439       10            523.671   2.4022     0.427094      521.874 │
│ train_tune_52b8b29e   TERMINATED   0.000151786             16             4     1024    0.397542        5            279.315   3.43144    0.110645      277.416 │
╰─────────────────────────────────────────────────────────────────────────────────────────────────────────────────────────────────────────────────────────────────╯
Trial status: 18 TERMINATED | 2 RUNNING
Current time: 2026-03-18 20:25:29. Total running time: 45min 35s
Logical resource usage: 0/64 CPUs, 2.0/3 GPUs (0.0/1.0 accelerator_type:RTX)
[36m(train_tune pid=4191433)[0m Checkpoint successfully created at: Checkpoint(filesystem=local, path=/home/b23cs1037/ray_results/train_tune_2026-03-18_19-39-54/train_tune_b434b709_20_batch_size=16,d_ff=1024,d_model=512,dropout=0.3429,lr=0.0002,num_epochs=20,num_heads=4_2026-03-18_20-15-14/checkpoint_000008)
╭─────────────────────────────────────────────────────────────────────────────────────────────────────────────────────────────────────────────────────────────────╮
│ Trial name            status                lr     batch_size     num_heads     d_ff     dropout     iter     total time (s)       loss         bleu       time │
├─────────────────────────────────────────────────────────────────────────────────────────────────────────────────────────────────────────────────────────────────┤
│ train_tune_57177ad6   RUNNING      0.00014925              16             4     1024    0.334913       11            612.238   1.69612    0.649851      610.38  │
│ train_tune_b434b709   RUNNING      0.000200175             16             4     1024    0.342902        8            432.33    2.59251    0.252327      430.462 │
│ train_tune_8756cff5   TERMINATED   0.000920117             64             4     1024    0.334648        5            114.812   5.68365    0.00190234    113.122 │
│ train_tune_14980f4a   TERMINATED   0.000334695             64             8     1024    0.188747       20            449.553   0.406529   0.560482      447.722 │
│ train_tune_86b0c5b8   TERMINATED   7.68385e-05             64             8     2048    0.214906       20            414.167   1.24991    0.440445      412.281 │
│ train_tune_647e4073   TERMINATED   2.46333e-05             64             4     2048    0.284054        5            130.133   4.56362    0.100881      128.097 │
│ train_tune_371d6e86   TERMINATED   0.000273832             16             4     1024    0.170142       20           1134.29    0.843369   0.635546     1132.47  │
│ train_tune_54c2cf1c   TERMINATED   0.000198462             32             4     1024    0.337471       20            557.475   0.911187   0.695595      555.772 │
│ train_tune_89d39032   TERMINATED   0.000175104             32             4     1024    0.305743       10            301.376   1.78564    0.49378       299.359 │
│ train_tune_dc2615ef   TERMINATED   3.28386e-05             32             4     2048    0.163527        5            158.377   3.6303     0.203436      156.59  │
│ train_tune_6258b6e3   TERMINATED   2.38546e-05             32             4     1024    0.222471        5            158.96    4.22974    0.0939875     157.04  │
│ train_tune_41fe64ec   TERMINATED   0.000898089             32             8     2048    0.240051        5            153.768   5.6746     0.00159967    151.868 │
│ train_tune_31b067d6   TERMINATED   0.000372424             32             8     1024    0.134643        5            159.049   2.95778    0.0194923     157.163 │
│ train_tune_6f645550   TERMINATED   0.000814792             32             8     1024    0.233057        5            151.927   5.61414    0.00190234    150.198 │
│ train_tune_8a0cfe06   TERMINATED   0.000736843             16             4     1024    0.105254        5            296.607   5.6662     0             294.699 │
│ train_tune_debd8bbc   TERMINATED   5.57056e-05             16             4     1024    0.39085        10            531.441   3.05261    0.42082       529.624 │
│ train_tune_83f08d7c   TERMINATED   0.0001892               16             8     1024    0.396809       10            568.862   2.43099    0.408572      567.008 │
│ train_tune_7b4fb263   TERMINATED   9.62261e-05             16             4     1024    0.399924       10            561.345   2.59486    0.440445      559.525 │
│ train_tune_f66fe68c   TERMINATED   0.000115652             16             4     1024    0.396439       10            523.671   2.4022     0.427094      521.874 │
│ train_tune_52b8b29e   TERMINATED   0.000151786             16             4     1024    0.397542        5            279.315   3.43144    0.110645      277.416 │
╰─────────────────────────────────────────────────────────────────────────────────────────────────────────────────────────────────────────────────────────────────╯
Trial status: 18 TERMINATED | 2 RUNNING
Current time: 2026-03-18 20:25:59. Total running time: 46min 5s
Logical resource usage: 0/64 CPUs, 2.0/3 GPUs (0.0/1.0 accelerator_type:RTX)
[36m(train_tune pid=4190903)[0m Checkpoint successfully created at: Checkpoint(filesystem=local, path=/home/b23cs1037/ray_results/train_tune_2026-03-18_19-39-54/train_tune_57177ad6_19_batch_size=16,d_ff=1024,d_model=512,dropout=0.3349,lr=0.0001,num_epochs=20,num_heads=4_2026-03-18_20-12-42/checkpoint_000011)
[36m(train_tune pid=4191433)[0m Checkpoint successfully created at: Checkpoint(filesystem=local, path=/home/b23cs1037/ray_results/train_tune_2026-03-18_19-39-54/train_tune_b434b709_20_batch_size=16,d_ff=1024,d_model=512,dropout=0.3429,lr=0.0002,num_epochs=20,num_heads=4_2026-03-18_20-15-14/checkpoint_000009)
╭─────────────────────────────────────────────────────────────────────────────────────────────────────────────────────────────────────────────────────────────────╮
│ Trial name            status                lr     batch_size     num_heads     d_ff     dropout     iter     total time (s)       loss         bleu       time │
├─────────────────────────────────────────────────────────────────────────────────────────────────────────────────────────────────────────────────────────────────┤
│ train_tune_57177ad6   RUNNING      0.00014925              16             4     1024    0.334913       11            612.238   1.69612    0.649851      610.38  │
│ train_tune_b434b709   RUNNING      0.000200175             16             4     1024    0.342902        9            485.669   2.38845    0.476999      483.816 │
│ train_tune_8756cff5   TERMINATED   0.000920117             64             4     1024    0.334648        5            114.812   5.68365    0.00190234    113.122 │
│ train_tune_14980f4a   TERMINATED   0.000334695             64             8     1024    0.188747       20            449.553   0.406529   0.560482      447.722 │
│ train_tune_86b0c5b8   TERMINATED   7.68385e-05             64             8     2048    0.214906       20            414.167   1.24991    0.440445      412.281 │
│ train_tune_647e4073   TERMINATED   2.46333e-05             64             4     2048    0.284054        5            130.133   4.56362    0.100881      128.097 │
│ train_tune_371d6e86   TERMINATED   0.000273832             16             4     1024    0.170142       20           1134.29    0.843369   0.635546     1132.47  │
│ train_tune_54c2cf1c   TERMINATED   0.000198462             32             4     1024    0.337471       20            557.475   0.911187   0.695595      555.772 │
│ train_tune_89d39032   TERMINATED   0.000175104             32             4     1024    0.305743       10            301.376   1.78564    0.49378       299.359 │
│ train_tune_dc2615ef   TERMINATED   3.28386e-05             32             4     2048    0.163527        5            158.377   3.6303     0.203436      156.59  │
│ train_tune_6258b6e3   TERMINATED   2.38546e-05             32             4     1024    0.222471        5            158.96    4.22974    0.0939875     157.04  │
│ train_tune_41fe64ec   TERMINATED   0.000898089             32             8     2048    0.240051        5            153.768   5.6746     0.00159967    151.868 │
│ train_tune_31b067d6   TERMINATED   0.000372424             32             8     1024    0.134643        5            159.049   2.95778    0.0194923     157.163 │
│ train_tune_6f645550   TERMINATED   0.000814792             32             8     1024    0.233057        5            151.927   5.61414    0.00190234    150.198 │
│ train_tune_8a0cfe06   TERMINATED   0.000736843             16             4     1024    0.105254        5            296.607   5.6662     0             294.699 │
│ train_tune_debd8bbc   TERMINATED   5.57056e-05             16             4     1024    0.39085        10            531.441   3.05261    0.42082       529.624 │
│ train_tune_83f08d7c   TERMINATED   0.0001892               16             8     1024    0.396809       10            568.862   2.43099    0.408572      567.008 │
│ train_tune_7b4fb263   TERMINATED   9.62261e-05             16             4     1024    0.399924       10            561.345   2.59486    0.440445      559.525 │
│ train_tune_f66fe68c   TERMINATED   0.000115652             16             4     1024    0.396439       10            523.671   2.4022     0.427094      521.874 │
│ train_tune_52b8b29e   TERMINATED   0.000151786             16             4     1024    0.397542        5            279.315   3.43144    0.110645      277.416 │
╰─────────────────────────────────────────────────────────────────────────────────────────────────────────────────────────────────────────────────────────────────╯

Trial train_tune_b434b709 completed after 10 iterations at 2026-03-18 20:26:25. Total running time: 46min 31s
╭────────────────────────────────────────────────────────╮
│ Trial train_tune_b434b709 result                       │
├────────────────────────────────────────────────────────┤
│ checkpoint_dir_name                  checkpoint_000009 │
│ time_this_iter_s                               53.7191 │
│ time_total_s                                 539.38846 │
│ training_iteration                                  10 │
│ bleu                                           0.27117 │
│ loss                                           2.21423 │
│ time                                         537.54087 │
╰────────────────────────────────────────────────────────╯

Trial status: 19 TERMINATED | 1 RUNNING
Current time: 2026-03-18 20:26:29. Total running time: 46min 35s
Logical resource usage: 0/64 CPUs, 1.0/3 GPUs (0.0/1.0 accelerator_type:RTX)
╭─────────────────────────────────────────────────────────────────────────────────────────────────────────────────────────────────────────────────────────────────╮
│ Trial name            status                lr     batch_size     num_heads     d_ff     dropout     iter     total time (s)       loss         bleu       time │
├─────────────────────────────────────────────────────────────────────────────────────────────────────────────────────────────────────────────────────────────────┤
│ train_tune_57177ad6   RUNNING      0.00014925              16             4     1024    0.334913       12            667.151   1.56093    0.39819       665.269 │
│ train_tune_8756cff5   TERMINATED   0.000920117             64             4     1024    0.334648        5            114.812   5.68365    0.00190234    113.122 │
│ train_tune_14980f4a   TERMINATED   0.000334695             64             8     1024    0.188747       20            449.553   0.406529   0.560482      447.722 │
│ train_tune_86b0c5b8   TERMINATED   7.68385e-05             64             8     2048    0.214906       20            414.167   1.24991    0.440445      412.281 │
│ train_tune_647e4073   TERMINATED   2.46333e-05             64             4     2048    0.284054        5            130.133   4.56362    0.100881      128.097 │
│ train_tune_371d6e86   TERMINATED   0.000273832             16             4     1024    0.170142       20           1134.29    0.843369   0.635546     1132.47  │
│ train_tune_54c2cf1c   TERMINATED   0.000198462             32             4     1024    0.337471       20            557.475   0.911187   0.695595      555.772 │
│ train_tune_89d39032   TERMINATED   0.000175104             32             4     1024    0.305743       10            301.376   1.78564    0.49378       299.359 │
│ train_tune_dc2615ef   TERMINATED   3.28386e-05             32             4     2048    0.163527        5            158.377   3.6303     0.203436      156.59  │
│ train_tune_6258b6e3   TERMINATED   2.38546e-05             32             4     1024    0.222471        5            158.96    4.22974    0.0939875     157.04  │
│ train_tune_41fe64ec   TERMINATED   0.000898089             32             8     2048    0.240051        5            153.768   5.6746     0.00159967    151.868 │
│ train_tune_31b067d6   TERMINATED   0.000372424             32             8     1024    0.134643        5            159.049   2.95778    0.0194923     157.163 │
│ train_tune_6f645550   TERMINATED   0.000814792             32             8     1024    0.233057        5            151.927   5.61414    0.00190234    150.198 │
│ train_tune_8a0cfe06   TERMINATED   0.000736843             16             4     1024    0.105254        5            296.607   5.6662     0             294.699 │
│ train_tune_debd8bbc   TERMINATED   5.57056e-05             16             4     1024    0.39085        10            531.441   3.05261    0.42082       529.624 │
│ train_tune_83f08d7c   TERMINATED   0.0001892               16             8     1024    0.396809       10            568.862   2.43099    0.408572      567.008 │
│ train_tune_7b4fb263   TERMINATED   9.62261e-05             16             4     1024    0.399924       10            561.345   2.59486    0.440445      559.525 │
│ train_tune_f66fe68c   TERMINATED   0.000115652             16             4     1024    0.396439       10            523.671   2.4022     0.427094      521.874 │
│ train_tune_52b8b29e   TERMINATED   0.000151786             16             4     1024    0.397542        5            279.315   3.43144    0.110645      277.416 │
│ train_tune_b434b709   TERMINATED   0.000200175             16             4     1024    0.342902       10            539.388   2.21423    0.271167      537.541 │
╰─────────────────────────────────────────────────────────────────────────────────────────────────────────────────────────────────────────────────────────────────╯
Trial status: 19 TERMINATED | 1 RUNNING
Current time: 2026-03-18 20:26:59. Total running time: 47min 5s
Logical resource usage: 0/64 CPUs, 1.0/3 GPUs (0.0/1.0 accelerator_type:RTX)
[36m(train_tune pid=4190903)[0m Checkpoint successfully created at: Checkpoint(filesystem=local, path=/home/b23cs1037/ray_results/train_tune_2026-03-18_19-39-54/train_tune_57177ad6_19_batch_size=16,d_ff=1024,d_model=512,dropout=0.3349,lr=0.0001,num_epochs=20,num_heads=4_2026-03-18_20-12-42/checkpoint_000012)
╭─────────────────────────────────────────────────────────────────────────────────────────────────────────────────────────────────────────────────────────────────╮
│ Trial name            status                lr     batch_size     num_heads     d_ff     dropout     iter     total time (s)       loss         bleu       time │
├─────────────────────────────────────────────────────────────────────────────────────────────────────────────────────────────────────────────────────────────────┤
│ train_tune_57177ad6   RUNNING      0.00014925              16             4     1024    0.334913       12            667.151   1.56093    0.39819       665.269 │
│ train_tune_8756cff5   TERMINATED   0.000920117             64             4     1024    0.334648        5            114.812   5.68365    0.00190234    113.122 │
│ train_tune_14980f4a   TERMINATED   0.000334695             64             8     1024    0.188747       20            449.553   0.406529   0.560482      447.722 │
│ train_tune_86b0c5b8   TERMINATED   7.68385e-05             64             8     2048    0.214906       20            414.167   1.24991    0.440445      412.281 │
│ train_tune_647e4073   TERMINATED   2.46333e-05             64             4     2048    0.284054        5            130.133   4.56362    0.100881      128.097 │
│ train_tune_371d6e86   TERMINATED   0.000273832             16             4     1024    0.170142       20           1134.29    0.843369   0.635546     1132.47  │
│ train_tune_54c2cf1c   TERMINATED   0.000198462             32             4     1024    0.337471       20            557.475   0.911187   0.695595      555.772 │
│ train_tune_89d39032   TERMINATED   0.000175104             32             4     1024    0.305743       10            301.376   1.78564    0.49378       299.359 │
│ train_tune_dc2615ef   TERMINATED   3.28386e-05             32             4     2048    0.163527        5            158.377   3.6303     0.203436      156.59  │
│ train_tune_6258b6e3   TERMINATED   2.38546e-05             32             4     1024    0.222471        5            158.96    4.22974    0.0939875     157.04  │
│ train_tune_41fe64ec   TERMINATED   0.000898089             32             8     2048    0.240051        5            153.768   5.6746     0.00159967    151.868 │
│ train_tune_31b067d6   TERMINATED   0.000372424             32             8     1024    0.134643        5            159.049   2.95778    0.0194923     157.163 │
│ train_tune_6f645550   TERMINATED   0.000814792             32             8     1024    0.233057        5            151.927   5.61414    0.00190234    150.198 │
│ train_tune_8a0cfe06   TERMINATED   0.000736843             16             4     1024    0.105254        5            296.607   5.6662     0             294.699 │
│ train_tune_debd8bbc   TERMINATED   5.57056e-05             16             4     1024    0.39085        10            531.441   3.05261    0.42082       529.624 │
│ train_tune_83f08d7c   TERMINATED   0.0001892               16             8     1024    0.396809       10            568.862   2.43099    0.408572      567.008 │
│ train_tune_7b4fb263   TERMINATED   9.62261e-05             16             4     1024    0.399924       10            561.345   2.59486    0.440445      559.525 │
│ train_tune_f66fe68c   TERMINATED   0.000115652             16             4     1024    0.396439       10            523.671   2.4022     0.427094      521.874 │
│ train_tune_52b8b29e   TERMINATED   0.000151786             16             4     1024    0.397542        5            279.315   3.43144    0.110645      277.416 │
│ train_tune_b434b709   TERMINATED   0.000200175             16             4     1024    0.342902       10            539.388   2.21423    0.271167      537.541 │
╰─────────────────────────────────────────────────────────────────────────────────────────────────────────────────────────────────────────────────────────────────╯
Trial status: 19 TERMINATED | 1 RUNNING
Current time: 2026-03-18 20:27:29. Total running time: 47min 35s
Logical resource usage: 0/64 CPUs, 1.0/3 GPUs (0.0/1.0 accelerator_type:RTX)
╭─────────────────────────────────────────────────────────────────────────────────────────────────────────────────────────────────────────────────────────────────╮
│ Trial name            status                lr     batch_size     num_heads     d_ff     dropout     iter     total time (s)       loss         bleu       time │
├─────────────────────────────────────────────────────────────────────────────────────────────────────────────────────────────────────────────────────────────────┤
│ train_tune_57177ad6   RUNNING      0.00014925              16             4     1024    0.334913       13            723.766   1.43399    0.484873      721.93  │
│ train_tune_8756cff5   TERMINATED   0.000920117             64             4     1024    0.334648        5            114.812   5.68365    0.00190234    113.122 │
│ train_tune_14980f4a   TERMINATED   0.000334695             64             8     1024    0.188747       20            449.553   0.406529   0.560482      447.722 │
│ train_tune_86b0c5b8   TERMINATED   7.68385e-05             64             8     2048    0.214906       20            414.167   1.24991    0.440445      412.281 │
│ train_tune_647e4073   TERMINATED   2.46333e-05             64             4     2048    0.284054        5            130.133   4.56362    0.100881      128.097 │
│ train_tune_371d6e86   TERMINATED   0.000273832             16             4     1024    0.170142       20           1134.29    0.843369   0.635546     1132.47  │
│ train_tune_54c2cf1c   TERMINATED   0.000198462             32             4     1024    0.337471       20            557.475   0.911187   0.695595      555.772 │
│ train_tune_89d39032   TERMINATED   0.000175104             32             4     1024    0.305743       10            301.376   1.78564    0.49378       299.359 │
│ train_tune_dc2615ef   TERMINATED   3.28386e-05             32             4     2048    0.163527        5            158.377   3.6303     0.203436      156.59  │
│ train_tune_6258b6e3   TERMINATED   2.38546e-05             32             4     1024    0.222471        5            158.96    4.22974    0.0939875     157.04  │
│ train_tune_41fe64ec   TERMINATED   0.000898089             32             8     2048    0.240051        5            153.768   5.6746     0.00159967    151.868 │
│ train_tune_31b067d6   TERMINATED   0.000372424             32             8     1024    0.134643        5            159.049   2.95778    0.0194923     157.163 │
│ train_tune_6f645550   TERMINATED   0.000814792             32             8     1024    0.233057        5            151.927   5.61414    0.00190234    150.198 │
│ train_tune_8a0cfe06   TERMINATED   0.000736843             16             4     1024    0.105254        5            296.607   5.6662     0             294.699 │
│ train_tune_debd8bbc   TERMINATED   5.57056e-05             16             4     1024    0.39085        10            531.441   3.05261    0.42082       529.624 │
│ train_tune_83f08d7c   TERMINATED   0.0001892               16             8     1024    0.396809       10            568.862   2.43099    0.408572      567.008 │
│ train_tune_7b4fb263   TERMINATED   9.62261e-05             16             4     1024    0.399924       10            561.345   2.59486    0.440445      559.525 │
│ train_tune_f66fe68c   TERMINATED   0.000115652             16             4     1024    0.396439       10            523.671   2.4022     0.427094      521.874 │
│ train_tune_52b8b29e   TERMINATED   0.000151786             16             4     1024    0.397542        5            279.315   3.43144    0.110645      277.416 │
│ train_tune_b434b709   TERMINATED   0.000200175             16             4     1024    0.342902       10            539.388   2.21423    0.271167      537.541 │
╰─────────────────────────────────────────────────────────────────────────────────────────────────────────────────────────────────────────────────────────────────╯
Trial status: 19 TERMINATED | 1 RUNNING
Current time: 2026-03-18 20:27:59. Total running time: 48min 5s
Logical resource usage: 0/64 CPUs, 1.0/3 GPUs (0.0/1.0 accelerator_type:RTX)
[36m(train_tune pid=4190903)[0m Checkpoint successfully created at: Checkpoint(filesystem=local, path=/home/b23cs1037/ray_results/train_tune_2026-03-18_19-39-54/train_tune_57177ad6_19_batch_size=16,d_ff=1024,d_model=512,dropout=0.3349,lr=0.0001,num_epochs=20,num_heads=4_2026-03-18_20-12-42/checkpoint_000013)
╭─────────────────────────────────────────────────────────────────────────────────────────────────────────────────────────────────────────────────────────────────╮
│ Trial name            status                lr     batch_size     num_heads     d_ff     dropout     iter     total time (s)       loss         bleu       time │
├─────────────────────────────────────────────────────────────────────────────────────────────────────────────────────────────────────────────────────────────────┤
│ train_tune_57177ad6   RUNNING      0.00014925              16             4     1024    0.334913       13            723.766   1.43399    0.484873      721.93  │
│ train_tune_8756cff5   TERMINATED   0.000920117             64             4     1024    0.334648        5            114.812   5.68365    0.00190234    113.122 │
│ train_tune_14980f4a   TERMINATED   0.000334695             64             8     1024    0.188747       20            449.553   0.406529   0.560482      447.722 │
│ train_tune_86b0c5b8   TERMINATED   7.68385e-05             64             8     2048    0.214906       20            414.167   1.24991    0.440445      412.281 │
│ train_tune_647e4073   TERMINATED   2.46333e-05             64             4     2048    0.284054        5            130.133   4.56362    0.100881      128.097 │
│ train_tune_371d6e86   TERMINATED   0.000273832             16             4     1024    0.170142       20           1134.29    0.843369   0.635546     1132.47  │
│ train_tune_54c2cf1c   TERMINATED   0.000198462             32             4     1024    0.337471       20            557.475   0.911187   0.695595      555.772 │
│ train_tune_89d39032   TERMINATED   0.000175104             32             4     1024    0.305743       10            301.376   1.78564    0.49378       299.359 │
│ train_tune_dc2615ef   TERMINATED   3.28386e-05             32             4     2048    0.163527        5            158.377   3.6303     0.203436      156.59  │
│ train_tune_6258b6e3   TERMINATED   2.38546e-05             32             4     1024    0.222471        5            158.96    4.22974    0.0939875     157.04  │
│ train_tune_41fe64ec   TERMINATED   0.000898089             32             8     2048    0.240051        5            153.768   5.6746     0.00159967    151.868 │
│ train_tune_31b067d6   TERMINATED   0.000372424             32             8     1024    0.134643        5            159.049   2.95778    0.0194923     157.163 │
│ train_tune_6f645550   TERMINATED   0.000814792             32             8     1024    0.233057        5            151.927   5.61414    0.00190234    150.198 │
│ train_tune_8a0cfe06   TERMINATED   0.000736843             16             4     1024    0.105254        5            296.607   5.6662     0             294.699 │
│ train_tune_debd8bbc   TERMINATED   5.57056e-05             16             4     1024    0.39085        10            531.441   3.05261    0.42082       529.624 │
│ train_tune_83f08d7c   TERMINATED   0.0001892               16             8     1024    0.396809       10            568.862   2.43099    0.408572      567.008 │
│ train_tune_7b4fb263   TERMINATED   9.62261e-05             16             4     1024    0.399924       10            561.345   2.59486    0.440445      559.525 │
│ train_tune_f66fe68c   TERMINATED   0.000115652             16             4     1024    0.396439       10            523.671   2.4022     0.427094      521.874 │
│ train_tune_52b8b29e   TERMINATED   0.000151786             16             4     1024    0.397542        5            279.315   3.43144    0.110645      277.416 │
│ train_tune_b434b709   TERMINATED   0.000200175             16             4     1024    0.342902       10            539.388   2.21423    0.271167      537.541 │
╰─────────────────────────────────────────────────────────────────────────────────────────────────────────────────────────────────────────────────────────────────╯
Trial status: 19 TERMINATED | 1 RUNNING
Current time: 2026-03-18 20:28:29. Total running time: 48min 35s
Logical resource usage: 0/64 CPUs, 1.0/3 GPUs (0.0/1.0 accelerator_type:RTX)
╭─────────────────────────────────────────────────────────────────────────────────────────────────────────────────────────────────────────────────────────────────╮
│ Trial name            status                lr     batch_size     num_heads     d_ff     dropout     iter     total time (s)       loss         bleu       time │
├─────────────────────────────────────────────────────────────────────────────────────────────────────────────────────────────────────────────────────────────────┤
│ train_tune_57177ad6   RUNNING      0.00014925              16             4     1024    0.334913       14            779.18    1.32776    0.559658      777.339 │
│ train_tune_8756cff5   TERMINATED   0.000920117             64             4     1024    0.334648        5            114.812   5.68365    0.00190234    113.122 │
│ train_tune_14980f4a   TERMINATED   0.000334695             64             8     1024    0.188747       20            449.553   0.406529   0.560482      447.722 │
│ train_tune_86b0c5b8   TERMINATED   7.68385e-05             64             8     2048    0.214906       20            414.167   1.24991    0.440445      412.281 │
│ train_tune_647e4073   TERMINATED   2.46333e-05             64             4     2048    0.284054        5            130.133   4.56362    0.100881      128.097 │
│ train_tune_371d6e86   TERMINATED   0.000273832             16             4     1024    0.170142       20           1134.29    0.843369   0.635546     1132.47  │
│ train_tune_54c2cf1c   TERMINATED   0.000198462             32             4     1024    0.337471       20            557.475   0.911187   0.695595      555.772 │
│ train_tune_89d39032   TERMINATED   0.000175104             32             4     1024    0.305743       10            301.376   1.78564    0.49378       299.359 │
│ train_tune_dc2615ef   TERMINATED   3.28386e-05             32             4     2048    0.163527        5            158.377   3.6303     0.203436      156.59  │
│ train_tune_6258b6e3   TERMINATED   2.38546e-05             32             4     1024    0.222471        5            158.96    4.22974    0.0939875     157.04  │
│ train_tune_41fe64ec   TERMINATED   0.000898089             32             8     2048    0.240051        5            153.768   5.6746     0.00159967    151.868 │
│ train_tune_31b067d6   TERMINATED   0.000372424             32             8     1024    0.134643        5            159.049   2.95778    0.0194923     157.163 │
│ train_tune_6f645550   TERMINATED   0.000814792             32             8     1024    0.233057        5            151.927   5.61414    0.00190234    150.198 │
│ train_tune_8a0cfe06   TERMINATED   0.000736843             16             4     1024    0.105254        5            296.607   5.6662     0             294.699 │
│ train_tune_debd8bbc   TERMINATED   5.57056e-05             16             4     1024    0.39085        10            531.441   3.05261    0.42082       529.624 │
│ train_tune_83f08d7c   TERMINATED   0.0001892               16             8     1024    0.396809       10            568.862   2.43099    0.408572      567.008 │
│ train_tune_7b4fb263   TERMINATED   9.62261e-05             16             4     1024    0.399924       10            561.345   2.59486    0.440445      559.525 │
│ train_tune_f66fe68c   TERMINATED   0.000115652             16             4     1024    0.396439       10            523.671   2.4022     0.427094      521.874 │
│ train_tune_52b8b29e   TERMINATED   0.000151786             16             4     1024    0.397542        5            279.315   3.43144    0.110645      277.416 │
│ train_tune_b434b709   TERMINATED   0.000200175             16             4     1024    0.342902       10            539.388   2.21423    0.271167      537.541 │
╰─────────────────────────────────────────────────────────────────────────────────────────────────────────────────────────────────────────────────────────────────╯
Trial status: 19 TERMINATED | 1 RUNNING
Current time: 2026-03-18 20:28:59. Total running time: 49min 5s
Logical resource usage: 0/64 CPUs, 1.0/3 GPUs (0.0/1.0 accelerator_type:RTX)
[36m(train_tune pid=4190903)[0m Checkpoint successfully created at: Checkpoint(filesystem=local, path=/home/b23cs1037/ray_results/train_tune_2026-03-18_19-39-54/train_tune_57177ad6_19_batch_size=16,d_ff=1024,d_model=512,dropout=0.3349,lr=0.0001,num_epochs=20,num_heads=4_2026-03-18_20-12-42/checkpoint_000014)
╭─────────────────────────────────────────────────────────────────────────────────────────────────────────────────────────────────────────────────────────────────╮
│ Trial name            status                lr     batch_size     num_heads     d_ff     dropout     iter     total time (s)       loss         bleu       time │
├─────────────────────────────────────────────────────────────────────────────────────────────────────────────────────────────────────────────────────────────────┤
│ train_tune_57177ad6   RUNNING      0.00014925              16             4     1024    0.334913       14            779.18    1.32776    0.559658      777.339 │
│ train_tune_8756cff5   TERMINATED   0.000920117             64             4     1024    0.334648        5            114.812   5.68365    0.00190234    113.122 │
│ train_tune_14980f4a   TERMINATED   0.000334695             64             8     1024    0.188747       20            449.553   0.406529   0.560482      447.722 │
│ train_tune_86b0c5b8   TERMINATED   7.68385e-05             64             8     2048    0.214906       20            414.167   1.24991    0.440445      412.281 │
│ train_tune_647e4073   TERMINATED   2.46333e-05             64             4     2048    0.284054        5            130.133   4.56362    0.100881      128.097 │
│ train_tune_371d6e86   TERMINATED   0.000273832             16             4     1024    0.170142       20           1134.29    0.843369   0.635546     1132.47  │
│ train_tune_54c2cf1c   TERMINATED   0.000198462             32             4     1024    0.337471       20            557.475   0.911187   0.695595      555.772 │
│ train_tune_89d39032   TERMINATED   0.000175104             32             4     1024    0.305743       10            301.376   1.78564    0.49378       299.359 │
│ train_tune_dc2615ef   TERMINATED   3.28386e-05             32             4     2048    0.163527        5            158.377   3.6303     0.203436      156.59  │
│ train_tune_6258b6e3   TERMINATED   2.38546e-05             32             4     1024    0.222471        5            158.96    4.22974    0.0939875     157.04  │
│ train_tune_41fe64ec   TERMINATED   0.000898089             32             8     2048    0.240051        5            153.768   5.6746     0.00159967    151.868 │
│ train_tune_31b067d6   TERMINATED   0.000372424             32             8     1024    0.134643        5            159.049   2.95778    0.0194923     157.163 │
│ train_tune_6f645550   TERMINATED   0.000814792             32             8     1024    0.233057        5            151.927   5.61414    0.00190234    150.198 │
│ train_tune_8a0cfe06   TERMINATED   0.000736843             16             4     1024    0.105254        5            296.607   5.6662     0             294.699 │
│ train_tune_debd8bbc   TERMINATED   5.57056e-05             16             4     1024    0.39085        10            531.441   3.05261    0.42082       529.624 │
│ train_tune_83f08d7c   TERMINATED   0.0001892               16             8     1024    0.396809       10            568.862   2.43099    0.408572      567.008 │
│ train_tune_7b4fb263   TERMINATED   9.62261e-05             16             4     1024    0.399924       10            561.345   2.59486    0.440445      559.525 │
│ train_tune_f66fe68c   TERMINATED   0.000115652             16             4     1024    0.396439       10            523.671   2.4022     0.427094      521.874 │
│ train_tune_52b8b29e   TERMINATED   0.000151786             16             4     1024    0.397542        5            279.315   3.43144    0.110645      277.416 │
│ train_tune_b434b709   TERMINATED   0.000200175             16             4     1024    0.342902       10            539.388   2.21423    0.271167      537.541 │
╰─────────────────────────────────────────────────────────────────────────────────────────────────────────────────────────────────────────────────────────────────╯
Trial status: 19 TERMINATED | 1 RUNNING
Current time: 2026-03-18 20:29:29. Total running time: 49min 35s
Logical resource usage: 0/64 CPUs, 1.0/3 GPUs (0.0/1.0 accelerator_type:RTX)
╭─────────────────────────────────────────────────────────────────────────────────────────────────────────────────────────────────────────────────────────────────╮
│ Trial name            status                lr     batch_size     num_heads     d_ff     dropout     iter     total time (s)       loss         bleu       time │
├─────────────────────────────────────────────────────────────────────────────────────────────────────────────────────────────────────────────────────────────────┤
│ train_tune_57177ad6   RUNNING      0.00014925              16             4     1024    0.334913       15            833.634   1.22335    0.538704      831.801 │
│ train_tune_8756cff5   TERMINATED   0.000920117             64             4     1024    0.334648        5            114.812   5.68365    0.00190234    113.122 │
│ train_tune_14980f4a   TERMINATED   0.000334695             64             8     1024    0.188747       20            449.553   0.406529   0.560482      447.722 │
│ train_tune_86b0c5b8   TERMINATED   7.68385e-05             64             8     2048    0.214906       20            414.167   1.24991    0.440445      412.281 │
│ train_tune_647e4073   TERMINATED   2.46333e-05             64             4     2048    0.284054        5            130.133   4.56362    0.100881      128.097 │
│ train_tune_371d6e86   TERMINATED   0.000273832             16             4     1024    0.170142       20           1134.29    0.843369   0.635546     1132.47  │
│ train_tune_54c2cf1c   TERMINATED   0.000198462             32             4     1024    0.337471       20            557.475   0.911187   0.695595      555.772 │
│ train_tune_89d39032   TERMINATED   0.000175104             32             4     1024    0.305743       10            301.376   1.78564    0.49378       299.359 │
│ train_tune_dc2615ef   TERMINATED   3.28386e-05             32             4     2048    0.163527        5            158.377   3.6303     0.203436      156.59  │
│ train_tune_6258b6e3   TERMINATED   2.38546e-05             32             4     1024    0.222471        5            158.96    4.22974    0.0939875     157.04  │
│ train_tune_41fe64ec   TERMINATED   0.000898089             32             8     2048    0.240051        5            153.768   5.6746     0.00159967    151.868 │
│ train_tune_31b067d6   TERMINATED   0.000372424             32             8     1024    0.134643        5            159.049   2.95778    0.0194923     157.163 │
│ train_tune_6f645550   TERMINATED   0.000814792             32             8     1024    0.233057        5            151.927   5.61414    0.00190234    150.198 │
│ train_tune_8a0cfe06   TERMINATED   0.000736843             16             4     1024    0.105254        5            296.607   5.6662     0             294.699 │
│ train_tune_debd8bbc   TERMINATED   5.57056e-05             16             4     1024    0.39085        10            531.441   3.05261    0.42082       529.624 │
│ train_tune_83f08d7c   TERMINATED   0.0001892               16             8     1024    0.396809       10            568.862   2.43099    0.408572      567.008 │
│ train_tune_7b4fb263   TERMINATED   9.62261e-05             16             4     1024    0.399924       10            561.345   2.59486    0.440445      559.525 │
│ train_tune_f66fe68c   TERMINATED   0.000115652             16             4     1024    0.396439       10            523.671   2.4022     0.427094      521.874 │
│ train_tune_52b8b29e   TERMINATED   0.000151786             16             4     1024    0.397542        5            279.315   3.43144    0.110645      277.416 │
│ train_tune_b434b709   TERMINATED   0.000200175             16             4     1024    0.342902       10            539.388   2.21423    0.271167      537.541 │
╰─────────────────────────────────────────────────────────────────────────────────────────────────────────────────────────────────────────────────────────────────╯
Trial status: 19 TERMINATED | 1 RUNNING
Current time: 2026-03-18 20:29:59. Total running time: 50min 5s
Logical resource usage: 0/64 CPUs, 1.0/3 GPUs (0.0/1.0 accelerator_type:RTX)
[36m(train_tune pid=4190903)[0m Checkpoint successfully created at: Checkpoint(filesystem=local, path=/home/b23cs1037/ray_results/train_tune_2026-03-18_19-39-54/train_tune_57177ad6_19_batch_size=16,d_ff=1024,d_model=512,dropout=0.3349,lr=0.0001,num_epochs=20,num_heads=4_2026-03-18_20-12-42/checkpoint_000015)
╭─────────────────────────────────────────────────────────────────────────────────────────────────────────────────────────────────────────────────────────────────╮
│ Trial name            status                lr     batch_size     num_heads     d_ff     dropout     iter     total time (s)       loss         bleu       time │
├─────────────────────────────────────────────────────────────────────────────────────────────────────────────────────────────────────────────────────────────────┤
│ train_tune_57177ad6   RUNNING      0.00014925              16             4     1024    0.334913       15            833.634   1.22335    0.538704      831.801 │
│ train_tune_8756cff5   TERMINATED   0.000920117             64             4     1024    0.334648        5            114.812   5.68365    0.00190234    113.122 │
│ train_tune_14980f4a   TERMINATED   0.000334695             64             8     1024    0.188747       20            449.553   0.406529   0.560482      447.722 │
│ train_tune_86b0c5b8   TERMINATED   7.68385e-05             64             8     2048    0.214906       20            414.167   1.24991    0.440445      412.281 │
│ train_tune_647e4073   TERMINATED   2.46333e-05             64             4     2048    0.284054        5            130.133   4.56362    0.100881      128.097 │
│ train_tune_371d6e86   TERMINATED   0.000273832             16             4     1024    0.170142       20           1134.29    0.843369   0.635546     1132.47  │
│ train_tune_54c2cf1c   TERMINATED   0.000198462             32             4     1024    0.337471       20            557.475   0.911187   0.695595      555.772 │
│ train_tune_89d39032   TERMINATED   0.000175104             32             4     1024    0.305743       10            301.376   1.78564    0.49378       299.359 │
│ train_tune_dc2615ef   TERMINATED   3.28386e-05             32             4     2048    0.163527        5            158.377   3.6303     0.203436      156.59  │
│ train_tune_6258b6e3   TERMINATED   2.38546e-05             32             4     1024    0.222471        5            158.96    4.22974    0.0939875     157.04  │
│ train_tune_41fe64ec   TERMINATED   0.000898089             32             8     2048    0.240051        5            153.768   5.6746     0.00159967    151.868 │
│ train_tune_31b067d6   TERMINATED   0.000372424             32             8     1024    0.134643        5            159.049   2.95778    0.0194923     157.163 │
│ train_tune_6f645550   TERMINATED   0.000814792             32             8     1024    0.233057        5            151.927   5.61414    0.00190234    150.198 │
│ train_tune_8a0cfe06   TERMINATED   0.000736843             16             4     1024    0.105254        5            296.607   5.6662     0             294.699 │
│ train_tune_debd8bbc   TERMINATED   5.57056e-05             16             4     1024    0.39085        10            531.441   3.05261    0.42082       529.624 │
│ train_tune_83f08d7c   TERMINATED   0.0001892               16             8     1024    0.396809       10            568.862   2.43099    0.408572      567.008 │
│ train_tune_7b4fb263   TERMINATED   9.62261e-05             16             4     1024    0.399924       10            561.345   2.59486    0.440445      559.525 │
│ train_tune_f66fe68c   TERMINATED   0.000115652             16             4     1024    0.396439       10            523.671   2.4022     0.427094      521.874 │
│ train_tune_52b8b29e   TERMINATED   0.000151786             16             4     1024    0.397542        5            279.315   3.43144    0.110645      277.416 │
│ train_tune_b434b709   TERMINATED   0.000200175             16             4     1024    0.342902       10            539.388   2.21423    0.271167      537.541 │
╰─────────────────────────────────────────────────────────────────────────────────────────────────────────────────────────────────────────────────────────────────╯
Trial status: 19 TERMINATED | 1 RUNNING
Current time: 2026-03-18 20:30:29. Total running time: 50min 35s
Logical resource usage: 0/64 CPUs, 1.0/3 GPUs (0.0/1.0 accelerator_type:RTX)
[36m(train_tune pid=4190903)[0m Checkpoint successfully created at: Checkpoint(filesystem=local, path=/home/b23cs1037/ray_results/train_tune_2026-03-18_19-39-54/train_tune_57177ad6_19_batch_size=16,d_ff=1024,d_model=512,dropout=0.3349,lr=0.0001,num_epochs=20,num_heads=4_2026-03-18_20-12-42/checkpoint_000016)
╭─────────────────────────────────────────────────────────────────────────────────────────────────────────────────────────────────────────────────────────────────╮
│ Trial name            status                lr     batch_size     num_heads     d_ff     dropout     iter     total time (s)       loss         bleu       time │
├─────────────────────────────────────────────────────────────────────────────────────────────────────────────────────────────────────────────────────────────────┤
│ train_tune_57177ad6   RUNNING      0.00014925              16             4     1024    0.334913       16            889.449   1.13772    0.524722      887.642 │
│ train_tune_8756cff5   TERMINATED   0.000920117             64             4     1024    0.334648        5            114.812   5.68365    0.00190234    113.122 │
│ train_tune_14980f4a   TERMINATED   0.000334695             64             8     1024    0.188747       20            449.553   0.406529   0.560482      447.722 │
│ train_tune_86b0c5b8   TERMINATED   7.68385e-05             64             8     2048    0.214906       20            414.167   1.24991    0.440445      412.281 │
│ train_tune_647e4073   TERMINATED   2.46333e-05             64             4     2048    0.284054        5            130.133   4.56362    0.100881      128.097 │
│ train_tune_371d6e86   TERMINATED   0.000273832             16             4     1024    0.170142       20           1134.29    0.843369   0.635546     1132.47  │
│ train_tune_54c2cf1c   TERMINATED   0.000198462             32             4     1024    0.337471       20            557.475   0.911187   0.695595      555.772 │
│ train_tune_89d39032   TERMINATED   0.000175104             32             4     1024    0.305743       10            301.376   1.78564    0.49378       299.359 │
│ train_tune_dc2615ef   TERMINATED   3.28386e-05             32             4     2048    0.163527        5            158.377   3.6303     0.203436      156.59  │
│ train_tune_6258b6e3   TERMINATED   2.38546e-05             32             4     1024    0.222471        5            158.96    4.22974    0.0939875     157.04  │
│ train_tune_41fe64ec   TERMINATED   0.000898089             32             8     2048    0.240051        5            153.768   5.6746     0.00159967    151.868 │
│ train_tune_31b067d6   TERMINATED   0.000372424             32             8     1024    0.134643        5            159.049   2.95778    0.0194923     157.163 │
│ train_tune_6f645550   TERMINATED   0.000814792             32             8     1024    0.233057        5            151.927   5.61414    0.00190234    150.198 │
│ train_tune_8a0cfe06   TERMINATED   0.000736843             16             4     1024    0.105254        5            296.607   5.6662     0             294.699 │
│ train_tune_debd8bbc   TERMINATED   5.57056e-05             16             4     1024    0.39085        10            531.441   3.05261    0.42082       529.624 │
│ train_tune_83f08d7c   TERMINATED   0.0001892               16             8     1024    0.396809       10            568.862   2.43099    0.408572      567.008 │
│ train_tune_7b4fb263   TERMINATED   9.62261e-05             16             4     1024    0.399924       10            561.345   2.59486    0.440445      559.525 │
│ train_tune_f66fe68c   TERMINATED   0.000115652             16             4     1024    0.396439       10            523.671   2.4022     0.427094      521.874 │
│ train_tune_52b8b29e   TERMINATED   0.000151786             16             4     1024    0.397542        5            279.315   3.43144    0.110645      277.416 │
│ train_tune_b434b709   TERMINATED   0.000200175             16             4     1024    0.342902       10            539.388   2.21423    0.271167      537.541 │
╰─────────────────────────────────────────────────────────────────────────────────────────────────────────────────────────────────────────────────────────────────╯
Trial status: 19 TERMINATED | 1 RUNNING
Current time: 2026-03-18 20:30:59. Total running time: 51min 5s
Logical resource usage: 0/64 CPUs, 1.0/3 GPUs (0.0/1.0 accelerator_type:RTX)
╭─────────────────────────────────────────────────────────────────────────────────────────────────────────────────────────────────────────────────────────────────╮
│ Trial name            status                lr     batch_size     num_heads     d_ff     dropout     iter     total time (s)       loss         bleu       time │
├─────────────────────────────────────────────────────────────────────────────────────────────────────────────────────────────────────────────────────────────────┤
│ train_tune_57177ad6   RUNNING      0.00014925              16             4     1024    0.334913       17            944.422   1.05824    0.458943      942.609 │
│ train_tune_8756cff5   TERMINATED   0.000920117             64             4     1024    0.334648        5            114.812   5.68365    0.00190234    113.122 │
│ train_tune_14980f4a   TERMINATED   0.000334695             64             8     1024    0.188747       20            449.553   0.406529   0.560482      447.722 │
│ train_tune_86b0c5b8   TERMINATED   7.68385e-05             64             8     2048    0.214906       20            414.167   1.24991    0.440445      412.281 │
│ train_tune_647e4073   TERMINATED   2.46333e-05             64             4     2048    0.284054        5            130.133   4.56362    0.100881      128.097 │
│ train_tune_371d6e86   TERMINATED   0.000273832             16             4     1024    0.170142       20           1134.29    0.843369   0.635546     1132.47  │
│ train_tune_54c2cf1c   TERMINATED   0.000198462             32             4     1024    0.337471       20            557.475   0.911187   0.695595      555.772 │
│ train_tune_89d39032   TERMINATED   0.000175104             32             4     1024    0.305743       10            301.376   1.78564    0.49378       299.359 │
│ train_tune_dc2615ef   TERMINATED   3.28386e-05             32             4     2048    0.163527        5            158.377   3.6303     0.203436      156.59  │
│ train_tune_6258b6e3   TERMINATED   2.38546e-05             32             4     1024    0.222471        5            158.96    4.22974    0.0939875     157.04  │
│ train_tune_41fe64ec   TERMINATED   0.000898089             32             8     2048    0.240051        5            153.768   5.6746     0.00159967    151.868 │
│ train_tune_31b067d6   TERMINATED   0.000372424             32             8     1024    0.134643        5            159.049   2.95778    0.0194923     157.163 │
│ train_tune_6f645550   TERMINATED   0.000814792             32             8     1024    0.233057        5            151.927   5.61414    0.00190234    150.198 │
│ train_tune_8a0cfe06   TERMINATED   0.000736843             16             4     1024    0.105254        5            296.607   5.6662     0             294.699 │
│ train_tune_debd8bbc   TERMINATED   5.57056e-05             16             4     1024    0.39085        10            531.441   3.05261    0.42082       529.624 │
│ train_tune_83f08d7c   TERMINATED   0.0001892               16             8     1024    0.396809       10            568.862   2.43099    0.408572      567.008 │
│ train_tune_7b4fb263   TERMINATED   9.62261e-05             16             4     1024    0.399924       10            561.345   2.59486    0.440445      559.525 │
│ train_tune_f66fe68c   TERMINATED   0.000115652             16             4     1024    0.396439       10            523.671   2.4022     0.427094      521.874 │
│ train_tune_52b8b29e   TERMINATED   0.000151786             16             4     1024    0.397542        5            279.315   3.43144    0.110645      277.416 │
│ train_tune_b434b709   TERMINATED   0.000200175             16             4     1024    0.342902       10            539.388   2.21423    0.271167      537.541 │
╰─────────────────────────────────────────────────────────────────────────────────────────────────────────────────────────────────────────────────────────────────╯
Trial status: 19 TERMINATED | 1 RUNNING
Current time: 2026-03-18 20:31:29. Total running time: 51min 35s
Logical resource usage: 0/64 CPUs, 1.0/3 GPUs (0.0/1.0 accelerator_type:RTX)
[36m(train_tune pid=4190903)[0m Checkpoint successfully created at: Checkpoint(filesystem=local, path=/home/b23cs1037/ray_results/train_tune_2026-03-18_19-39-54/train_tune_57177ad6_19_batch_size=16,d_ff=1024,d_model=512,dropout=0.3349,lr=0.0001,num_epochs=20,num_heads=4_2026-03-18_20-12-42/checkpoint_000017)
╭─────────────────────────────────────────────────────────────────────────────────────────────────────────────────────────────────────────────────────────────────╮
│ Trial name            status                lr     batch_size     num_heads     d_ff     dropout     iter     total time (s)       loss         bleu       time │
├─────────────────────────────────────────────────────────────────────────────────────────────────────────────────────────────────────────────────────────────────┤
│ train_tune_57177ad6   RUNNING      0.00014925              16             4     1024    0.334913       17            944.422   1.05824    0.458943      942.609 │
│ train_tune_8756cff5   TERMINATED   0.000920117             64             4     1024    0.334648        5            114.812   5.68365    0.00190234    113.122 │
│ train_tune_14980f4a   TERMINATED   0.000334695             64             8     1024    0.188747       20            449.553   0.406529   0.560482      447.722 │
│ train_tune_86b0c5b8   TERMINATED   7.68385e-05             64             8     2048    0.214906       20            414.167   1.24991    0.440445      412.281 │
│ train_tune_647e4073   TERMINATED   2.46333e-05             64             4     2048    0.284054        5            130.133   4.56362    0.100881      128.097 │
│ train_tune_371d6e86   TERMINATED   0.000273832             16             4     1024    0.170142       20           1134.29    0.843369   0.635546     1132.47  │
│ train_tune_54c2cf1c   TERMINATED   0.000198462             32             4     1024    0.337471       20            557.475   0.911187   0.695595      555.772 │
│ train_tune_89d39032   TERMINATED   0.000175104             32             4     1024    0.305743       10            301.376   1.78564    0.49378       299.359 │
│ train_tune_dc2615ef   TERMINATED   3.28386e-05             32             4     2048    0.163527        5            158.377   3.6303     0.203436      156.59  │
│ train_tune_6258b6e3   TERMINATED   2.38546e-05             32             4     1024    0.222471        5            158.96    4.22974    0.0939875     157.04  │
│ train_tune_41fe64ec   TERMINATED   0.000898089             32             8     2048    0.240051        5            153.768   5.6746     0.00159967    151.868 │
│ train_tune_31b067d6   TERMINATED   0.000372424             32             8     1024    0.134643        5            159.049   2.95778    0.0194923     157.163 │
│ train_tune_6f645550   TERMINATED   0.000814792             32             8     1024    0.233057        5            151.927   5.61414    0.00190234    150.198 │
│ train_tune_8a0cfe06   TERMINATED   0.000736843             16             4     1024    0.105254        5            296.607   5.6662     0             294.699 │
│ train_tune_debd8bbc   TERMINATED   5.57056e-05             16             4     1024    0.39085        10            531.441   3.05261    0.42082       529.624 │
│ train_tune_83f08d7c   TERMINATED   0.0001892               16             8     1024    0.396809       10            568.862   2.43099    0.408572      567.008 │
│ train_tune_7b4fb263   TERMINATED   9.62261e-05             16             4     1024    0.399924       10            561.345   2.59486    0.440445      559.525 │
│ train_tune_f66fe68c   TERMINATED   0.000115652             16             4     1024    0.396439       10            523.671   2.4022     0.427094      521.874 │
│ train_tune_52b8b29e   TERMINATED   0.000151786             16             4     1024    0.397542        5            279.315   3.43144    0.110645      277.416 │
│ train_tune_b434b709   TERMINATED   0.000200175             16             4     1024    0.342902       10            539.388   2.21423    0.271167      537.541 │
╰─────────────────────────────────────────────────────────────────────────────────────────────────────────────────────────────────────────────────────────────────╯
Trial status: 19 TERMINATED | 1 RUNNING
Current time: 2026-03-18 20:31:59. Total running time: 52min 5s
Logical resource usage: 0/64 CPUs, 1.0/3 GPUs (0.0/1.0 accelerator_type:RTX)
╭─────────────────────────────────────────────────────────────────────────────────────────────────────────────────────────────────────────────────────────────────╮
│ Trial name            status                lr     batch_size     num_heads     d_ff     dropout     iter     total time (s)       loss         bleu       time │
├─────────────────────────────────────────────────────────────────────────────────────────────────────────────────────────────────────────────────────────────────┤
│ train_tune_57177ad6   RUNNING      0.00014925              16             4     1024    0.334913       18            999.949   0.989238   0.281092      998.164 │
│ train_tune_8756cff5   TERMINATED   0.000920117             64             4     1024    0.334648        5            114.812   5.68365    0.00190234    113.122 │
│ train_tune_14980f4a   TERMINATED   0.000334695             64             8     1024    0.188747       20            449.553   0.406529   0.560482      447.722 │
│ train_tune_86b0c5b8   TERMINATED   7.68385e-05             64             8     2048    0.214906       20            414.167   1.24991    0.440445      412.281 │
│ train_tune_647e4073   TERMINATED   2.46333e-05             64             4     2048    0.284054        5            130.133   4.56362    0.100881      128.097 │
│ train_tune_371d6e86   TERMINATED   0.000273832             16             4     1024    0.170142       20           1134.29    0.843369   0.635546     1132.47  │
│ train_tune_54c2cf1c   TERMINATED   0.000198462             32             4     1024    0.337471       20            557.475   0.911187   0.695595      555.772 │
│ train_tune_89d39032   TERMINATED   0.000175104             32             4     1024    0.305743       10            301.376   1.78564    0.49378       299.359 │
│ train_tune_dc2615ef   TERMINATED   3.28386e-05             32             4     2048    0.163527        5            158.377   3.6303     0.203436      156.59  │
│ train_tune_6258b6e3   TERMINATED   2.38546e-05             32             4     1024    0.222471        5            158.96    4.22974    0.0939875     157.04  │
│ train_tune_41fe64ec   TERMINATED   0.000898089             32             8     2048    0.240051        5            153.768   5.6746     0.00159967    151.868 │
│ train_tune_31b067d6   TERMINATED   0.000372424             32             8     1024    0.134643        5            159.049   2.95778    0.0194923     157.163 │
│ train_tune_6f645550   TERMINATED   0.000814792             32             8     1024    0.233057        5            151.927   5.61414    0.00190234    150.198 │
│ train_tune_8a0cfe06   TERMINATED   0.000736843             16             4     1024    0.105254        5            296.607   5.6662     0             294.699 │
│ train_tune_debd8bbc   TERMINATED   5.57056e-05             16             4     1024    0.39085        10            531.441   3.05261    0.42082       529.624 │
│ train_tune_83f08d7c   TERMINATED   0.0001892               16             8     1024    0.396809       10            568.862   2.43099    0.408572      567.008 │
│ train_tune_7b4fb263   TERMINATED   9.62261e-05             16             4     1024    0.399924       10            561.345   2.59486    0.440445      559.525 │
│ train_tune_f66fe68c   TERMINATED   0.000115652             16             4     1024    0.396439       10            523.671   2.4022     0.427094      521.874 │
│ train_tune_52b8b29e   TERMINATED   0.000151786             16             4     1024    0.397542        5            279.315   3.43144    0.110645      277.416 │
│ train_tune_b434b709   TERMINATED   0.000200175             16             4     1024    0.342902       10            539.388   2.21423    0.271167      537.541 │
╰─────────────────────────────────────────────────────────────────────────────────────────────────────────────────────────────────────────────────────────────────╯
Trial status: 19 TERMINATED | 1 RUNNING
Current time: 2026-03-18 20:32:29. Total running time: 52min 35s
Logical resource usage: 0/64 CPUs, 1.0/3 GPUs (0.0/1.0 accelerator_type:RTX)
[36m(train_tune pid=4190903)[0m Checkpoint successfully created at: Checkpoint(filesystem=local, path=/home/b23cs1037/ray_results/train_tune_2026-03-18_19-39-54/train_tune_57177ad6_19_batch_size=16,d_ff=1024,d_model=512,dropout=0.3349,lr=0.0001,num_epochs=20,num_heads=4_2026-03-18_20-12-42/checkpoint_000018)
╭─────────────────────────────────────────────────────────────────────────────────────────────────────────────────────────────────────────────────────────────────╮
│ Trial name            status                lr     batch_size     num_heads     d_ff     dropout     iter     total time (s)       loss         bleu       time │
├─────────────────────────────────────────────────────────────────────────────────────────────────────────────────────────────────────────────────────────────────┤
│ train_tune_57177ad6   RUNNING      0.00014925              16             4     1024    0.334913       18            999.949   0.989238   0.281092      998.164 │
│ train_tune_8756cff5   TERMINATED   0.000920117             64             4     1024    0.334648        5            114.812   5.68365    0.00190234    113.122 │
│ train_tune_14980f4a   TERMINATED   0.000334695             64             8     1024    0.188747       20            449.553   0.406529   0.560482      447.722 │
│ train_tune_86b0c5b8   TERMINATED   7.68385e-05             64             8     2048    0.214906       20            414.167   1.24991    0.440445      412.281 │
│ train_tune_647e4073   TERMINATED   2.46333e-05             64             4     2048    0.284054        5            130.133   4.56362    0.100881      128.097 │
│ train_tune_371d6e86   TERMINATED   0.000273832             16             4     1024    0.170142       20           1134.29    0.843369   0.635546     1132.47  │
│ train_tune_54c2cf1c   TERMINATED   0.000198462             32             4     1024    0.337471       20            557.475   0.911187   0.695595      555.772 │
│ train_tune_89d39032   TERMINATED   0.000175104             32             4     1024    0.305743       10            301.376   1.78564    0.49378       299.359 │
│ train_tune_dc2615ef   TERMINATED   3.28386e-05             32             4     2048    0.163527        5            158.377   3.6303     0.203436      156.59  │
│ train_tune_6258b6e3   TERMINATED   2.38546e-05             32             4     1024    0.222471        5            158.96    4.22974    0.0939875     157.04  │
│ train_tune_41fe64ec   TERMINATED   0.000898089             32             8     2048    0.240051        5            153.768   5.6746     0.00159967    151.868 │
│ train_tune_31b067d6   TERMINATED   0.000372424             32             8     1024    0.134643        5            159.049   2.95778    0.0194923     157.163 │
│ train_tune_6f645550   TERMINATED   0.000814792             32             8     1024    0.233057        5            151.927   5.61414    0.00190234    150.198 │
│ train_tune_8a0cfe06   TERMINATED   0.000736843             16             4     1024    0.105254        5            296.607   5.6662     0             294.699 │
│ train_tune_debd8bbc   TERMINATED   5.57056e-05             16             4     1024    0.39085        10            531.441   3.05261    0.42082       529.624 │
│ train_tune_83f08d7c   TERMINATED   0.0001892               16             8     1024    0.396809       10            568.862   2.43099    0.408572      567.008 │
│ train_tune_7b4fb263   TERMINATED   9.62261e-05             16             4     1024    0.399924       10            561.345   2.59486    0.440445      559.525 │
│ train_tune_f66fe68c   TERMINATED   0.000115652             16             4     1024    0.396439       10            523.671   2.4022     0.427094      521.874 │
│ train_tune_52b8b29e   TERMINATED   0.000151786             16             4     1024    0.397542        5            279.315   3.43144    0.110645      277.416 │
│ train_tune_b434b709   TERMINATED   0.000200175             16             4     1024    0.342902       10            539.388   2.21423    0.271167      537.541 │
╰─────────────────────────────────────────────────────────────────────────────────────────────────────────────────────────────────────────────────────────────────╯
Trial status: 19 TERMINATED | 1 RUNNING
Current time: 2026-03-18 20:33:00. Total running time: 53min 5s
Logical resource usage: 0/64 CPUs, 1.0/3 GPUs (0.0/1.0 accelerator_type:RTX)
╭─────────────────────────────────────────────────────────────────────────────────────────────────────────────────────────────────────────────────────────────────╮
│ Trial name            status                lr     batch_size     num_heads     d_ff     dropout     iter     total time (s)       loss         bleu       time │
├─────────────────────────────────────────────────────────────────────────────────────────────────────────────────────────────────────────────────────────────────┤
│ train_tune_57177ad6   RUNNING      0.00014925              16             4     1024    0.334913       19           1056.44    0.931681   0.705565     1054.64  │
│ train_tune_8756cff5   TERMINATED   0.000920117             64             4     1024    0.334648        5            114.812   5.68365    0.00190234    113.122 │
│ train_tune_14980f4a   TERMINATED   0.000334695             64             8     1024    0.188747       20            449.553   0.406529   0.560482      447.722 │
│ train_tune_86b0c5b8   TERMINATED   7.68385e-05             64             8     2048    0.214906       20            414.167   1.24991    0.440445      412.281 │
│ train_tune_647e4073   TERMINATED   2.46333e-05             64             4     2048    0.284054        5            130.133   4.56362    0.100881      128.097 │
│ train_tune_371d6e86   TERMINATED   0.000273832             16             4     1024    0.170142       20           1134.29    0.843369   0.635546     1132.47  │
│ train_tune_54c2cf1c   TERMINATED   0.000198462             32             4     1024    0.337471       20            557.475   0.911187   0.695595      555.772 │
│ train_tune_89d39032   TERMINATED   0.000175104             32             4     1024    0.305743       10            301.376   1.78564    0.49378       299.359 │
│ train_tune_dc2615ef   TERMINATED   3.28386e-05             32             4     2048    0.163527        5            158.377   3.6303     0.203436      156.59  │
│ train_tune_6258b6e3   TERMINATED   2.38546e-05             32             4     1024    0.222471        5            158.96    4.22974    0.0939875     157.04  │
│ train_tune_41fe64ec   TERMINATED   0.000898089             32             8     2048    0.240051        5            153.768   5.6746     0.00159967    151.868 │
│ train_tune_31b067d6   TERMINATED   0.000372424             32             8     1024    0.134643        5            159.049   2.95778    0.0194923     157.163 │
│ train_tune_6f645550   TERMINATED   0.000814792             32             8     1024    0.233057        5            151.927   5.61414    0.00190234    150.198 │
│ train_tune_8a0cfe06   TERMINATED   0.000736843             16             4     1024    0.105254        5            296.607   5.6662     0             294.699 │
│ train_tune_debd8bbc   TERMINATED   5.57056e-05             16             4     1024    0.39085        10            531.441   3.05261    0.42082       529.624 │
│ train_tune_83f08d7c   TERMINATED   0.0001892               16             8     1024    0.396809       10            568.862   2.43099    0.408572      567.008 │
│ train_tune_7b4fb263   TERMINATED   9.62261e-05             16             4     1024    0.399924       10            561.345   2.59486    0.440445      559.525 │
│ train_tune_f66fe68c   TERMINATED   0.000115652             16             4     1024    0.396439       10            523.671   2.4022     0.427094      521.874 │
│ train_tune_52b8b29e   TERMINATED   0.000151786             16             4     1024    0.397542        5            279.315   3.43144    0.110645      277.416 │
│ train_tune_b434b709   TERMINATED   0.000200175             16             4     1024    0.342902       10            539.388   2.21423    0.271167      537.541 │
╰─────────────────────────────────────────────────────────────────────────────────────────────────────────────────────────────────────────────────────────────────╯
Trial status: 19 TERMINATED | 1 RUNNING
Current time: 2026-03-18 20:33:30. Total running time: 53min 35s
Logical resource usage: 0/64 CPUs, 1.0/3 GPUs (0.0/1.0 accelerator_type:RTX)
2026-03-18 20:33:44,733	INFO tune.py:1009 -- Wrote the latest version of all result files and experiment state to '/home/b23cs1037/ray_results/train_tune_2026-03-18_19-39-54' in 0.0242s.
╭─────────────────────────────────────────────────────────────────────────────────────────────────────────────────────────────────────────────────────────────────╮
│ Trial name            status                lr     batch_size     num_heads     d_ff     dropout     iter     total time (s)       loss         bleu       time │
├─────────────────────────────────────────────────────────────────────────────────────────────────────────────────────────────────────────────────────────────────┤
│ train_tune_57177ad6   RUNNING      0.00014925              16             4     1024    0.334913       19           1056.44    0.931681   0.705565     1054.64  │
│ train_tune_8756cff5   TERMINATED   0.000920117             64             4     1024    0.334648        5            114.812   5.68365    0.00190234    113.122 │
│ train_tune_14980f4a   TERMINATED   0.000334695             64             8     1024    0.188747       20            449.553   0.406529   0.560482      447.722 │
│ train_tune_86b0c5b8   TERMINATED   7.68385e-05             64             8     2048    0.214906       20            414.167   1.24991    0.440445      412.281 │
│ train_tune_647e4073   TERMINATED   2.46333e-05             64             4     2048    0.284054        5            130.133   4.56362    0.100881      128.097 │
│ train_tune_371d6e86   TERMINATED   0.000273832             16             4     1024    0.170142       20           1134.29    0.843369   0.635546     1132.47  │
│ train_tune_54c2cf1c   TERMINATED   0.000198462             32             4     1024    0.337471       20            557.475   0.911187   0.695595      555.772 │
│ train_tune_89d39032   TERMINATED   0.000175104             32             4     1024    0.305743       10            301.376   1.78564    0.49378       299.359 │
│ train_tune_dc2615ef   TERMINATED   3.28386e-05             32             4     2048    0.163527        5            158.377   3.6303     0.203436      156.59  │
│ train_tune_6258b6e3   TERMINATED   2.38546e-05             32             4     1024    0.222471        5            158.96    4.22974    0.0939875     157.04  │
│ train_tune_41fe64ec   TERMINATED   0.000898089             32             8     2048    0.240051        5            153.768   5.6746     0.00159967    151.868 │
│ train_tune_31b067d6   TERMINATED   0.000372424             32             8     1024    0.134643        5            159.049   2.95778    0.0194923     157.163 │
│ train_tune_6f645550   TERMINATED   0.000814792             32             8     1024    0.233057        5            151.927   5.61414    0.00190234    150.198 │
│ train_tune_8a0cfe06   TERMINATED   0.000736843             16             4     1024    0.105254        5            296.607   5.6662     0             294.699 │
│ train_tune_debd8bbc   TERMINATED   5.57056e-05             16             4     1024    0.39085        10            531.441   3.05261    0.42082       529.624 │
│ train_tune_83f08d7c   TERMINATED   0.0001892               16             8     1024    0.396809       10            568.862   2.43099    0.408572      567.008 │
│ train_tune_7b4fb263   TERMINATED   9.62261e-05             16             4     1024    0.399924       10            561.345   2.59486    0.440445      559.525 │
│ train_tune_f66fe68c   TERMINATED   0.000115652             16             4     1024    0.396439       10            523.671   2.4022     0.427094      521.874 │
│ train_tune_52b8b29e   TERMINATED   0.000151786             16             4     1024    0.397542        5            279.315   3.43144    0.110645      277.416 │
│ train_tune_b434b709   TERMINATED   0.000200175             16             4     1024    0.342902       10            539.388   2.21423    0.271167      537.541 │
╰─────────────────────────────────────────────────────────────────────────────────────────────────────────────────────────────────────────────────────────────────╯

Trial train_tune_57177ad6 completed after 20 iterations at 2026-03-18 20:33:44. Total running time: 53min 50s
╭────────────────────────────────────────────────────────╮
│ Trial train_tune_57177ad6 result                       │
├────────────────────────────────────────────────────────┤
│ checkpoint_dir_name                  checkpoint_000019 │
│ time_this_iter_s                              53.16771 │
│ time_total_s                                1109.60378 │
│ training_iteration                                  20 │
│ bleu                                           0.75664 │
│ loss                                           0.87201 │
│ time                                        1107.81854 │
╰────────────────────────────────────────────────────────╯

Trial status: 20 TERMINATED
Current time: 2026-03-18 20:33:44. Total running time: 53min 50s
Logical resource usage: 0/64 CPUs, 1.0/3 GPUs (0.0/1.0 accelerator_type:RTX)
[36m(train_tune pid=4190903)[0m Checkpoint successfully created at: Checkpoint(filesystem=local, path=/home/b23cs1037/ray_results/train_tune_2026-03-18_19-39-54/train_tune_57177ad6_19_batch_size=16,d_ff=1024,d_model=512,dropout=0.3349,lr=0.0001,num_epochs=20,num_heads=4_2026-03-18_20-12-42/checkpoint_000019)
╭─────────────────────────────────────────────────────────────────────────────────────────────────────────────────────────────────────────────────────────────────╮
│ Trial name            status                lr     batch_size     num_heads     d_ff     dropout     iter     total time (s)       loss         bleu       time │
├─────────────────────────────────────────────────────────────────────────────────────────────────────────────────────────────────────────────────────────────────┤
│ train_tune_8756cff5   TERMINATED   0.000920117             64             4     1024    0.334648        5            114.812   5.68365    0.00190234    113.122 │
│ train_tune_14980f4a   TERMINATED   0.000334695             64             8     1024    0.188747       20            449.553   0.406529   0.560482      447.722 │
│ train_tune_86b0c5b8   TERMINATED   7.68385e-05             64             8     2048    0.214906       20            414.167   1.24991    0.440445      412.281 │
│ train_tune_647e4073   TERMINATED   2.46333e-05             64             4     2048    0.284054        5            130.133   4.56362    0.100881      128.097 │
│ train_tune_371d6e86   TERMINATED   0.000273832             16             4     1024    0.170142       20           1134.29    0.843369   0.635546     1132.47  │
│ train_tune_54c2cf1c   TERMINATED   0.000198462             32             4     1024    0.337471       20            557.475   0.911187   0.695595      555.772 │
│ train_tune_89d39032   TERMINATED   0.000175104             32             4     1024    0.305743       10            301.376   1.78564    0.49378       299.359 │
│ train_tune_dc2615ef   TERMINATED   3.28386e-05             32             4     2048    0.163527        5            158.377   3.6303     0.203436      156.59  │
│ train_tune_6258b6e3   TERMINATED   2.38546e-05             32             4     1024    0.222471        5            158.96    4.22974    0.0939875     157.04  │
│ train_tune_41fe64ec   TERMINATED   0.000898089             32             8     2048    0.240051        5            153.768   5.6746     0.00159967    151.868 │
│ train_tune_31b067d6   TERMINATED   0.000372424             32             8     1024    0.134643        5            159.049   2.95778    0.0194923     157.163 │
│ train_tune_6f645550   TERMINATED   0.000814792             32             8     1024    0.233057        5            151.927   5.61414    0.00190234    150.198 │
│ train_tune_8a0cfe06   TERMINATED   0.000736843             16             4     1024    0.105254        5            296.607   5.6662     0             294.699 │
│ train_tune_debd8bbc   TERMINATED   5.57056e-05             16             4     1024    0.39085        10            531.441   3.05261    0.42082       529.624 │
│ train_tune_83f08d7c   TERMINATED   0.0001892               16             8     1024    0.396809       10            568.862   2.43099    0.408572      567.008 │
│ train_tune_7b4fb263   TERMINATED   9.62261e-05             16             4     1024    0.399924       10            561.345   2.59486    0.440445      559.525 │
│ train_tune_f66fe68c   TERMINATED   0.000115652             16             4     1024    0.396439       10            523.671   2.4022     0.427094      521.874 │
│ train_tune_52b8b29e   TERMINATED   0.000151786             16             4     1024    0.397542        5            279.315   3.43144    0.110645      277.416 │
│ train_tune_57177ad6   TERMINATED   0.00014925              16             4     1024    0.334913       20           1109.6     0.872014   0.756639     1107.82  │
│ train_tune_b434b709   TERMINATED   0.000200175             16             4     1024    0.342902       10            539.388   2.21423    0.271167      537.541 │
╰─────────────────────────────────────────────────────────────────────────────────────────────────────────────────────────────────────────────────────────────────╯

==================================================
Best trial config: {'lr': 0.0001492501981415037, 'batch_size': 16, 'num_heads': 4, 'd_model': 512, 'd_ff': 1024, 'dropout': 0.3349127173827463, 'num_epochs': 20}
Optimization phase complete. Training final model until early stopping is triggered...
Training final model on cuda with config:
{'lr': 0.0001492501981415037, 'batch_size': 16, 'num_heads': 4, 'd_model': 512, 'd_ff': 1024, 'dropout': 0.3349127173827463, 'num_epochs': 20}
Epoch 1/100 | Loss: 5.1889 | BLEU: 4.50
  --> Saved new best model (BLEU: 4.50)
Epoch 2/100 | Loss: 4.2487 | BLEU: 9.45
  --> Saved new best model (BLEU: 9.45)
Epoch 3/100 | Loss: 3.7262 | BLEU: 15.25
  --> Saved new best model (BLEU: 15.25)
Epoch 4/100 | Loss: 3.3246 | BLEU: 16.87
  --> Saved new best model (BLEU: 16.87)
Epoch 5/100 | Loss: 2.9988 | BLEU: 42.63
  --> Saved new best model (BLEU: 42.63)
Epoch 6/100 | Loss: 2.7137 | BLEU: 17.76
Epoch 7/100 | Loss: 2.4563 | BLEU: 44.04
  --> Saved new best model (BLEU: 44.04)
Epoch 8/100 | Loss: 2.2404 | BLEU: 21.33
Epoch 9/100 | Loss: 2.0405 | BLEU: 64.06
  --> Saved new best model (BLEU: 64.06)
Epoch 10/100 | Loss: 1.8650 | BLEU: 48.41
Epoch 11/100 | Loss: 1.7060 | BLEU: 65.37
  --> Saved new best model (BLEU: 65.37)
Epoch 12/100 | Loss: 1.5741 | BLEU: 56.73
Epoch 13/100 | Loss: 1.4486 | BLEU: 32.98
Epoch 14/100 | Loss: 1.3354 | BLEU: 50.13
Epoch 15/100 | Loss: 1.2353 | BLEU: 63.30
Epoch 16/100 | Loss: 1.1525 | BLEU: 79.03
  --> Saved new best model (BLEU: 79.03)
Epoch 17/100 | Loss: 1.0656 | BLEU: 79.03
Epoch 18/100 | Loss: 0.9976 | BLEU: 38.83
Epoch 19/100 | Loss: 0.9390 | BLEU: 71.46
Epoch 20/100 | Loss: 0.8760 | BLEU: 90.38
  --> Saved new best model (BLEU: 90.38)
Epoch 21/100 | Loss: 0.8337 | BLEU: 59.44
Epoch 22/100 | Loss: 0.7891 | BLEU: 41.01
Epoch 23/100 | Loss: 0.7438 | BLEU: 59.44
Epoch 24/100 | Loss: 0.7052 | BLEU: 56.80
Epoch 25/100 | Loss: 0.6757 | BLEU: 55.96
Early stopping triggered after 25 epochs.
Final training completed in 1456.03s
Logging in to Hugging Face...
Pushing to Hugging Face repo: Laksh-Mendpara/MLOPS-Assignment-4
Processing Files (0 / 0)      : |          |  0.00B /  0.00B            
New Data Upload               : |          |  0.00B /  0.00B            [A

  ...1037_ass_4_best_model.pth:   0%|          | 27.6kB /  151MB            [A[A

  ...1037_ass_4_best_model.pth:   0%|          | 27.6kB /  151MB            [A[AProcessing Files (0 / 1)      :   0%|          | 27.6kB /  151MB, 6.00kB/s  

  ...1037_ass_4_best_model.pth:   0%|          | 27.6kB /  151MB            [A[A

  ...1037_ass_4_best_model.pth:   0%|          | 27.6kB /  151MB            [A[A

  ...1037_ass_4_best_model.pth:   0%|          | 27.6kB /  151MB            [A[A

  ...1037_ass_4_best_model.pth:   0%|          | 27.6kB /  151MB            [A[A

  ...1037_ass_4_best_model.pth:   0%|          | 27.6kB /  151MB            [A[A

  ...1037_ass_4_best_model.pth:   0%|          | 27.6kB /  151MB            [A[A

  ...1037_ass_4_best_model.pth:   0%|          | 27.6kB /  151MB            [A[A

  ...1037_ass_4_best_model.pth:   0%|          | 27.6kB /  151MB            [A[A

  ...1037_ass_4_best_model.pth:   0%|          | 55.2kB /  151MB            [A[AProcessing Files (0 / 1)      :   0%|          | 55.2kB /  151MB, 8.63kB/s  

  ...1037_ass_4_best_model.pth:   0%|          | 55.2kB /  151MB            [A[A

  ...1037_ass_4_best_model.pth:   0%|          | 55.2kB /  151MB            [A[A

  ...1037_ass_4_best_model.pth:   0%|          | 55.2kB /  151MB            [A[A

  ...1037_ass_4_best_model.pth:   0%|          |  610kB /  151MB            [A[AProcessing Files (0 / 1)      :   0%|          |  610kB /  151MB, 84.7kB/s  
New Data Upload               :   0%|          |  555kB /  134MB, 77.0kB/s  [A

  ...1037_ass_4_best_model.pth:   0%|          |  610kB /  151MB            [A[A

  ...1037_ass_4_best_model.pth:   1%|          | 1.16MB /  151MB            [A[AProcessing Files (0 / 1)      :   1%|          | 1.16MB /  151MB,  153kB/s  
New Data Upload               :   1%|          | 1.11MB /  134MB,  146kB/s  [A

  ...1037_ass_4_best_model.pth:   1%|          | 1.72MB /  151MB            [A[AProcessing Files (0 / 1)      :   1%|          | 1.72MB /  151MB,  220kB/s  
New Data Upload               :   1%|          | 1.66MB /  134MB,  213kB/s  [A

  ...1037_ass_4_best_model.pth:   1%|          | 1.72MB /  151MB            [A[A

  ...1037_ass_4_best_model.pth:   1%|          | 1.72MB /  151MB            [A[A

  ...1037_ass_4_best_model.pth:   2%|▏         | 2.27MB /  151MB            [A[AProcessing Files (0 / 1)      :   2%|▏         | 2.27MB /  151MB,  271kB/s  
New Data Upload               :   2%|▏         | 2.22MB /  134MB,  264kB/s  [A

  ...1037_ass_4_best_model.pth:   2%|▏         | 2.27MB /  151MB            [A[A

  ...1037_ass_4_best_model.pth:   2%|▏         | 2.27MB /  151MB            [A[A

  ...1037_ass_4_best_model.pth:   2%|▏         | 2.83MB /  151MB            [A[AProcessing Files (0 / 1)      :   2%|▏         | 2.83MB /  151MB,  314kB/s  
New Data Upload               :   2%|▏         | 2.77MB /  134MB,  308kB/s  [A

  ...1037_ass_4_best_model.pth:   2%|▏         | 2.83MB /  151MB            [A[A

  ...1037_ass_4_best_model.pth:   2%|▏         | 3.38MB /  151MB            [A[AProcessing Files (0 / 1)      :   2%|▏         | 3.38MB /  151MB,  360kB/s  
New Data Upload               :   2%|▏         | 3.33MB /  134MB,  354kB/s  [A

  ...1037_ass_4_best_model.pth:   2%|▏         | 3.38MB /  151MB            [A[A

  ...1037_ass_4_best_model.pth:   2%|▏         | 3.38MB /  151MB            [A[A

  ...1037_ass_4_best_model.pth:   3%|▎         | 3.94MB /  151MB            [A[AProcessing Files (0 / 1)      :   3%|▎         | 3.94MB /  151MB,  394kB/s  
New Data Upload               :   3%|▎         | 3.88MB /  134MB,  388kB/s  [A

  ...1037_ass_4_best_model.pth:   3%|▎         | 3.94MB /  151MB            [A[A

  ...1037_ass_4_best_model.pth:   3%|▎         | 5.05MB /  151MB            [A[AProcessing Files (0 / 1)      :   3%|▎         | 5.05MB /  151MB,  495kB/s  
New Data Upload               :   4%|▎         | 4.99MB /  134MB,  489kB/s  [A

  ...1037_ass_4_best_model.pth:   3%|▎         | 5.05MB /  151MB            [A[A

  ...1037_ass_4_best_model.pth:   3%|▎         | 5.05MB /  151MB            [A[A

  ...1037_ass_4_best_model.pth:   4%|▍         | 6.16MB /  151MB            [A[AProcessing Files (0 / 1)      :   4%|▍         | 6.16MB /  151MB,  604kB/s  
New Data Upload               :   5%|▍         | 6.10MB /  134MB,  598kB/s  [A

  ...1037_ass_4_best_model.pth:   4%|▍         | 6.16MB /  151MB            [A[A

  ...1037_ass_4_best_model.pth:   4%|▍         | 6.16MB /  151MB            [A[A

  ...1037_ass_4_best_model.pth:   5%|▍         | 7.27MB /  151MB            [A[AProcessing Files (0 / 1)      :   5%|▍         | 7.27MB /  151MB,  712kB/s  
New Data Upload               :   5%|▌         | 7.21MB /  134MB,  707kB/s  [A

  ...1037_ass_4_best_model.pth:   5%|▍         | 7.27MB /  151MB            [A[A

  ...1037_ass_4_best_model.pth:   6%|▌         | 8.37MB /  151MB            [A[AProcessing Files (0 / 1)      :   6%|▌         | 8.37MB /  151MB,  821kB/s  
New Data Upload               :   6%|▌         | 8.32MB /  134MB,  816kB/s  [A

  ...1037_ass_4_best_model.pth:   6%|▌         | 8.37MB /  151MB            [A[A

  ...1037_ass_4_best_model.pth:   6%|▌         | 8.37MB /  151MB            [A[A

  ...1037_ass_4_best_model.pth:   6%|▋         | 9.48MB /  151MB            [A[AProcessing Files (0 / 1)      :   6%|▋         | 9.48MB /  151MB,  930kB/s  
New Data Upload               :   7%|▋         | 9.43MB /  134MB,  924kB/s  [A

  ...1037_ass_4_best_model.pth:   6%|▋         | 9.48MB /  151MB            [A[A

  ...1037_ass_4_best_model.pth:   7%|▋         | 10.6MB /  151MB            [A[AProcessing Files (0 / 1)      :   7%|▋         | 10.6MB /  151MB, 1.04MB/s  
New Data Upload               :   8%|▊         | 10.5MB /  134MB, 1.03MB/s  [A

  ...1037_ass_4_best_model.pth:   7%|▋         | 10.6MB /  151MB            [A[A

  ...1037_ass_4_best_model.pth:   7%|▋         | 10.6MB /  151MB            [A[A

  ...1037_ass_4_best_model.pth:   8%|▊         | 12.3MB /  151MB            [A[AProcessing Files (0 / 1)      :   8%|▊         | 12.3MB /  151MB, 1.20MB/s  
New Data Upload               :   9%|▉         | 12.2MB /  134MB, 1.20MB/s  [A

  ...1037_ass_4_best_model.pth:   8%|▊         | 12.3MB /  151MB            [A[A

  ...1037_ass_4_best_model.pth:   8%|▊         | 12.3MB /  151MB            [A[A

  ...1037_ass_4_best_model.pth:   9%|▉         | 13.9MB /  151MB            [A[AProcessing Files (0 / 1)      :   9%|▉         | 13.9MB /  151MB, 1.36MB/s  
New Data Upload               :  10%|█         | 13.9MB /  134MB, 1.36MB/s  [A

  ...1037_ass_4_best_model.pth:   9%|▉         | 13.9MB /  151MB            [A[A

  ...1037_ass_4_best_model.pth:  10%|█         | 15.6MB /  151MB            [A[AProcessing Files (0 / 1)      :  10%|█         | 15.6MB /  151MB, 1.53MB/s  
New Data Upload               :  12%|█▏        | 15.5MB /  134MB, 1.52MB/s  [A

  ...1037_ass_4_best_model.pth:  10%|█         | 15.6MB /  151MB            [A[A

  ...1037_ass_4_best_model.pth:  10%|█         | 15.6MB /  151MB            [A[A

  ...1037_ass_4_best_model.pth:  11%|█▏        | 17.2MB /  151MB            [A[AProcessing Files (0 / 1)      :  11%|█▏        | 17.2MB /  151MB, 1.69MB/s  
New Data Upload               :  13%|█▎        | 17.2MB /  134MB, 1.69MB/s  [A

  ...1037_ass_4_best_model.pth:  11%|█▏        | 17.2MB /  151MB            [A[A

  ...1037_ass_4_best_model.pth:  12%|█▏        | 18.9MB /  151MB            [A[AProcessing Files (0 / 1)      :  12%|█▏        | 18.9MB /  151MB, 1.85MB/s  
New Data Upload               :  14%|█▍        | 18.9MB /  134MB, 1.85MB/s  [A

  ...1037_ass_4_best_model.pth:  12%|█▏        | 18.9MB /  151MB            [A[A

  ...1037_ass_4_best_model.pth:  12%|█▏        | 18.9MB /  151MB            [A[A

  ...1037_ass_4_best_model.pth:  14%|█▎        | 20.6MB /  151MB            [A[AProcessing Files (0 / 1)      :  14%|█▎        | 20.6MB /  151MB, 2.01MB/s  
New Data Upload               :  15%|█▌        | 20.5MB /  134MB, 2.01MB/s  [A

  ...1037_ass_4_best_model.pth:  15%|█▍        | 22.2MB /  151MB            [A[AProcessing Files (0 / 1)      :  15%|█▍        | 22.2MB /  151MB, 2.18MB/s  
New Data Upload               :  17%|█▋        | 22.2MB /  134MB, 2.18MB/s  [A

  ...1037_ass_4_best_model.pth:  15%|█▍        | 22.2MB /  151MB            [A[A

  ...1037_ass_4_best_model.pth:  15%|█▍        | 22.2MB /  151MB            [A[A

  ...1037_ass_4_best_model.pth:  16%|█▌        | 23.9MB /  151MB            [A[AProcessing Files (0 / 1)      :  16%|█▌        | 23.9MB /  151MB, 2.34MB/s  
New Data Upload               :  18%|█▊        | 23.8MB /  134MB, 2.34MB/s  [A

  ...1037_ass_4_best_model.pth:  17%|█▋        | 25.6MB /  151MB            [A[AProcessing Files (0 / 1)      :  17%|█▋        | 25.6MB /  151MB, 2.50MB/s  
New Data Upload               :  19%|█▉        | 25.5MB /  134MB, 2.50MB/s  [A

  ...1037_ass_4_best_model.pth:  17%|█▋        | 25.6MB /  151MB            [A[A

  ...1037_ass_4_best_model.pth:  17%|█▋        | 25.6MB /  151MB            [A[A

  ...1037_ass_4_best_model.pth:  18%|█▊        | 27.2MB /  151MB            [A[AProcessing Files (0 / 1)      :  18%|█▊        | 27.2MB /  151MB, 2.56MB/s  
New Data Upload               :  20%|██        | 27.2MB /  134MB, 2.56MB/s  [A

  ...1037_ass_4_best_model.pth:  19%|█▉        | 28.9MB /  151MB            [A[AProcessing Files (0 / 1)      :  19%|█▉        | 28.9MB /  151MB, 2.66MB/s  
New Data Upload               :  22%|██▏       | 28.8MB /  134MB, 2.66MB/s  [A

  ...1037_ass_4_best_model.pth:  20%|██        | 30.6MB /  151MB            [A[AProcessing Files (0 / 1)      :  20%|██        | 30.6MB /  151MB, 2.83MB/s  
New Data Upload               :  23%|██▎       | 30.5MB /  134MB, 2.83MB/s  [A

  ...1037_ass_4_best_model.pth:  20%|██        | 30.6MB /  151MB            [A[A

  ...1037_ass_4_best_model.pth:  22%|██▏       | 32.8MB /  151MB            [A[AProcessing Files (0 / 1)      :  22%|██▏       | 32.8MB /  151MB, 2.99MB/s  
New Data Upload               :  24%|██▍       | 32.7MB /  134MB, 2.99MB/s  [A

  ...1037_ass_4_best_model.pth:  23%|██▎       | 34.4MB /  151MB            [A[AProcessing Files (0 / 1)      :  23%|██▎       | 34.4MB /  151MB, 3.15MB/s  
New Data Upload               :  26%|██▌       | 34.4MB /  134MB, 3.15MB/s  [A

  ...1037_ass_4_best_model.pth:  24%|██▍       | 36.1MB /  151MB            [A[AProcessing Files (0 / 1)      :  24%|██▍       | 36.1MB /  151MB, 3.32MB/s  
New Data Upload               :  27%|██▋       | 36.1MB /  134MB, 3.32MB/s  [A

  ...1037_ass_4_best_model.pth:  25%|██▍       | 37.8MB /  151MB            [A[AProcessing Files (0 / 1)      :  25%|██▍       | 37.8MB /  151MB, 3.43MB/s  
New Data Upload               :  28%|██▊       | 37.7MB /  134MB, 3.43MB/s  [A

  ...1037_ass_4_best_model.pth:  25%|██▍       | 37.8MB /  151MB            [A[A

  ...1037_ass_4_best_model.pth:  26%|██▌       | 39.4MB /  151MB            [A[AProcessing Files (0 / 1)      :  26%|██▌       | 39.4MB /  151MB, 3.53MB/s  
New Data Upload               :  29%|██▉       | 39.4MB /  134MB, 3.53MB/s  [A

  ...1037_ass_4_best_model.pth:  27%|██▋       | 41.1MB /  151MB            [A[AProcessing Files (0 / 1)      :  27%|██▋       | 41.1MB /  151MB, 3.70MB/s  
New Data Upload               :  31%|███       | 41.0MB /  134MB, 3.70MB/s  [A

  ...1037_ass_4_best_model.pth:  28%|██▊       | 42.8MB /  151MB            [A[AProcessing Files (0 / 1)      :  28%|██▊       | 42.8MB /  151MB, 3.86MB/s  
New Data Upload               :  32%|███▏      | 42.7MB /  134MB, 3.86MB/s  [A

  ...1037_ass_4_best_model.pth:  28%|██▊       | 42.8MB /  151MB            [A[A

  ...1037_ass_4_best_model.pth:  30%|███       | 46.1MB /  151MB            [A[AProcessing Files (0 / 1)      :  30%|███       | 46.1MB /  151MB, 4.13MB/s  
New Data Upload               :  34%|███▍      | 46.0MB /  134MB, 4.13MB/s  [A

  ...1037_ass_4_best_model.pth:  32%|███▏      | 47.8MB /  151MB            [A[AProcessing Files (0 / 1)      :  32%|███▏      | 47.8MB /  151MB, 4.19MB/s  
New Data Upload               :  36%|███▌      | 47.7MB /  134MB, 4.19MB/s  [A

  ...1037_ass_4_best_model.pth:  33%|███▎      | 49.4MB /  151MB            [A[AProcessing Files (0 / 1)      :  33%|███▎      | 49.4MB /  151MB, 4.35MB/s  
New Data Upload               :  37%|███▋      | 49.4MB /  134MB, 4.35MB/s  [A

  ...1037_ass_4_best_model.pth:  35%|███▍      | 52.7MB /  151MB            [A[AProcessing Files (0 / 1)      :  35%|███▍      | 52.7MB /  151MB, 4.68MB/s  
New Data Upload               :  39%|███▉      | 52.7MB /  134MB, 4.68MB/s  [A

  ...1037_ass_4_best_model.pth:  35%|███▍      | 52.7MB /  151MB            [A[A

  ...1037_ass_4_best_model.pth:  37%|███▋      | 56.1MB /  151MB            [A[AProcessing Files (0 / 1)      :  37%|███▋      | 56.1MB /  151MB, 4.89MB/s  
New Data Upload               :  42%|████▏     | 56.0MB /  134MB, 4.89MB/s  [A

  ...1037_ass_4_best_model.pth:  38%|███▊      | 57.7MB /  151MB            [A[AProcessing Files (0 / 1)      :  38%|███▊      | 57.7MB /  151MB, 5.06MB/s  
New Data Upload               :  43%|████▎     | 57.7MB /  134MB, 5.06MB/s  [A

  ...1037_ass_4_best_model.pth:  41%|████      | 61.6MB /  151MB            [A[AProcessing Files (0 / 1)      :  41%|████      | 61.6MB /  151MB, 5.33MB/s  
New Data Upload               :  46%|████▌     | 61.6MB /  134MB, 5.33MB/s  [A

  ...1037_ass_4_best_model.pth:  41%|████      | 61.6MB /  151MB            [A[A

  ...1037_ass_4_best_model.pth:  43%|████▎     | 64.9MB /  151MB            [A[AProcessing Files (0 / 1)      :  43%|████▎     | 64.9MB /  151MB, 5.55MB/s  
New Data Upload               :  48%|████▊     | 64.9MB /  134MB, 5.55MB/s  [A

  ...1037_ass_4_best_model.pth:  44%|████▍     | 66.6MB /  151MB            [A[AProcessing Files (0 / 1)      :  44%|████▍     | 66.6MB /  151MB, 5.71MB/s  
New Data Upload               :  50%|████▉     | 66.6MB /  134MB, 5.71MB/s  [A

  ...1037_ass_4_best_model.pth:  44%|████▍     | 66.6MB /  151MB            [A[A

  ...1037_ass_4_best_model.pth:  44%|████▍     | 66.6MB /  151MB            [A[A

  ...1037_ass_4_best_model.pth:  44%|████▍     | 66.6MB /  151MB            [A[A

  ...1037_ass_4_best_model.pth:  44%|████▍     | 66.6MB /  151MB            [A[A

  ...1037_ass_4_best_model.pth:  44%|████▍     | 67.1MB /  151MB            [A[AProcessing Files (0 / 1)      :  44%|████▍     | 67.1MB /  151MB, 5.54MB/s  
New Data Upload               :  44%|████▍     | 67.0MB /  151MB, 5.54MB/s  [A

  ...1037_ass_4_best_model.pth:  47%|████▋     | 71.0MB /  151MB            [A[AProcessing Files (0 / 1)      :  47%|████▋     | 71.0MB /  151MB, 5.92MB/s  
New Data Upload               :  47%|████▋     | 70.9MB /  151MB, 5.92MB/s  [A

  ...1037_ass_4_best_model.pth:  47%|████▋     | 71.0MB /  151MB            [A[A

  ...1037_ass_4_best_model.pth:  48%|████▊     | 73.2MB /  151MB            [A[AProcessing Files (0 / 1)      :  48%|████▊     | 73.2MB /  151MB, 5.97MB/s  
New Data Upload               :  48%|████▊     | 73.1MB /  151MB, 5.97MB/s  [A

  ...1037_ass_4_best_model.pth:  48%|████▊     | 73.2MB /  151MB            [A[A

  ...1037_ass_4_best_model.pth:  51%|█████     | 77.1MB /  151MB            [A[AProcessing Files (0 / 1)      :  51%|█████     | 77.1MB /  151MB, 6.19MB/s  
New Data Upload               :  51%|█████     | 77.0MB /  151MB, 6.19MB/s  [A

  ...1037_ass_4_best_model.pth:  52%|█████▏    | 79.3MB /  151MB            [A[AProcessing Files (0 / 1)      :  52%|█████▏    | 79.3MB /  151MB, 6.41MB/s  
New Data Upload               :  52%|█████▏    | 79.2MB /  151MB, 6.41MB/s  [A

  ...1037_ass_4_best_model.pth:  55%|█████▍    | 82.6MB /  151MB            [A[AProcessing Files (0 / 1)      :  55%|█████▍    | 82.6MB /  151MB, 6.57MB/s  
New Data Upload               :  55%|█████▍    | 82.6MB /  151MB, 6.57MB/s  [A

  ...1037_ass_4_best_model.pth:  55%|█████▌    | 83.7MB /  151MB            [A[AProcessing Files (0 / 1)      :  55%|█████▌    | 83.7MB /  151MB, 6.68MB/s  
New Data Upload               :  55%|█████▌    | 83.7MB /  151MB, 6.68MB/s  [A

  ...1037_ass_4_best_model.pth:  57%|█████▋    | 86.0MB /  151MB            [A[AProcessing Files (0 / 1)      :  57%|█████▋    | 86.0MB /  151MB, 6.90MB/s  
New Data Upload               :  57%|█████▋    | 85.9MB /  151MB, 6.90MB/s  [A

  ...1037_ass_4_best_model.pth:  57%|█████▋    | 86.0MB /  151MB            [A[A

  ...1037_ass_4_best_model.pth:  57%|█████▋    | 86.7MB /  151MB            [A[AProcessing Files (0 / 1)      :  57%|█████▋    | 86.7MB /  151MB, 6.81MB/s  
New Data Upload               :  57%|█████▋    | 86.6MB /  151MB, 6.81MB/s  [A

  ...1037_ass_4_best_model.pth:  57%|█████▋    | 86.7MB /  151MB            [A[A

  ...1037_ass_4_best_model.pth:  58%|█████▊    | 87.2MB /  151MB            [A[AProcessing Files (0 / 1)      :  58%|█████▊    | 87.2MB /  151MB, 6.70MB/s  
New Data Upload               :  58%|█████▊    | 87.2MB /  151MB, 6.70MB/s  [A

  ...1037_ass_4_best_model.pth:  58%|█████▊    | 87.2MB /  151MB            [A[A

  ...1037_ass_4_best_model.pth:  58%|█████▊    | 87.2MB /  151MB            [A[A

  ...1037_ass_4_best_model.pth:  58%|█████▊    | 88.3MB /  151MB            [A[AProcessing Files (0 / 1)      :  58%|█████▊    | 88.3MB /  151MB, 6.48MB/s  
New Data Upload               :  58%|█████▊    | 88.3MB /  151MB, 6.48MB/s  [A

  ...1037_ass_4_best_model.pth:  58%|█████▊    | 88.3MB /  151MB            [A[A

  ...1037_ass_4_best_model.pth:  59%|█████▊    | 88.9MB /  151MB            [A[AProcessing Files (0 / 1)      :  59%|█████▊    | 88.9MB /  151MB, 6.53MB/s  
New Data Upload               :  59%|█████▊    | 88.8MB /  151MB, 6.53MB/s  [A

  ...1037_ass_4_best_model.pth:  59%|█████▊    | 88.9MB /  151MB            [A[A

  ...1037_ass_4_best_model.pth:  59%|█████▊    | 88.9MB /  151MB            [A[A

  ...1037_ass_4_best_model.pth:  59%|█████▉    | 90.0MB /  151MB            [A[AProcessing Files (0 / 1)      :  59%|█████▉    | 90.0MB /  151MB, 6.31MB/s  
New Data Upload               :  59%|█████▉    | 89.9MB /  151MB, 6.31MB/s  [A

  ...1037_ass_4_best_model.pth:  59%|█████▉    | 90.0MB /  151MB            [A[A

  ...1037_ass_4_best_model.pth:  60%|██████    | 91.1MB /  151MB            [A[AProcessing Files (0 / 1)      :  60%|██████    | 91.1MB /  151MB, 6.26MB/s  
New Data Upload               :  60%|██████    | 91.0MB /  151MB, 6.26MB/s  [A

  ...1037_ass_4_best_model.pth:  60%|██████    | 91.1MB /  151MB            [A[A

  ...1037_ass_4_best_model.pth:  60%|██████    | 91.1MB /  151MB            [A[A

  ...1037_ass_4_best_model.pth:  61%|██████    | 92.2MB /  151MB            [A[AProcessing Files (0 / 1)      :  61%|██████    | 92.2MB /  151MB, 6.04MB/s  
New Data Upload               :  61%|██████    | 92.1MB /  151MB, 6.04MB/s  [A

  ...1037_ass_4_best_model.pth:  61%|██████    | 92.2MB /  151MB            [A[A

  ...1037_ass_4_best_model.pth:  62%|██████▏   | 93.3MB /  151MB            [A[AProcessing Files (0 / 1)      :  62%|██████▏   | 93.3MB /  151MB, 5.77MB/s  
New Data Upload               :  62%|██████▏   | 93.2MB /  151MB, 5.77MB/s  [A

  ...1037_ass_4_best_model.pth:  62%|██████▏   | 93.3MB /  151MB            [A[A

  ...1037_ass_4_best_model.pth:  62%|██████▏   | 93.3MB /  151MB            [A[A

  ...1037_ass_4_best_model.pth:  62%|██████▏   | 94.4MB /  151MB            [A[AProcessing Files (0 / 1)      :  62%|██████▏   | 94.4MB /  151MB, 5.55MB/s  
New Data Upload               :  62%|██████▏   | 94.3MB /  151MB, 5.55MB/s  [A

  ...1037_ass_4_best_model.pth:  62%|██████▏   | 94.4MB /  151MB            [A[A

  ...1037_ass_4_best_model.pth:  63%|██████▎   | 96.1MB /  151MB            [A[AProcessing Files (0 / 1)      :  63%|██████▎   | 96.1MB /  151MB, 5.39MB/s  
New Data Upload               :  63%|██████▎   | 96.0MB /  151MB, 5.39MB/s  [A

  ...1037_ass_4_best_model.pth:  63%|██████▎   | 96.1MB /  151MB            [A[A

  ...1037_ass_4_best_model.pth:  63%|██████▎   | 96.1MB /  151MB            [A[A

  ...1037_ass_4_best_model.pth:  65%|██████▍   | 97.7MB /  151MB            [A[AProcessing Files (0 / 1)      :  65%|██████▍   | 97.7MB /  151MB, 5.06MB/s  
New Data Upload               :  64%|██████▍   | 97.7MB /  151MB, 5.06MB/s  [A

  ...1037_ass_4_best_model.pth:  65%|██████▍   | 97.7MB /  151MB            [A[A

  ...1037_ass_4_best_model.pth:  66%|██████▌   | 99.4MB /  151MB            [A[AProcessing Files (0 / 1)      :  66%|██████▌   | 99.4MB /  151MB, 4.90MB/s  
New Data Upload               :  66%|██████▌   | 99.3MB /  151MB, 4.90MB/s  [A

  ...1037_ass_4_best_model.pth:  66%|██████▌   | 99.4MB /  151MB            [A[A

  ...1037_ass_4_best_model.pth:  66%|██████▌   | 99.4MB /  151MB            [A[A

  ...1037_ass_4_best_model.pth:  67%|██████▋   |  101MB /  151MB            [A[AProcessing Files (0 / 1)      :  67%|██████▋   |  101MB /  151MB, 4.41MB/s  
New Data Upload               :  67%|██████▋   |  101MB /  151MB, 4.41MB/s  [A

  ...1037_ass_4_best_model.pth:  67%|██████▋   |  101MB /  151MB            [A[A

  ...1037_ass_4_best_model.pth:  68%|██████▊   |  103MB /  151MB            [A[AProcessing Files (0 / 1)      :  68%|██████▊   |  103MB /  151MB, 4.03MB/s  
New Data Upload               :  68%|██████▊   |  103MB /  151MB, 4.03MB/s  [A

  ...1037_ass_4_best_model.pth:  68%|██████▊   |  103MB /  151MB            [A[A

  ...1037_ass_4_best_model.pth:  68%|██████▊   |  103MB /  151MB            [A[A

  ...1037_ass_4_best_model.pth:  69%|██████▊   |  104MB /  151MB            [A[AProcessing Files (0 / 1)      :  69%|██████▊   |  104MB /  151MB, 3.65MB/s  
New Data Upload               :  69%|██████▊   |  104MB /  151MB, 3.65MB/s  [A

  ...1037_ass_4_best_model.pth:  69%|██████▊   |  104MB /  151MB            [A[A

  ...1037_ass_4_best_model.pth:  70%|██████▉   |  106MB /  151MB            [A[AProcessing Files (0 / 1)      :  70%|██████▉   |  106MB /  151MB, 3.86MB/s  
New Data Upload               :  70%|██████▉   |  106MB /  151MB, 3.86MB/s  [A

  ...1037_ass_4_best_model.pth:  71%|███████   |  108MB /  151MB            [A[AProcessing Files (0 / 1)      :  71%|███████   |  108MB /  151MB, 4.03MB/s  
New Data Upload               :  71%|███████   |  108MB /  151MB, 4.03MB/s  [A

  ...1037_ass_4_best_model.pth:  71%|███████   |  108MB /  151MB            [A[A

  ...1037_ass_4_best_model.pth:  71%|███████   |  108MB /  151MB            [A[A

  ...1037_ass_4_best_model.pth:  72%|███████▏  |  109MB /  151MB            [A[AProcessing Files (0 / 1)      :  72%|███████▏  |  109MB /  151MB, 3.76MB/s  
New Data Upload               :  72%|███████▏  |  109MB /  151MB, 3.76MB/s  [A

  ...1037_ass_4_best_model.pth:  73%|███████▎  |  111MB /  151MB            [A[AProcessing Files (0 / 1)      :  73%|███████▎  |  111MB /  151MB, 3.93MB/s  
New Data Upload               :  73%|███████▎  |  111MB /  151MB, 3.93MB/s  [A

  ...1037_ass_4_best_model.pth:  74%|███████▍  |  113MB /  151MB            [A[AProcessing Files (0 / 1)      :  74%|███████▍  |  113MB /  151MB, 3.87MB/s  
New Data Upload               :  74%|███████▍  |  113MB /  151MB, 3.87MB/s  [A

  ...1037_ass_4_best_model.pth:  74%|███████▍  |  113MB /  151MB            [A[A

  ...1037_ass_4_best_model.pth:  74%|███████▍  |  113MB /  151MB            [A[A

  ...1037_ass_4_best_model.pth:  75%|███████▌  |  114MB /  151MB            [A[AProcessing Files (0 / 1)      :  75%|███████▌  |  114MB /  151MB, 3.43MB/s  
New Data Upload               :  75%|███████▌  |  114MB /  151MB, 3.43MB/s  [A

  ...1037_ass_4_best_model.pth:  77%|███████▋  |  116MB /  151MB            [A[AProcessing Files (0 / 1)      :  77%|███████▋  |  116MB /  151MB, 3.27MB/s  
New Data Upload               :  77%|███████▋  |  116MB /  151MB, 3.27MB/s  [A

  ...1037_ass_4_best_model.pth:  78%|███████▊  |  118MB /  151MB            [A[AProcessing Files (0 / 1)      :  78%|███████▊  |  118MB /  151MB, 3.32MB/s  
New Data Upload               :  78%|███████▊  |  118MB /  151MB, 3.32MB/s  [A

  ...1037_ass_4_best_model.pth:  78%|███████▊  |  118MB /  151MB            [A[A

  ...1037_ass_4_best_model.pth:  79%|███████▉  |  119MB /  151MB            [A[AProcessing Files (0 / 1)      :  79%|███████▉  |  119MB /  151MB, 3.27MB/s  
New Data Upload               :  79%|███████▊  |  119MB /  151MB, 3.27MB/s  [A

  ...1037_ass_4_best_model.pth:  80%|████████  |  122MB /  151MB            [A[AProcessing Files (0 / 1)      :  80%|████████  |  122MB /  151MB, 3.42MB/s  
New Data Upload               :  80%|████████  |  121MB /  151MB, 3.42MB/s  [A

  ...1037_ass_4_best_model.pth:  81%|████████▏ |  123MB /  151MB            [A[AProcessing Files (0 / 1)      :  81%|████████▏ |  123MB /  151MB, 3.58MB/s  
New Data Upload               :  81%|████████▏ |  123MB /  151MB, 3.58MB/s  [A

  ...1037_ass_4_best_model.pth:  82%|████████▏ |  124MB /  151MB            [A[AProcessing Files (0 / 1)      :  82%|████████▏ |  124MB /  151MB, 3.63MB/s  
New Data Upload               :  82%|████████▏ |  124MB /  151MB, 3.63MB/s  [A

  ...1037_ass_4_best_model.pth:  82%|████████▏ |  124MB /  151MB            [A[A

  ...1037_ass_4_best_model.pth:  85%|████████▍ |  128MB /  151MB            [A[AProcessing Files (0 / 1)      :  85%|████████▍ |  128MB /  151MB, 4.01MB/s  
New Data Upload               :  85%|████████▍ |  128MB /  151MB, 4.01MB/s  [A

  ...1037_ass_4_best_model.pth:  86%|████████▌ |  130MB /  151MB            [A[AProcessing Files (0 / 1)      :  86%|████████▌ |  130MB /  151MB, 4.07MB/s  
New Data Upload               :  86%|████████▌ |  130MB /  151MB, 4.07MB/s  [A

  ...1037_ass_4_best_model.pth:  87%|████████▋ |  131MB /  151MB            [A[AProcessing Files (0 / 1)      :  87%|████████▋ |  131MB /  151MB, 4.23MB/s  
New Data Upload               :  87%|████████▋ |  131MB /  151MB, 4.23MB/s  [A

  ...1037_ass_4_best_model.pth:  88%|████████▊ |  133MB /  151MB            [A[AProcessing Files (0 / 1)      :  88%|████████▊ |  133MB /  151MB, 4.34MB/s  
New Data Upload               :  88%|████████▊ |  133MB /  151MB, 4.34MB/s  [A

  ...1037_ass_4_best_model.pth:  89%|████████▉ |  135MB /  151MB            [A[AProcessing Files (0 / 1)      :  89%|████████▉ |  135MB /  151MB, 4.50MB/s  
New Data Upload               :  89%|████████▉ |  135MB /  151MB, 4.50MB/s  [A

  ...1037_ass_4_best_model.pth:  90%|█████████ |  136MB /  151MB            [A[AProcessing Files (0 / 1)      :  90%|█████████ |  136MB /  151MB, 4.67MB/s  
New Data Upload               :  90%|█████████ |  136MB /  151MB, 4.67MB/s  [A

  ...1037_ass_4_best_model.pth:  92%|█████████▏|  140MB /  151MB            [A[AProcessing Files (0 / 1)      :  92%|█████████▏|  140MB /  151MB, 4.88MB/s  
New Data Upload               :  92%|█████████▏|  140MB /  151MB, 4.88MB/s  [A

  ...1037_ass_4_best_model.pth:  93%|█████████▎|  141MB /  151MB            [A[AProcessing Files (0 / 1)      :  93%|█████████▎|  141MB /  151MB, 5.05MB/s  
New Data Upload               :  93%|█████████▎|  141MB /  151MB, 5.05MB/s  [A

  ...1037_ass_4_best_model.pth:  94%|█████████▍|  143MB /  151MB            [A[AProcessing Files (0 / 1)      :  94%|█████████▍|  143MB /  151MB, 5.10MB/s  
New Data Upload               :  94%|█████████▍|  143MB /  151MB, 5.10MB/s  [A

  ...1037_ass_4_best_model.pth:  96%|█████████▌|  145MB /  151MB            [A[AProcessing Files (0 / 1)      :  96%|█████████▌|  145MB /  151MB, 5.32MB/s  
New Data Upload               :  96%|█████████▌|  145MB /  151MB, 5.32MB/s  [A

  ...1037_ass_4_best_model.pth:  98%|█████████▊|  149MB /  151MB            [A[AProcessing Files (0 / 1)      :  98%|█████████▊|  149MB /  151MB, 5.64MB/s  
New Data Upload               :  98%|█████████▊|  149MB /  151MB, 5.64MB/s  [A

  ...1037_ass_4_best_model.pth: 100%|█████████▉|  151MB /  151MB            [A[AProcessing Files (0 / 1)      : 100%|█████████▉|  151MB /  151MB, 5.81MB/s  
New Data Upload               : 100%|█████████▉|  151MB /  151MB, 5.81MB/s  [A

  ...1037_ass_4_best_model.pth: 100%|█████████▉|  151MB /  151MB            [A[A

  ...1037_ass_4_best_model.pth: 100%|█████████▉|  151MB /  151MB            [A[A

  ...1037_ass_4_best_model.pth: 100%|█████████▉|  151MB /  151MB            [A[A

  ...1037_ass_4_best_model.pth: 100%|█████████▉|  151MB /  151MB            [A[A

  ...1037_ass_4_best_model.pth: 100%|██████████|  151MB /  151MB            [A[AProcessing Files (1 / 1)      : 100%|██████████|  151MB /  151MB, 5.60MB/s  
New Data Upload               : 100%|██████████|  151MB /  151MB, 5.60MB/s  [A

  ...1037_ass_4_best_model.pth: 100%|██████████|  151MB /  151MB            [A[A

  ...1037_ass_4_best_model.pth: 100%|██████████|  151MB /  151MB            [A[A

  ...1037_ass_4_best_model.pth: 100%|██████████|  151MB /  151MB            [A[A

  ...1037_ass_4_best_model.pth: 100%|██████████|  151MB /  151MB            [A[A

  ...1037_ass_4_best_model.pth: 100%|██████████|  151MB /  151MB            [A[A

  ...1037_ass_4_best_model.pth: 100%|██████████|  151MB /  151MB            [A[A

  ...1037_ass_4_best_model.pth: 100%|██████████|  151MB /  151MB            [A[A

  ...1037_ass_4_best_model.pth: 100%|██████████|  151MB /  151MB            [A[A

  ...1037_ass_4_best_model.pth: 100%|██████████|  151MB /  151MB            [A[A

  ...1037_ass_4_best_model.pth: 100%|██████████|  151MB /  151MB            [A[A

  ...1037_ass_4_best_model.pth: 100%|██████████|  151MB /  151MB            [A[A

  ...1037_ass_4_best_model.pth: 100%|██████████|  151MB /  151MB            [A[AProcessing Files (1 / 1)      : 100%|██████████|  151MB /  151MB, 4.88MB/s  
New Data Upload               : 100%|██████████|  151MB /  151MB, 4.88MB/s  
  ...1037_ass_4_best_model.pth: 100%|██████████|  151MB /  151MB            
Successfully pushed to Hugging Face Hub.
Done!
