{
    "train_accuracy": 0.7650204081632653,
    "val_accuracy": 0.7797142857142857,
    "test_accuracy": 0.7722857142857142
}