{
    "train_accuracy": 0.9464285714285714,
    "val_accuracy": 0.9207142857142857,
    "test_accuracy": 0.918
}