{
    "train_accuracy": 0.8692857142857143,
    "val_accuracy": 0.8092857142857143,
    "test_accuracy": 0.8015
}