{
    "train_accuracy": 0.7649795918367347,
    "val_accuracy": 0.7798571428571428,
    "test_accuracy": 0.7723571428571429
}