{
    "train_accuracy": 0.9668367346938775,
    "val_accuracy": 0.9598571428571429,
    "test_accuracy": 0.9600714285714286
}