{
    "train_accuracy": 0.8605510204081632,
    "val_accuracy": 0.8771428571428571,
    "test_accuracy": 0.8701428571428571
}