{
    "train_accuracy": 0.7259591836734693,
    "val_accuracy": 0.7197142857142858,
    "test_accuracy": 0.718
}