{
    "train_accuracy": 0.7508775510204082,
    "val_accuracy": 0.7515714285714286,
    "test_accuracy": 0.7515714285714286
}