{
    "train_accuracy": 0.5986938775510204,
    "val_accuracy": 0.4694285714285714,
    "test_accuracy": 0.4597857142857143
}