{
    "train_accuracy": 0.8634897959183674,
    "val_accuracy": 0.8797142857142857,
    "test_accuracy": 0.8737142857142857
}