{
    "train_accuracy": 0.8252244897959183,
    "val_accuracy": 0.9144285714285715,
    "test_accuracy": 0.9115
}