{"epoch":1,"val_loss":0.24402700131759048,"_runtime":16.84201978,"_step":0,"train_loss":0.4899149644099603,"_wandb":{"runtime":17},"train_acc":84.92,"val_acc":92,"_timestamp":1.7716701916038797e+09}