{
    "train_accuracy": 0.9671836734693877,
    "val_accuracy": 0.9597142857142857,
    "test_accuracy": 0.9561428571428572
}