{
    "train_accuracy": 0.9661428571428572,
    "val_accuracy": 0.9591428571428572,
    "test_accuracy": 0.9599285714285715
}