{
    "train_accuracy": 0.8715714285714286,
    "val_accuracy": 0.8292857142857143,
    "test_accuracy": 0.8243571428571429
}