{
    "train_accuracy": 0.7508571428571429,
    "val_accuracy": 0.7515714285714286,
    "test_accuracy": 0.7515714285714286
}